{
    "F/I": 0.00029313733311494964,
    "F/L": 0.0024283742197323513,
    "F/V": 0.00034900426880824946,
    "F/Y": 0.0002190121216235331,
    "F/S": 0.000847236264504819,
    "F/C": 0.000369637685232692,
    "L/I": 0.0009402135981812625,
    "L/V": 0.0027662922296668134,
    "L/S": 0.000736636444762944,
    "L/F": 0.0037321122228525677,
    "L/M": 0.0014072852632962941,
    "L/W": 0.00023532718516032706,
    "L/H": 0.000461100017620006,
    "L/P": 0.006622789505573935,
    "L/R": 0.0014867490863458858,
    "L/Q": 0.0008973959781519523,
    "I/L": 0.00035758921107803586,
    "I/V": 0.0018702700722329994,
    "I/F": 0.00037204559278701055,
    "I/N": 0.0004046967845550956,
    "I/T": 0.0013502603553051168,
    "I/S": 0.00022174121131646646,
    "I/M": 0.0005879471775118895,
    "I/K": 3.70022687353921e-05,
    "I/R": 3.4021859186190725e-05,
    "M/L": 0.0006139919818776583,
    "M/V": 0.0015289139308705762,
    "M/K": 0.00035711411400955316,
    "M/T": 0.002016819552919537,
    "M/R": 0.0003218357869307911,
    "M/I": 0.0017600815015928238,
    "V/I": 0.009226907960198226,
    "V/L": 0.0036889147415035783,
    "V/F": 0.0009481515930992172,
    "V/D": 0.00041235352371130036,
    "V/A": 0.0038491837509766315,
    "V/G": 0.0010652340927755721,
    "V/E": 0.0005388339216455373,
    "V/M": 0.012642747390842708,
    "S/T": 0.0038506945177639337,
    "S/P": 0.005808355666489708,
    "S/A": 0.0017305388887152945,
    "S/Y": 0.0019643986629323206,
    "S/C": 0.0032108917063024575,
    "S/F": 0.006420700098273982,
    "S/L": 0.0186457307235684,
    "S/W": 0.0014840771908356224,
    "S/R": 0.006254397478545005,
    "S/G": 0.0048430942344959834,
    "S/N": 0.007251108472338663,
    "S/I": 0.0016296859405806315,
    "P/T": 0.009173988550040856,
    "P/A": 0.00669985468948182,
    "P/S": 0.025803358058385316,
    "P/H": 0.004416805633226656,
    "P/R": 0.007887337799738726,
    "P/L": 0.07392988539689192,
    "P/Q": 0.00473706304987202,
    "T/P": 0.0016643995568174253,
    "T/A": 0.005946929699637791,
    "T/S": 0.0028262196496798182,
    "T/N": 0.0023015996154085914,
    "T/I": 0.0076741797077294425,
    "T/K": 0.0018338879728534013,
    "T/R": 0.0017252636069957615,
    "T/M": 0.021796387242158554,
    "A/T": 0.05161546785562512,
    "A/P": 0.005418402650365133,
    "A/S": 0.007943573402365817,
    "A/D": 0.0036577813201698673,
    "A/G": 0.005691671102384331,
    "A/V": 0.04956056856665127,
    "A/E": 0.004445742590415799,
    "Y/N": 0.00016543566021929887,
    "Y/H": 0.0008549427940011611,
    "Y/D": 0.00016078575274017094,
    "Y/S": 0.00018954179408836228,
    "Y/C": 0.0010635540527334474,
    "Y/F": 0.00017844837843972777,
    "H/N": 0.0011317919230257544,
    "H/D": 0.0008215475658577504,
    "H/Y": 0.0032454112232981744,
    "H/P": 0.0009257287701370103,
    "H/R": 0.003971656919047618,
    "H/L": 0.0007795729880221721,
    "H/Q": 0.003209990257547446,
    "Q/K": 0.0023318492200620302,
    "Q/E": 0.0016841560308225676,
    "Q/P": 0.001484996407669781,
    "Q/R": 0.006213130678546518,
    "Q/L": 0.001120298980458148,
    "Q/H": 0.003896310528827976,
    "N/H": 0.000502386801214441,
    "N/D": 0.0012398694498191934,
    "N/Y": 0.0002941763388922287,
    "N/T": 0.0005045693171256106,
    "N/S": 0.0019473626277537797,
    "N/I": 0.0004693177511884061,
    "N/K": 0.001962532811163933,
    "K/Q": 0.0009520118079113786,
    "K/E": 0.002357148787554202,
    "K/T": 0.0008046266111149278,
    "K/R": 0.0024569317306352037,
    "K/I": 0.00014947552203210267,
    "K/N": 0.0022274219336382937,
    "K/M": 0.0004784525983280057,
    "D/N": 0.013472971094201251,
    "D/H": 0.0021036255529112936,
    "D/Y": 0.0017557512931226202,
    "D/A": 0.001045979774410249,
    "D/G": 0.003903079456448625,
    "D/V": 0.00136691337253931,
    "D/E": 0.004708766848652992,
    "E/K": 0.02301928711702346,
    "E/Q": 0.0034101620684918316,
    "E/A": 0.0013614048529479274,
    "E/G": 0.004018788657891779,
    "E/V": 0.0011439068602595442,
    "E/D": 0.004215706565858799,
    "C/S": 0.0007662599105883268,
    "C/R": 0.0016210563727343983,
    "C/G": 0.0003599391700304357,
    "C/Y": 0.0018343132276275348,
    "C/F": 0.0006914988310496851,
    "C/W": 0.0005425433715938789,
    "W/R": 0.001690228079956869,
    "W/G": 0.0003200506913317417,
    "W/S": 0.00029753253538009153,
    "W/L": 0.0004102375153160383,
    "W/C": 0.0010665547148738345,
    "R/S": 0.008197194818522914,
    "R/G": 0.013237670740543474,
    "R/C": 0.06557158635485966,
    "R/H": 0.06975890545698922,
    "R/P": 0.008831754719729159,
    "R/L": 0.011035578534169864,
    "R/Q": 0.08404425962887961,
    "R/W": 0.06471569782068318,
    "R/K": 0.0056013780755091,
    "R/T": 0.0018723879915205593,
    "R/I": 0.0006423661642044478,
    "R/M": 0.0008827994959602048,
    "G/S": 0.032017381152958914,
    "G/R": 0.033938946432782585,
    "G/C": 0.0037023079263284295,
    "G/D": 0.010404704209065361,
    "G/A": 0.005082128190660447,
    "G/V": 0.006753018822778785,
    "G/E": 0.008717548346269983,
    "G/W": 0.0022473900703967923
}