{
    "F/I": 0.0004397929718938156,
    "F/L": 0.0033533505559162073,
    "F/V": 0.0005299555893494524,
    "F/Y": 0.0003239469772077682,
    "F/S": 0.0012284117229171506,
    "F/C": 0.0005457970012695276,
    "L/I": 0.0016353141814802069,
    "L/V": 0.004437174682051346,
    "L/S": 0.0013888167114271591,
    "L/F": 0.006329051984353292,
    "L/M": 0.002076771683580645,
    "L/W": 0.0004293590681229403,
    "L/H": 0.0007474042836105453,
    "L/P": 0.009851766175888697,
    "L/R": 0.0022234143487286236,
    "L/Q": 0.0012842992592982808,
    "I/L": 0.0006800932200182524,
    "I/V": 0.0034569602472033696,
    "I/F": 0.0006356610385834579,
    "I/N": 0.0006781774182290104,
    "I/T": 0.002481842347812886,
    "I/S": 0.00037651795785529805,
    "I/M": 0.0010529770691243348,
    "I/K": 8.960919293152673e-05,
    "I/R": 8.239147079077846e-05,
    "M/L": 0.0010802848359340957,
    "M/V": 0.0027516782275081916,
    "M/K": 0.0006242934249091435,
    "M/T": 0.003525727874430042,
    "M/R": 0.0005626211840957376,
    "M/I": 0.0030712624513231,
    "V/I": 0.013902028408207229,
    "V/L": 0.005621540213472416,
    "V/F": 0.0016450288656504517,
    "V/D": 0.0007576677427952832,
    "V/A": 0.0065170273491538915,
    "V/G": 0.0018094635176530845,
    "V/E": 0.0008568853822522236,
    "V/M": 0.015025712273036968,
    "S/T": 0.0050995009408561194,
    "S/P": 0.008473446924899063,
    "S/A": 0.0025432012567300276,
    "S/Y": 0.0028995005489469406,
    "S/C": 0.004503964407015646,
    "S/F": 0.009268316805298158,
    "S/L": 0.020358810687320233,
    "S/W": 0.0015432686054796987,
    "S/R": 0.00690619133752642,
    "S/G": 0.005904659515396478,
    "S/N": 0.008618586782635678,
    "S/I": 0.001936255338163168,
    "P/T": 0.017795572639067437,
    "P/A": 0.013034637413254174,
    "P/S": 0.05022388665916754,
    "P/H": 0.008262665684966666,
    "P/R": 0.013912982621009422,
    "P/L": 0.11315130020833655,
    "P/Q": 0.007752195424348522,
    "T/P": 0.002702397497811228,
    "T/A": 0.00972512219725725,
    "T/S": 0.004643337172045037,
    "T/N": 0.0037388918294893755,
    "T/I": 0.013013633027837503,
    "T/K": 0.0024910910044232794,
    "T/R": 0.00235864215994051,
    "T/M": 0.025809317039779973,
    "A/T": 0.06082847855121042,
    "A/P": 0.007247573684554687,
    "A/S": 0.010419370268497548,
    "A/D": 0.005355928571775473,
    "A/G": 0.007256242860648116,
    "A/V": 0.053571827537108985,
    "A/E": 0.004785250424005725,
    "Y/N": 0.00026485984996654994,
    "Y/H": 0.0013692252257103935,
    "Y/D": 0.0002551945975096462,
    "Y/S": 0.0002932872645960919,
    "Y/C": 0.0016955724055373574,
    "Y/F": 0.0002808698673123873,
    "H/N": 0.001247963894381731,
    "H/D": 0.000932310091998022,
    "H/Y": 0.0036439233728570238,
    "H/P": 0.0010277871674560222,
    "H/R": 0.004562584208555488,
    "H/L": 0.0008890118085493107,
    "H/Q": 0.0033545595578152346,
    "Q/K": 0.003095120693871491,
    "Q/E": 0.0022907486738754225,
    "Q/P": 0.001999163119109873,
    "Q/R": 0.008257403281835139,
    "Q/L": 0.0014898857596662958,
    "Q/H": 0.005185904490406153,
    "N/H": 0.0006249323316870969,
    "N/D": 0.0015359983731229436,
    "N/Y": 0.00038114835305377913,
    "N/T": 0.0006091126852876468,
    "N/S": 0.0024163208907865405,
    "N/I": 0.0005742610983527594,
    "N/K": 0.0022108221305274195,
    "K/Q": 0.0012892789203483304,
    "K/E": 0.0031696174206763917,
    "K/T": 0.0010982662357179407,
    "K/R": 0.0031760269443577636,
    "K/I": 0.00026336555086903864,
    "K/N": 0.0028826225977494914,
    "K/M": 0.0005717401352671554,
    "D/N": 0.014456399068522325,
    "D/H": 0.0024456811716812373,
    "D/Y": 0.002044319634032247,
    "D/A": 0.0012198869772909395,
    "D/G": 0.004651640061974097,
    "D/V": 0.0016735794244549622,
    "D/E": 0.005057115248592621,
    "E/K": 0.02612279863878041,
    "E/Q": 0.004622651201451129,
    "E/A": 0.0019775335568343816,
    "E/G": 0.005807546667676178,
    "E/V": 0.0016347213821020403,
    "E/D": 0.00596444624186775,
    "C/S": 0.0008727010529147854,
    "C/R": 0.0018762748502265125,
    "C/G": 0.0004174164369816423,
    "C/Y": 0.0020740207607121523,
    "C/F": 0.0007775043830629282,
    "C/W": 0.000607865069671043,
    "W/R": 0.0012896731516718067,
    "W/G": 0.0002425162994923072,
    "W/S": 0.00021868129139733796,
    "W/L": 0.0003015175114020471,
    "W/C": 0.0007832753982498405,
    "R/S": 0.0037457538521727275,
    "R/G": 0.006181302478962147,
    "R/C": 0.026627807317751294,
    "R/H": 0.028474332478107475,
    "R/P": 0.0037195683919776386,
    "R/L": 0.004505682481455477,
    "R/Q": 0.03602397277859121,
    "R/W": 0.027477292400688986,
    "R/K": 0.0030434375350389905,
    "R/T": 0.0010177596026506744,
    "R/I": 0.0003496366927624135,
    "R/M": 0.0004793502110074823,
    "G/S": 0.024595647244171747,
    "G/R": 0.028329738250337706,
    "G/C": 0.0031379195039766836,
    "G/D": 0.009471177091538404,
    "G/A": 0.004928863593179064,
    "G/V": 0.006500726758422872,
    "G/E": 0.00905699784724638,
    "G/W": 0.0020082524732344766
}