{
    "F/I": 0.00044025095749839513,
    "F/L": 0.003357042640193707,
    "F/V": 0.0005310224435854235,
    "F/Y": 0.0003244161313019543,
    "F/S": 0.001230597800104395,
    "F/C": 0.0005466029752496854,
    "L/I": 0.0016373075747642641,
    "L/V": 0.00444424417739324,
    "L/S": 0.0013902331559541984,
    "L/F": 0.0063425288361526125,
    "L/M": 0.0020806414920212808,
    "L/W": 0.00042996724065539786,
    "L/H": 0.00074922640270304,
    "L/P": 0.00986646009922701,
    "L/R": 0.0022271704713689978,
    "L/Q": 0.0012857291982879405,
    "I/L": 0.000678049130189008,
    "I/V": 0.0034474142654047986,
    "I/F": 0.0006337277777972772,
    "I/N": 0.000676201722861985,
    "I/T": 0.0024740185567399516,
    "I/S": 0.0003752727425559434,
    "I/M": 0.001051756032365816,
    "I/K": 8.943337553053441e-05,
    "I/R": 8.222981489605974e-05,
    "M/L": 0.0010790677970902442,
    "M/V": 0.0027476377667694624,
    "M/K": 0.0006234648021977134,
    "M/T": 0.0035210481868432316,
    "M/R": 0.0005618744187567606,
    "M/I": 0.003065984386217101,
    "V/I": 0.013889330569016601,
    "V/L": 0.005619841756735128,
    "V/F": 0.001644406765092976,
    "V/D": 0.0007569406503373039,
    "V/A": 0.006511020856242692,
    "V/G": 0.0018080857224331906,
    "V/E": 0.0008562400837117401,
    "V/M": 0.015071891105527173,
    "S/T": 0.005095216325730059,
    "S/P": 0.008473563382777074,
    "S/A": 0.0025432434208231165,
    "S/Y": 0.0029019243059914537,
    "S/C": 0.004503919323233258,
    "S/F": 0.00927854479016892,
    "S/L": 0.020353011175614402,
    "S/W": 0.0015433134881460957,
    "S/R": 0.006896277557756225,
    "S/G": 0.005893632434927418,
    "S/N": 0.00860307981732693,
    "S/I": 0.0019327692731025464,
    "P/T": 0.017784839262556775,
    "P/A": 0.013030425849578404,
    "P/S": 0.050203392122365555,
    "P/H": 0.00825367889123222,
    "P/R": 0.013912137613906387,
    "P/L": 0.11326180130681825,
    "P/Q": 0.007761723697885625,
    "T/P": 0.0026878501112577854,
    "T/A": 0.00966954780210701,
    "T/S": 0.004614778534011626,
    "T/N": 0.003714717909231186,
    "T/I": 0.012938813956141649,
    "T/K": 0.002483041852641089,
    "T/R": 0.002351053033442096,
    "T/M": 0.02571785998457165,
    "A/T": 0.060819429488463306,
    "A/P": 0.007238410175573999,
    "A/S": 0.010410882400002971,
    "A/D": 0.005346910179213767,
    "A/G": 0.00724497232764494,
    "A/V": 0.05350891583341608,
    "A/E": 0.00477737761575181,
    "Y/N": 0.0002660026995038271,
    "Y/H": 0.0013751333254689222,
    "Y/D": 0.0002562957422385145,
    "Y/S": 0.00029455277620411873,
    "Y/C": 0.0017028886678524383,
    "Y/F": 0.0002820817988223297,
    "H/N": 0.0012498428722294986,
    "H/D": 0.000933792365733941,
    "H/Y": 0.0036496463096062992,
    "H/P": 0.0010290918174027611,
    "H/R": 0.004566013620391942,
    "H/L": 0.0008897777289301332,
    "H/Q": 0.003361388158779933,
    "Q/K": 0.003097407896744122,
    "Q/E": 0.002291871513581835,
    "Q/P": 0.0020000379438807315,
    "Q/R": 0.008264114267615606,
    "Q/L": 0.0014910678521001673,
    "Q/H": 0.0051889228807520844,
    "N/H": 0.0006261783469646565,
    "N/D": 0.0015390571330718688,
    "N/Y": 0.00038161135403160835,
    "N/T": 0.0006099350203380677,
    "N/S": 0.002421146099647845,
    "N/I": 0.0005752202836747752,
    "N/K": 0.0022111523115610995,
    "K/Q": 0.0012780853083689905,
    "K/E": 0.003142195724080596,
    "K/T": 0.0010886489264021655,
    "K/R": 0.0031481393675526345,
    "K/I": 0.00026108461473340217,
    "K/N": 0.002856784018344356,
    "K/M": 0.0005666988365724443,
    "D/N": 0.014488335867570949,
    "D/H": 0.002452773963497445,
    "D/Y": 0.0020503566497630057,
    "D/A": 0.0012239447354620737,
    "D/G": 0.004666110774405799,
    "D/V": 0.001678347561441428,
    "D/E": 0.005075040794325205,
    "E/K": 0.026227612867692155,
    "E/Q": 0.004639670720874712,
    "E/A": 0.0019844552035803605,
    "E/G": 0.005827864583760978,
    "E/V": 0.0016404347940169315,
    "E/D": 0.005985267639720587,
    "C/S": 0.0008764666897020558,
    "C/R": 0.0018843708294572525,
    "C/G": 0.0004192175562600705,
    "C/Y": 0.0020829699980804525,
    "C/F": 0.0007808592536653492,
    "C/W": 0.0006104879599040784,
    "W/R": 0.0012952379904528188,
    "W/G": 0.00024356273835683104,
    "W/S": 0.00021962488406612553,
    "W/L": 0.00030281853588133415,
    "W/C": 0.000786655170331428,
    "R/S": 0.0037349221199907507,
    "R/G": 0.0061624722050870875,
    "R/C": 0.026626789355577146,
    "R/H": 0.028456968283749787,
    "R/P": 0.003720110293413644,
    "R/L": 0.0045055680688636255,
    "R/Q": 0.03602890342255773,
    "R/W": 0.027450905069658447,
    "R/K": 0.0030230086498715817,
    "R/T": 0.0010104316304612047,
    "R/I": 0.00034656519103602604,
    "R/M": 0.00047649497066878336,
    "G/S": 0.024655787733123033,
    "G/R": 0.028389685763333714,
    "G/C": 0.0031449684205861273,
    "G/D": 0.009490000153335223,
    "G/A": 0.004938074271912421,
    "G/V": 0.006513616761009066,
    "G/E": 0.009072425137444095,
    "G/W": 0.0020145120276814075
}