{
    "F/I": 0.000504849681175155,
    "F/L": 0.003669416350076492,
    "F/V": 0.0005903071938146099,
    "F/Y": 0.00037631051271162915,
    "F/S": 0.0013510186149422857,
    "F/C": 0.0006311234210384735,
    "L/I": 0.001394086837078115,
    "L/V": 0.002883810004527021,
    "L/S": 0.0014280805390199285,
    "L/F": 0.005164588970588329,
    "L/M": 0.000946168914728425,
    "L/W": 0.00034345197392551016,
    "L/H": 0.0005944752686140753,
    "L/P": 0.00533259427311916,
    "L/R": 0.001259669113222171,
    "L/Q": 0.0005494997639936387,
    "I/L": 0.001281639346562322,
    "I/V": 0.006281725977570367,
    "I/F": 0.0010434790128308082,
    "I/N": 0.001073105992704181,
    "I/T": 0.0051329061571810325,
    "I/S": 0.0006770621488918118,
    "I/M": 0.002068826164614195,
    "I/K": 0.00022949029960140458,
    "I/R": 0.00021100562004642092,
    "M/L": 0.0014069193296541026,
    "M/V": 0.00369000169856694,
    "M/K": 0.0008544105837971093,
    "M/T": 0.004825325866502461,
    "M/R": 0.0007700056979293272,
    "M/I": 0.003991668814563351,
    "V/I": 0.00993598696443072,
    "V/L": 0.003492479920149636,
    "V/F": 0.0012107740350760447,
    "V/D": 0.0006236426791196211,
    "V/A": 0.004581280952634923,
    "V/G": 0.001299615294417103,
    "V/E": 0.0005105367260893745,
    "V/M": 0.008092145784539135,
    "S/T": 0.0019481305436294622,
    "S/P": 0.0031612071576456687,
    "S/A": 0.0009251167723431027,
    "S/Y": 0.0010852308931289867,
    "S/C": 0.0017146448498879727,
    "S/F": 0.0031947095544475022,
    "S/L": 0.003987095726784659,
    "S/W": 0.00024991465484665434,
    "S/R": 0.0023129766404976653,
    "S/G": 0.0019741681191243047,
    "S/N": 0.0030737833204943343,
    "S/I": 0.0006889283679317941,
    "P/T": 0.020133729521008982,
    "P/A": 0.014475151355994007,
    "P/S": 0.056301983127563175,
    "P/H": 0.008204634584970713,
    "P/R": 0.01352319052086807,
    "P/L": 0.08549639794005771,
    "P/Q": 0.006917491538076651,
    "T/P": 0.0010850349163029614,
    "T/A": 0.003859216646062845,
    "T/S": 0.0018412957707238365,
    "T/N": 0.001101114257929576,
    "T/I": 0.0053305755977906,
    "T/K": 0.0009886762793522986,
    "T/R": 0.0009450347588951561,
    "T/M": 0.007998702105520276,
    "A/T": 0.020465982229691263,
    "A/P": 0.003213991200040958,
    "A/S": 0.004540593439769372,
    "A/D": 0.002473071500733706,
    "A/G": 0.0032377810759151885,
    "A/V": 0.017895513989305594,
    "A/E": 0.0017500958642505994,
    "Y/N": 0.00021160617244142172,
    "Y/H": 0.0011024474344589572,
    "Y/D": 0.00019800797435663066,
    "Y/S": 0.00022547149962491925,
    "Y/C": 0.0014001067866990483,
    "Y/F": 0.00022511946895850736,
    "H/N": 0.0006418911326313321,
    "H/D": 0.0005379474640381379,
    "H/Y": 0.002010948006392874,
    "H/P": 0.0005440027414736346,
    "H/R": 0.002750498736105509,
    "H/L": 0.0005220513845314146,
    "H/Q": 0.0015567120612228257,
    "Q/K": 0.002750613703364049,
    "Q/E": 0.0022583002714423087,
    "Q/P": 0.001984888562568659,
    "Q/R": 0.006951314411725808,
    "Q/L": 0.0012658120490461828,
    "Q/H": 0.00407224890083783,
    "N/H": 0.0006514920574880923,
    "N/D": 0.0015152445825168865,
    "N/Y": 0.00041815269374423527,
    "N/T": 0.0005938677919119716,
    "N/S": 0.0026310973225783033,
    "N/I": 0.0005922735738483403,
    "N/K": 0.00223693108646618,
    "K/Q": 0.0027193176823464655,
    "K/E": 0.006396618503945207,
    "K/T": 0.0024580712447253347,
    "K/R": 0.0062985268923049014,
    "K/I": 0.000860141664809088,
    "K/N": 0.005216208796028355,
    "K/M": 0.0009086837030428483,
    "D/N": 0.014975481648476724,
    "D/H": 0.003257629814893069,
    "D/Y": 0.002689478661094279,
    "D/A": 0.001640783011058441,
    "D/G": 0.006555370326195037,
    "D/V": 0.0024891365134024836,
    "D/E": 0.006747698895662157,
    "E/K": 0.0184822813536536,
    "E/Q": 0.004400549575785297,
    "E/A": 0.0020187726026472505,
    "E/G": 0.005733337921264594,
    "E/V": 0.0014939042404480084,
    "E/D": 0.0055837908218333435,
    "C/S": 0.0004164633003055904,
    "C/R": 0.0008781586575411178,
    "C/G": 0.0001901151053223997,
    "C/Y": 0.0010014018672040166,
    "C/F": 0.00034234826331255543,
    "C/W": 0.00025131854101496167,
    "W/R": 0.0002059198414993276,
    "W/G": 3.7085632910638844e-05,
    "W/S": 3.4503633494880866e-05,
    "W/L": 4.757356991642225e-05,
    "W/C": 0.0001193716626279433,
    "R/S": 0.004174494691771154,
    "R/G": 0.008017287136728253,
    "R/C": 0.03018940244686951,
    "R/H": 0.036391092307847206,
    "R/P": 0.004699389101947819,
    "R/L": 0.004816829146969698,
    "R/Q": 0.04034840996691557,
    "R/W": 0.02024558358752114,
    "R/K": 0.004067205756356922,
    "R/T": 0.0017794634756171043,
    "R/I": 0.0010794531513044735,
    "R/M": 0.00033443180101793395,
    "G/S": 0.06654363856283403,
    "G/R": 0.08619327695305844,
    "G/C": 0.011137167900876915,
    "G/D": 0.043107932664241476,
    "G/A": 0.021483472827247035,
    "G/V": 0.02988378735491317,
    "G/E": 0.04066532944936149,
    "G/W": 0.004144608575727239
}