{
    "F/I": 0.0004185515594792537,
    "F/L": 0.003036966568740144,
    "F/V": 0.0004993241913715683,
    "F/Y": 0.00032013736566824635,
    "F/S": 0.001135157483619272,
    "F/C": 0.0005363721890320008,
    "L/I": 0.0013691987284632794,
    "L/V": 0.0029949322223909347,
    "L/S": 0.0016029718413213124,
    "L/F": 0.005155499559159656,
    "L/M": 0.0010732949753133692,
    "L/W": 0.0003648414721933918,
    "L/H": 0.000559308483760374,
    "L/P": 0.005698026787739721,
    "L/R": 0.0013190526356293268,
    "L/Q": 0.0006430117516169238,
    "I/L": 0.0013982000131423007,
    "I/V": 0.0068700304338250254,
    "I/F": 0.001190995572829711,
    "I/N": 0.001214283256681551,
    "I/T": 0.005654020482617311,
    "I/S": 0.0007612683841746597,
    "I/M": 0.0021962288144251607,
    "I/K": 0.0002419192809555313,
    "I/R": 0.00022243348833422225,
    "M/L": 0.0015140353453611285,
    "M/V": 0.003987731973576759,
    "M/K": 0.000911527082153432,
    "M/T": 0.005147894104945838,
    "M/R": 0.000821479813552623,
    "M/I": 0.004263742261624258,
    "V/I": 0.007917924045323274,
    "V/L": 0.0036614153029701285,
    "V/F": 0.001084516334046759,
    "V/D": 0.0005786146030301466,
    "V/A": 0.004672204785008934,
    "V/G": 0.0013180429127456288,
    "V/E": 0.0005685916414350598,
    "V/M": 0.00982595578708024,
    "S/T": 0.0021318396518807004,
    "S/P": 0.0032471446981975254,
    "S/A": 0.0009436695820907186,
    "S/Y": 0.0010794564344258832,
    "S/C": 0.0017582191932584376,
    "S/F": 0.0032715001728595163,
    "S/L": 0.004048941998219182,
    "S/W": 0.0002483605923459211,
    "S/R": 0.002818113223855889,
    "S/G": 0.0023495859146313016,
    "S/N": 0.003629797139742132,
    "S/I": 0.0008139194076060799,
    "P/T": 0.019889515493152512,
    "P/A": 0.014027161515741255,
    "P/S": 0.05480003020324282,
    "P/H": 0.007693175146936885,
    "P/R": 0.013372756923704739,
    "P/L": 0.09076557251682615,
    "P/Q": 0.007524319206715516,
    "T/P": 0.001116425692458059,
    "T/A": 0.003953952101274507,
    "T/S": 0.0018449259062382063,
    "T/N": 0.001130779023236513,
    "T/I": 0.005475580393713163,
    "T/K": 0.0010130562141356222,
    "T/R": 0.0009700052062931245,
    "T/M": 0.007776796440385746,
    "A/T": 0.01980963608988333,
    "A/P": 0.0029922306816859002,
    "A/S": 0.004092925016793851,
    "A/D": 0.0021365794516159924,
    "A/G": 0.003103113085373393,
    "A/V": 0.019955615063183895,
    "A/E": 0.0021351600267412434,
    "Y/N": 0.00019602709755335275,
    "Y/H": 0.0010409259246144933,
    "Y/D": 0.00018353367225416734,
    "Y/S": 0.0002078989373431576,
    "Y/C": 0.0012975215795742936,
    "Y/F": 0.000208196342031987,
    "H/N": 0.0008146324677034662,
    "H/D": 0.0006652988215842322,
    "H/Y": 0.00250093991894355,
    "H/P": 0.0006929755791038672,
    "H/R": 0.0035392189409467227,
    "H/L": 0.0006704629198391177,
    "H/Q": 0.0019443132006477049,
    "Q/K": 0.0031458889596065204,
    "Q/E": 0.0025738691662463005,
    "Q/P": 0.002273093486189802,
    "Q/R": 0.00788868333824292,
    "Q/L": 0.0014372922502709712,
    "Q/H": 0.004615793909021463,
    "N/H": 0.0006969908877991711,
    "N/D": 0.001618684395319977,
    "N/Y": 0.0004446788405454845,
    "N/T": 0.0006446373210390497,
    "N/S": 0.002805841092657044,
    "N/I": 0.000637001921092294,
    "N/K": 0.00234252996309755,
    "K/Q": 0.002927321790818238,
    "K/E": 0.006905984937257361,
    "K/T": 0.002653008348944849,
    "K/R": 0.0069182154908201355,
    "K/I": 0.0008881837658214334,
    "K/N": 0.005753135946571284,
    "K/M": 0.001035796336046757,
    "D/N": 0.014850435750369718,
    "D/H": 0.0031070572533994996,
    "D/Y": 0.0025668963400295257,
    "D/A": 0.0015500731768652194,
    "D/G": 0.006168278044040434,
    "D/V": 0.0023318546547274684,
    "D/E": 0.006475638040518828,
    "E/K": 0.019035878147515936,
    "E/Q": 0.004685899278689548,
    "E/A": 0.002119935347052897,
    "E/G": 0.006055762972223649,
    "E/V": 0.0016002167442711757,
    "E/D": 0.005998565598356917,
    "C/S": 0.000600817217264438,
    "C/R": 0.0012698737367106664,
    "C/G": 0.0002729718784054416,
    "C/Y": 0.001437170349512847,
    "C/F": 0.0004989068958035867,
    "C/W": 0.0003955570238272878,
    "W/R": 0.00027585669557574907,
    "W/G": 4.8770287040861724e-05,
    "W/S": 4.6481882815686864e-05,
    "W/L": 6.408916621222243e-05,
    "W/C": 0.00015685283414126235,
    "R/S": 0.00378669037903479,
    "R/G": 0.007787246248727901,
    "R/C": 0.02400583979002313,
    "R/H": 0.0280562662362767,
    "R/P": 0.004511950585065227,
    "R/L": 0.004629133413303188,
    "R/Q": 0.04456726915838679,
    "R/W": 0.023281145660976495,
    "R/K": 0.004008554767214365,
    "R/T": 0.0017558815785334249,
    "R/I": 0.0010669217772262013,
    "R/M": 0.0003280914074828262,
    "G/S": 0.06363990176262675,
    "G/R": 0.08711678406219703,
    "G/C": 0.010138963659286408,
    "G/D": 0.03765373793895478,
    "G/A": 0.020716382383671544,
    "G/V": 0.027766943238671623,
    "G/E": 0.0421390423902568,
    "G/W": 0.004591273753380224
}