{
    "F/I": 0.0003025161633000462,
    "F/L": 0.002349714309754591,
    "F/V": 0.0003663915967657976,
    "F/Y": 0.0002298181452134845,
    "F/S": 0.0008439225699255794,
    "F/C": 0.0003861545292292601,
    "L/I": 0.0009132035734509294,
    "L/V": 0.002642809334239047,
    "L/S": 0.0006972010870691926,
    "L/F": 0.0033314650944610384,
    "L/M": 0.0013200879001141746,
    "L/W": 0.0001980972203868104,
    "L/H": 0.00041227971316469975,
    "L/P": 0.006233843720899338,
    "L/R": 0.0013882354974305588,
    "L/Q": 0.0008542696362483,
    "I/L": 0.0004316434763991293,
    "I/V": 0.0021302445834448496,
    "I/F": 0.00040755184737192044,
    "I/N": 0.00043180344917327835,
    "I/T": 0.0016008866675545114,
    "I/S": 0.00023662947600312822,
    "I/M": 0.0007279133536753029,
    "I/K": 6.388997857822911e-05,
    "I/R": 5.8743853522640474e-05,
    "M/L": 0.0005793787894349046,
    "M/V": 0.0014011804591406534,
    "M/K": 0.00034319137844034326,
    "M/T": 0.0019381902178567403,
    "M/R": 0.0003092884403478273,
    "M/I": 0.0016373425245038552,
    "V/I": 0.008934437707372648,
    "V/L": 0.004348256919045334,
    "V/F": 0.0011018104560783692,
    "V/D": 0.0005178876673224516,
    "V/A": 0.004840066126011708,
    "V/G": 0.0013390170577443664,
    "V/E": 0.0006686852879204043,
    "V/M": 0.013619581399471292,
    "S/T": 0.0038603346764414736,
    "S/P": 0.005517136502087126,
    "S/A": 0.0016399423216182383,
    "S/Y": 0.0017674375097373055,
    "S/C": 0.0030458445352164456,
    "S/F": 0.0057094475026564185,
    "S/L": 0.019465394262908324,
    "S/W": 0.001555394967695765,
    "S/R": 0.0064552725920504605,
    "S/G": 0.005095168533966765,
    "S/N": 0.007545775966337022,
    "S/I": 0.001695006095290943,
    "P/T": 0.008909305946551174,
    "P/A": 0.006367255629634755,
    "P/S": 0.02469813528532179,
    "P/H": 0.004034013115449931,
    "P/R": 0.007431476105395244,
    "P/L": 0.06983405734019038,
    "P/Q": 0.0045920325094141205,
    "T/P": 0.0016883747847320535,
    "T/A": 0.006046525314702128,
    "T/S": 0.00283338495362181,
    "T/N": 0.002230454641051199,
    "T/I": 0.007898819142554298,
    "T/K": 0.0017934684258484302,
    "T/R": 0.0016936565093046746,
    "T/M": 0.01970186217424051,
    "A/T": 0.05685932283126686,
    "A/P": 0.006209651139527169,
    "A/S": 0.009028664824864098,
    "A/D": 0.00405286306779635,
    "A/G": 0.00651176386212587,
    "A/V": 0.056236203953193786,
    "A/E": 0.005172090060652373,
    "Y/N": 0.00021632377212999542,
    "Y/H": 0.0010369489523384282,
    "Y/D": 0.00020853401559334716,
    "Y/S": 0.00023734558984920672,
    "Y/C": 0.0013488023161786868,
    "Y/F": 0.00022507359941194345,
    "H/N": 0.0007555233500051835,
    "H/D": 0.0005537956042344043,
    "H/Y": 0.0021546764737950712,
    "H/P": 0.0006118175559484376,
    "H/R": 0.002692213481591593,
    "H/L": 0.0005255570508329304,
    "H/Q": 0.002105006207280339,
    "Q/K": 0.002160709330800391,
    "Q/E": 0.0015996232656209353,
    "Q/P": 0.0013581677044181121,
    "Q/R": 0.005599538172772186,
    "Q/L": 0.0010104218320278985,
    "Q/H": 0.0034989927317009436,
    "N/H": 0.0005738351811675473,
    "N/D": 0.0013964205158678244,
    "N/Y": 0.00034233521207591296,
    "N/T": 0.0005573873096414777,
    "N/S": 0.0022514905008956657,
    "N/I": 0.0005302440931061758,
    "N/K": 0.0021218132004549974,
    "K/Q": 0.002251768111669865,
    "K/E": 0.005515517881072787,
    "K/T": 0.001962665443985438,
    "K/R": 0.005819875981670016,
    "K/I": 0.00042247388959822314,
    "K/N": 0.005466128841752952,
    "K/M": 0.0010877511315758677,
    "D/N": 0.02098725500091831,
    "D/H": 0.003277395969530132,
    "D/Y": 0.0027350650688378326,
    "D/A": 0.0016028677618472344,
    "D/G": 0.00608602933679082,
    "D/V": 0.0021782880883510092,
    "D/E": 0.007584991173380202,
    "E/K": 0.04613327921157816,
    "E/Q": 0.00726668237130738,
    "E/A": 0.003003419794321746,
    "E/G": 0.008828647954102984,
    "E/V": 0.002490214540514447,
    "E/D": 0.008910597227545464,
    "C/S": 0.0005133234688189393,
    "C/R": 0.0011098578154971996,
    "C/G": 0.0002479354903240579,
    "C/Y": 0.0012137803447490546,
    "C/F": 0.00045882269384566306,
    "C/W": 0.00037581838519646396,
    "W/R": 0.0009199347040886279,
    "W/G": 0.0001787479744212066,
    "W/S": 0.00016454055878857473,
    "W/L": 0.00022686833196210534,
    "W/C": 0.0005774038531290087,
    "R/S": 0.0065704716704951815,
    "R/G": 0.010838070699383685,
    "R/C": 0.053263247333575126,
    "R/H": 0.0567362807518444,
    "R/P": 0.007492003303318229,
    "R/L": 0.009327591604292543,
    "R/Q": 0.07436757027383302,
    "R/W": 0.058920151639149626,
    "R/K": 0.0043727222103679166,
    "R/T": 0.0014523507385946477,
    "R/I": 0.0004878413547517121,
    "R/M": 0.0006959711028463562,
    "G/S": 0.026795605774876007,
    "G/R": 0.026714402060793146,
    "G/C": 0.003006535951669459,
    "G/D": 0.008146475819152435,
    "G/A": 0.004034834195079083,
    "G/V": 0.00536073839666675,
    "G/E": 0.007022855759507117,
    "G/W": 0.0018105656473801617
}