{
    "F/I": 0.0005797639226177676,
    "F/L": 0.004181090546564028,
    "F/V": 0.0006915109772030189,
    "F/Y": 0.00044363370234258033,
    "F/S": 0.0015757062244481294,
    "F/C": 0.0007433844531727529,
    "L/I": 0.0017519365604723891,
    "L/V": 0.00400353387627356,
    "L/S": 0.0024498492929433124,
    "L/F": 0.006363428938969154,
    "L/M": 0.0015328485748899894,
    "L/W": 0.0006036565812836466,
    "L/H": 0.0006678044928688537,
    "L/P": 0.007589515212505651,
    "L/R": 0.0017258575937629038,
    "L/Q": 0.0009126634103885687,
    "I/L": 0.0014811738895983025,
    "I/V": 0.006943662841201996,
    "I/F": 0.0010998441549108216,
    "I/N": 0.001174612884497145,
    "I/T": 0.005817920937341064,
    "I/S": 0.0007002298034541685,
    "I/M": 0.0023791250186757065,
    "I/K": 0.0003301093078796661,
    "I/R": 0.0003035201022144532,
    "M/L": 0.0015985648841408953,
    "M/V": 0.004044506427648647,
    "M/K": 0.0009888487701859721,
    "M/T": 0.005584572147540921,
    "M/R": 0.0008911631033990272,
    "M/I": 0.004789308145544345,
    "V/I": 0.014945442399053058,
    "V/L": 0.0065185295497362196,
    "V/F": 0.0019339276817694447,
    "V/D": 0.0010139341776060553,
    "V/A": 0.008480673139473342,
    "V/G": 0.0023458529760541176,
    "V/E": 0.0010506285094270787,
    "V/M": 0.013324735975019783,
    "S/T": 0.007458743754428029,
    "S/P": 0.0115031707803345,
    "S/A": 0.0033731119083833905,
    "S/Y": 0.003647828295292122,
    "S/C": 0.006013095808210025,
    "S/F": 0.010983759012903965,
    "S/L": 0.018570642838625178,
    "S/W": 0.0012321250292649723,
    "S/R": 0.00867242137653033,
    "S/G": 0.008034592902807459,
    "S/N": 0.012603633444414165,
    "S/I": 0.0028262922286337983,
    "P/T": 0.01017165348242021,
    "P/A": 0.007099061818022687,
    "P/S": 0.027840780414308666,
    "P/H": 0.00432905642439071,
    "P/R": 0.006940870451166108,
    "P/L": 0.04588121680282527,
    "P/Q": 0.0036154228546919887,
    "T/P": 0.003627217696126172,
    "T/A": 0.012974300856116469,
    "T/S": 0.006238404520981895,
    "T/N": 0.004336819709904122,
    "T/I": 0.018707248501647303,
    "T/K": 0.00317927656687403,
    "T/R": 0.00304889290267292,
    "T/M": 0.023218062616526498,
    "A/T": 0.02956635037316703,
    "A/P": 0.004560330317625894,
    "A/S": 0.006325822448591367,
    "A/D": 0.003463862327217787,
    "A/G": 0.004681519206586918,
    "A/V": 0.02868640318226506,
    "A/E": 0.003049074698803729,
    "Y/N": 0.0003496210608037589,
    "Y/H": 0.0017132430744802537,
    "Y/D": 0.00032523296253660164,
    "Y/S": 0.00036527372007929697,
    "Y/C": 0.002243119904067708,
    "Y/F": 0.0003623129706969682,
    "H/N": 0.0018871045475255302,
    "H/D": 0.0015042288188716571,
    "H/Y": 0.005692823196895449,
    "H/P": 0.0015742296782737257,
    "H/R": 0.007656928665879816,
    "H/L": 0.0014642869614351428,
    "H/Q": 0.004329417139496313,
    "Q/K": 0.0043486769160072485,
    "Q/E": 0.0034773524874569827,
    "Q/P": 0.0029715820835123806,
    "Q/R": 0.011118357947025093,
    "Q/L": 0.002016822348640934,
    "Q/H": 0.0072048070874084,
    "N/H": 0.0019103938320655458,
    "N/D": 0.004461063305915653,
    "N/Y": 0.001253615272601075,
    "N/T": 0.0018242541409921095,
    "N/S": 0.007984367374785306,
    "N/I": 0.0018078400626745867,
    "N/K": 0.006114522912844298,
    "K/Q": 0.005289344476396753,
    "K/E": 0.012742902155735874,
    "K/T": 0.004896826783492405,
    "K/R": 0.012617039824256932,
    "K/I": 0.0016903006613239084,
    "K/N": 0.011815036618655558,
    "K/M": 0.0018420518104970878,
    "D/N": 0.014796434791129614,
    "D/H": 0.003330615808870461,
    "D/Y": 0.0028003723074185192,
    "D/A": 0.0017442441639685476,
    "D/G": 0.006974247009110315,
    "D/V": 0.002650491965902081,
    "D/E": 0.006383861108839614,
    "E/K": 0.02643520401134467,
    "E/Q": 0.0062386760561108255,
    "E/A": 0.00299419386540771,
    "E/G": 0.008558373106466692,
    "E/V": 0.0022648198867211656,
    "E/D": 0.008501182707585542,
    "C/S": 0.0008312505103735498,
    "C/R": 0.0017646751746510784,
    "C/G": 0.00039466967035390243,
    "C/Y": 0.0019824175838610942,
    "C/F": 0.0006792158457639707,
    "C/W": 0.0004540646687313881,
    "W/R": 0.0012477585582503434,
    "W/G": 0.00023399668532516024,
    "W/S": 0.00020293271778230404,
    "W/L": 0.00027980339633442884,
    "W/C": 0.0007063939614240137,
    "R/S": 0.00749668613516031,
    "R/G": 0.012320670133911629,
    "R/C": 0.03805677157308601,
    "R/H": 0.04220370888972604,
    "R/P": 0.0055365950078428445,
    "R/L": 0.00634230087162565,
    "R/Q": 0.051613895347145375,
    "R/W": 0.03475091871371004,
    "R/K": 0.008541705414794334,
    "R/T": 0.0032674307524005633,
    "R/I": 0.0015812950612589655,
    "R/M": 0.0010452788378933974,
    "G/S": 0.014953835623399846,
    "G/R": 0.021280132139424958,
    "G/C": 0.0023587590972552496,
    "G/D": 0.008514288446339818,
    "G/A": 0.0045579936535431395,
    "G/V": 0.006073335278342499,
    "G/E": 0.00886704030405147,
    "G/W": 0.0013143456141911434
}