{
    "F/I": 0.000336208289306694,
    "F/L": 0.002760120277587208,
    "F/V": 0.00040799260278138495,
    "F/Y": 0.00024813651749144063,
    "F/S": 0.0009590792487661849,
    "F/C": 0.00041876098189994173,
    "L/I": 0.0008098119429531002,
    "L/V": 0.0025492835110453326,
    "L/S": 0.0007439785918421466,
    "L/F": 0.0032794272745119246,
    "L/M": 0.001379015790064425,
    "L/W": 0.0002477347738923481,
    "L/H": 0.0003946777679387454,
    "L/P": 0.006271451342369251,
    "L/R": 0.0013950928939716555,
    "L/Q": 0.0008806913561890857,
    "I/L": 0.00043603181576495664,
    "I/V": 0.0023495832388475157,
    "I/F": 0.00045601635032466176,
    "I/N": 0.0004977674083291427,
    "I/T": 0.0015717656777912358,
    "I/S": 0.000266466847197279,
    "I/M": 0.0007255947018501432,
    "I/K": 3.9355539392283204e-05,
    "I/R": 3.6185581726780916e-05,
    "M/L": 0.0006742746588299655,
    "M/V": 0.0016624749956660597,
    "M/K": 0.0004017051653268917,
    "M/T": 0.0022686497121152077,
    "M/R": 0.00036202181018722034,
    "M/I": 0.0019521917029683845,
    "V/I": 0.008638217879655003,
    "V/L": 0.004090153983664661,
    "V/F": 0.000984235170903259,
    "V/D": 0.00042040277381353664,
    "V/A": 0.00424112730100273,
    "V/G": 0.0011765166921291893,
    "V/E": 0.0006062525557802935,
    "V/M": 0.014889232824812642,
    "S/T": 0.0035047105632458756,
    "S/P": 0.005061455473322531,
    "S/A": 0.001527221146480646,
    "S/Y": 0.001562960771290171,
    "S/C": 0.0027362673071302324,
    "S/F": 0.005059889186375919,
    "S/L": 0.023311648562509432,
    "S/W": 0.0019048482189141496,
    "S/R": 0.006537197882101564,
    "S/G": 0.0047822788550102805,
    "S/N": 0.006974310572044307,
    "S/I": 0.0015672843453079636,
    "P/T": 0.010261003976053666,
    "P/A": 0.007394150710128963,
    "P/S": 0.028623877417029795,
    "P/H": 0.004502794109508665,
    "P/R": 0.009255408479841949,
    "P/L": 0.09790297952356639,
    "P/Q": 0.006300899461039232,
    "T/P": 0.0014052866135037844,
    "T/A": 0.005018503141762613,
    "T/S": 0.0023470884776788715,
    "T/N": 0.0018868635328187185,
    "T/I": 0.0062399078439005625,
    "T/K": 0.0016702614409999162,
    "T/R": 0.0015675203974211732,
    "T/M": 0.020809432507967192,
    "A/T": 0.05729193015925464,
    "A/P": 0.005565727659120148,
    "A/S": 0.00827394437711609,
    "A/D": 0.0032689061760167366,
    "A/G": 0.005988485856330657,
    "A/V": 0.057643868274035726,
    "A/E": 0.005225932283978745,
    "Y/N": 0.0002994074168596575,
    "Y/H": 0.0014936901556558747,
    "Y/D": 0.0002770374808443269,
    "Y/S": 0.000336367320121155,
    "Y/C": 0.0019831050632903497,
    "Y/F": 0.0003257881177265566,
    "H/N": 0.0008541054364814456,
    "H/D": 0.0006121395765618747,
    "H/Y": 0.0024417556535070656,
    "H/P": 0.0006983237941585119,
    "H/R": 0.0030030898079755285,
    "H/L": 0.0005891561530278695,
    "H/Q": 0.0023527988455085917,
    "Q/K": 0.0020228095329314546,
    "Q/E": 0.0014196270600179764,
    "Q/P": 0.0012520741848089047,
    "Q/R": 0.005232277272055166,
    "Q/L": 0.0009434977898129255,
    "Q/H": 0.0032286607024601018,
    "N/H": 0.0005835029493971275,
    "N/D": 0.0014479660512260412,
    "N/Y": 0.00034540198826369674,
    "N/T": 0.0005772870582083066,
    "N/S": 0.002251695673024206,
    "N/I": 0.000539741445801136,
    "N/K": 0.002230624155794196,
    "K/Q": 0.0010695996677301074,
    "K/E": 0.0026368188569542168,
    "K/T": 0.000914408868554509,
    "K/R": 0.0027182520120608987,
    "K/I": 0.00019457079732959135,
    "K/N": 0.0024561547936595577,
    "K/M": 0.0005098825745804772,
    "D/N": 0.02968837498006764,
    "D/H": 0.004068509914798152,
    "D/Y": 0.0033369058178423314,
    "D/A": 0.001859109431814916,
    "D/G": 0.006987167850999236,
    "D/V": 0.00246929419904711,
    "D/E": 0.009305211679982283,
    "E/K": 0.042231352932475846,
    "E/Q": 0.006070066768077695,
    "E/A": 0.0023921776196119808,
    "E/G": 0.007074948934743281,
    "E/V": 0.002021983831727925,
    "E/D": 0.007207874981370421,
    "C/S": 0.0005832729867692128,
    "C/R": 0.0012611959625535454,
    "C/G": 0.00028063205939412244,
    "C/Y": 0.001394865158638146,
    "C/F": 0.000551634749347833,
    "C/W": 0.0005219303382767257,
    "W/R": 0.0013583054856542355,
    "W/G": 0.00026537026622682706,
    "W/S": 0.00023874754089977087,
    "W/L": 0.0003291848329844528,
    "W/C": 0.0008438562908649374,
    "R/S": 0.00399545951380841,
    "R/G": 0.00658343022380103,
    "R/C": 0.03795442935682621,
    "R/H": 0.04065874607066642,
    "R/P": 0.004822289703160657,
    "R/L": 0.006047996014644863,
    "R/Q": 0.043467001393900424,
    "R/W": 0.033443313200891785,
    "R/K": 0.0020470322692365114,
    "R/T": 0.0007167894961227725,
    "R/I": 0.0002822334088064048,
    "R/M": 0.0002988757031074609,
    "G/S": 0.05503972437921548,
    "G/R": 0.0494556725036811,
    "G/C": 0.005625979376321399,
    "G/D": 0.014378787192917655,
    "G/A": 0.006782686267959447,
    "G/V": 0.009092433124452237,
    "G/E": 0.011217020176820941,
    "G/W": 0.0031039748996034826
}