{
    "V/K": 8.363432272267716e-07,
    "R/Y": 9.757337650979e-07,
    "N/H": 0.0029665094496643543,
    "D/C": 8.363432272267716e-07,
    "K/E": 0.010753840701686059,
    "D/I": 1.9514675301958e-06,
    "Y/N": 0.001536641298797506,
    "A/H": 2.787810757422572e-07,
    "T/D": 4.181716136133858e-07,
    "D/N": 0.014772330718032349,
    "Y/K": 4.181716136133858e-07,
    "I/K": 0.0005103087633583052,
    "F/S": 0.004456873089555513,
    "K/L": 4.181716136133858e-07,
    "G/I": 8.363432272267716e-07,
    "K/I": 0.0010986762311745782,
    "E/A": 0.004411989347775575,
    "F/D": 1.393905378711286e-07,
    "M/T": 0.007243289992015503,
    "R/S": 0.006407364939157017,
    "H/Q": 0.005011647454835812,
    "A/F": 6.9695268935564295e-06,
    "A/P": 0.005663855805358851,
    "F/V": 0.002577191668887656,
    "Q/L": 0.0026286267868965707,
    "I/L": 0.0037915620427973916,
    "P/F": 7.94526065865433e-06,
    "R/G": 0.009097323592103199,
    "I/V": 0.01755303236942358,
    "G/E": 0.009704787558912097,
    "T/L": 9.757337650979e-07,
    "T/M": 0.005938455401220184,
    "E/S": 8.363432272267716e-07,
    "A/L": 1.087246195394803e-05,
    "E/W": 1.393905378711286e-07,
    "V/P": 2.787810757422572e-07,
    "S/Y": 0.0032878046603104106,
    "I/D": 2.787810757422572e-07,
    "C/V": 1.393905378711286e-07,
    "R/H": 0.013235829114585642,
    "K/A": 2.369639143809186e-06,
    "C/G": 0.0020625617993679122,
    "S/P": 0.008084372549273421,
    "M/S": 6.969526893556429e-07,
    "N/K": 0.0069324490826060394,
    "I/P": 1.393905378711286e-07,
    "S/L": 0.007318421686094831,
    "Y/F": 0.0021682198261952727,
    "Q/K": 0.003999114582634273,
    "E/L": 7.1089174314275586e-06,
    "N/S": 0.01363434616321255,
    "L/R": 0.005259065635401493,
    "S/V": 1.3939053787112859e-06,
    "L/H": 0.001810125536316665,
    "S/A": 0.003828221772186019,
    "Y/P": 2.787810757422572e-07,
    "R/E": 1.2545148408401574e-06,
    "D/H": 0.0052476356376811,
    "P/E": 4.181716136133858e-07,
    "A/N": 4.878668825489501e-06,
    "Q/T": 2.787810757422572e-07,
    "Y/D": 0.0012736113532124962,
    "M/K": 0.001587937021963025,
    "V/E": 0.0019051898872499851,
    "R/K": 0.006602929857587478,
    "T/V": 2.787810757422572e-07,
    "S/G": 0.008185291269824249,
    "E/M": 3.9029350603916e-06,
    "F/Y": 0.0017821080354951508,
    "M/I": 0.008615868607696604,
    "Q/Y": 5.575621514845144e-07,
    "V/M": 0.012804693848612938,
    "F/T": 5.575621514845144e-07,
    "P/Y": 4.181716136133858e-07,
    "W/G": 0.0009834002500134053,
    "P/S": 0.021584346374639,
    "H/Y": 0.008650437458840334,
    "W/L": 0.0007812839712134751,
    "L/Q": 0.002615524070392873,
    "G/F": 8.363432272267716e-07,
    "A/I": 5.296840439102886e-06,
    "S/W": 0.0006849651229412363,
    "K/W": 1.393905378711286e-07,
    "F/E": 1.393905378711286e-07,
    "V/G": 0.005585100105400146,
    "V/R": 1.1151243029690288e-06,
    "E/G": 0.010796354844133728,
    "G/R": 0.017485567661374383,
    "S/K": 2.509029681680315e-06,
    "N/L": 1.393905378711286e-07,
    "V/L": 0.010903824928133422,
    "Y/H": 0.005987381208739246,
    "Y/C": 0.010218162828517285,
    "A/S": 0.010488998699707066,
    "H/C": 4.181716136133858e-07,
    "G/L": 2.2302486059380575e-06,
    "C/P": 2.787810757422572e-07,
    "N/C": 1.393905378711286e-07,
    "L/D": 2.787810757422572e-07,
    "V/T": 6.969526893556429e-07,
    "E/T": 6.969526893556429e-07,
    "Q/G": 4.181716136133858e-07,
    "E/I": 9.757337650979e-07,
    "T/Q": 1.393905378711286e-07,
    "H/P": 0.00283673685538462,
    "I/Y": 2.787810757422572e-07,
    "G/H": 6.969526893556429e-07,
    "F/C": 0.0023955657986337604,
    "I/F": 0.003229678780248533,
    "G/K": 6.411964742071916e-06,
    "P/A": 0.007876541217866488,
    "C/T": 1.393905378711286e-07,
    "T/S": 0.007862323360485007,
    "T/H": 2.787810757422572e-07,
    "G/T": 8.363432272267716e-07,
    "E/K": 0.02149416079420047,
    "L/G": 2.369639143809186e-06,
    "H/N": 0.0022333152209376263,
    "H/R": 0.008747732076146514,
    "W/C": 0.002196655503037405,
    "Q/P": 0.003805082936786083,
    "D/G": 0.010316015044761206,
    "E/*": 4.181716136133858e-07,
    "F/N": 2.787810757422572e-07,
    "M/L": 0.0036574683475932646,
    "P/C": 1.1151243029690288e-06,
    "I/E": 5.575621514845144e-07,
    "V/C": 1.393905378711286e-07,
    "R/M": 0.0008258889469277005,
    "Y/T": 2.787810757422572e-07,
    "S/M": 4.181716136133858e-07,
    "R/F": 6.969526893556429e-07,
    "G/Q": 2.787810757422572e-07,
    "Q/E": 0.00545267909998018,
    "G/Y": 2.787810757422572e-07,
    "D/A": 0.0030165506598556486,
    "K/*": 2.787810757422572e-07,
    "D/L": 2.787810757422572e-07,
    "P/K": 4.181716136133858e-07,
    "C/F": 0.0026378265574059463,
    "A/D": 0.004735096625898666,
    "S/N": 0.010689721116903037,
    "D/S": 9.757337650979e-07,
    "D/F": 1.9514675301958e-06,
    "S/C": 0.0073935529823311846,
    "S/I": 0.003164444026219831,
    "Q/V": 4.181716136133858e-07,
    "Q/W": 1.5332959165824146e-06,
    "P/G": 1.393905378711286e-07,
    "D/P": 2.787810757422572e-07,
    "N/R": 6.969526893556429e-07,
    "A/G": 0.006998380816857306,
    "Q/R": 0.011688593684185919,
    "Y/*": 1.393905378711286e-07,
    "T/I": 0.016134733749609192,
    "V/H": 1.393905378711286e-07,
    "V/Y": 4.181716136133858e-07,
    "C/R": 0.004904874293035366,
    "T/A": 0.013818899294658033,
    "K/D": 2.787810757422572e-07,
    "S/F": 0.009495004792352945,
    "T/P": 0.005301440368726465,
    "E/Q": 0.007975090327873604,
    "M/V": 0.00887987427746221,
    "E/P": 1.393905378711286e-07,
    "I/N": 0.002637687166360833,
    "F/G": 1.393905378711286e-07,
    "P/N": 1.393905378711286e-07,
    "A/V": 0.025400162606354883,
    "V/S": 8.363432272267716e-07,
    "R/P": 0.0035299260549951916,
    "T/F": 2.787810757422572e-07,
    "C/*": 2.787810757422572e-07,
    "Y/R": 1.393905378711286e-07,
    "N/I": 0.002317088931986398,
    "Y/G": 2.787810757422572e-07,
    "N/G": 6.969526893556429e-07,
    "N/D": 0.0062852587974757896,
    "F/L": 0.010573608727198673,
    "L/S": 0.003385656808389138,
    "C/W": 0.0014482677021376423,
    "N/E": 5.575621514845144e-07,
    "T/C": 2.787810757422572e-07,
    "F/A": 9.757337650979e-07,
    "Q/H": 0.008846559959927534,
    "V/Q": 2.787810757422572e-07,
    "R/W": 0.011076808968937263,
    "Q/D": 1.393905378711286e-07,
    "I/H": 2.787810757422572e-07,
    "K/Q": 0.004048737602401959,
    "A/W": 1.393905378711286e-07,
    "V/A": 0.011510173787223152,
    "W/P": 2.787810757422572e-07,
    "H/D": 0.0017483755346911812,
    "I/T": 0.012186357248648999,
    "I/S": 0.0018034347898943457,
    "F/P": 1.393905378711286e-07,
    "L/M": 0.003946424937756829,
    "D/T": 1.393905378711286e-07,
    "P/D": 2.787810757422572e-07,
    "K/G": 1.393905378711286e-07,
    "R/*": 1.2545148408401574e-06,
    "P/L": 0.023486191312713126,
    "R/I": 0.0011411903472702532,
    "T/Y": 1.393905378711286e-07,
    "W/*": 2.787810757422572e-07,
    "P/Q": 0.002634620613525642,
    "K/P": 2.787810757422572e-07,
    "R/D": 1.393905378711286e-07,
    "H/T": 1.393905378711286e-07,
    "T/E": 8.363432272267716e-07,
    "P/R": 0.007537822216046766,
    "L/I": 0.003921055858849353,
    "Y/I": 5.575621514845144e-07,
    "V/F": 0.0034761212632907807,
    "L/Y": 9.757337650979e-07,
    "R/A": 4.181716136133858e-07,
    "I/M": 0.0066705342252471374,
    "W/F": 9.757337650979e-07,
    "P/I": 8.363432272267716e-07,
    "C/N": 1.393905378711286e-07,
    "S/D": 1.1151243029690288e-06,
    "L/T": 1.1151243029690288e-06,
    "S/R": 0.008414031155732485,
    "P/H": 0.0036164875623610243,
    "E/R": 3.205982371035958e-06,
    "F/H": 1.393905378711286e-07,
    "H/L": 0.0021512141884470954,
    "K/T": 0.004081912546971008,
    "D/V": 0.005196200515141258,
    "A/Q": 2.787810757422572e-07,
    "W/K": 5.575621514845144e-07,
    "N/Y": 0.0019470070476939058,
    "H/F": 2.787810757422572e-07,
    "G/M": 2.787810757422572e-07,
    "H/I": 2.787810757422572e-07,
    "N/T": 0.002671977241759063,
    "R/V": 1.2545148408401574e-06,