{
    "F/I": 0.0007853230294935682,
    "F/L": 0.005784268465178405,
    "F/V": 0.0009493930007025167,
    "F/Y": 0.0005896519864682496,
    "F/S": 0.002118630677686469,
    "F/C": 0.0009889898953088262,
    "L/I": 0.0019092678438023547,
    "L/V": 0.004685248041174789,
    "L/S": 0.00227742302407799,
    "L/F": 0.007048842068935936,
    "L/M": 0.0019771734880762466,
    "L/W": 0.0005803316994685781,
    "L/H": 0.0007709759299669586,
    "L/P": 0.009478154140453087,
    "L/R": 0.002145400023876483,
    "L/Q": 0.0011895408824733871,
    "I/L": 0.0014830814351922763,
    "I/V": 0.007154438662680803,
    "I/F": 0.0011892720728263935,
    "I/N": 0.0012194660568444608,
    "I/T": 0.005668990452265333,
    "I/S": 0.0007305299615490335,
    "I/M": 0.0023702240521710945,
    "I/K": 0.00028184628237927696,
    "I/R": 0.0002591445027284698,
    "M/L": 0.0016321499498319356,
    "M/V": 0.004174075309500568,
    "M/K": 0.00097249255075068,
    "M/T": 0.0054921995924521495,
    "M/R": 0.0008764226701687183,
    "M/I": 0.0047737981308617235,
    "V/I": 0.01686332207374909,
    "V/L": 0.006902775384437155,
    "V/F": 0.001998046827326071,
    "V/D": 0.0009544924871647347,
    "V/A": 0.00819747841808071,
    "V/G": 0.0022737411582095753,
    "V/E": 0.0010456869907926245,
    "V/M": 0.017309549654771834,
    "S/T": 0.0058926825858553016,
    "S/P": 0.008954262887128254,
    "S/A": 0.0026826542320594004,
    "S/Y": 0.002913575331247903,
    "S/C": 0.004855749908184761,
    "S/F": 0.00894261630992186,
    "S/L": 0.018483908751148113,
    "S/W": 0.001327683838878596,
    "S/R": 0.00791003842057505,
    "S/G": 0.0070226921862557275,
    "S/N": 0.010578617466551081,
    "S/I": 0.002373349316306705,
    "P/T": 0.008776760908490671,
    "P/A": 0.006315175153411692,
    "P/S": 0.02451441170767539,
    "P/H": 0.0038336681035581925,
    "P/R": 0.006663722155652237,
    "P/L": 0.05391230835602811,
    "P/Q": 0.003828889976337435,
    "T/P": 0.0028019367498317263,
    "T/A": 0.010116119444699739,
    "T/S": 0.0048085442200865814,
    "T/N": 0.0034873737530880062,
    "T/I": 0.014048047557585014,
    "T/K": 0.002506293231007178,
    "T/R": 0.0023921342799575573,
    "T/M": 0.021163882284352335,
    "A/T": 0.04379243313983237,
    "A/P": 0.005355660193412578,
    "A/S": 0.007724481560662829,
    "A/D": 0.0036410443047764176,
    "A/G": 0.005484120158405506,
    "A/V": 0.041743749803435704,
    "A/E": 0.004038559419666332,
    "Y/N": 0.0006227138988944829,
    "Y/H": 0.0030126064875886003,
    "Y/D": 0.0005810481975370246,
    "Y/S": 0.0006507286426600631,
    "Y/C": 0.003970248037311869,
    "Y/F": 0.0006429955533300941,
    "H/N": 0.001550120260520563,
    "H/D": 0.001215994866058102,
    "H/Y": 0.004623248944012861,
    "H/P": 0.0012825919669587906,
    "H/R": 0.006086727110721018,
    "H/L": 0.0011697331843699642,
    "H/Q": 0.0037615500115647177,
    "Q/K": 0.0034199722575674572,
    "Q/E": 0.002645573488994072,
    "Q/P": 0.002273624889896384,
    "Q/R": 0.008765487010936431,
    "Q/L": 0.0015873701581127489,
    "Q/H": 0.0055802243149286135,
    "N/H": 0.0015182977326664456,
    "N/D": 0.0036352387388315626,
    "N/Y": 0.0009842620951699167,
    "N/T": 0.001425602726867203,
    "N/S": 0.006148459635147375,
    "N/I": 0.001402057545703727,
    "N/K": 0.00482584189408497,
    "K/Q": 0.002636129110400076,
    "K/E": 0.00638771171997049,
    "K/T": 0.002405626685777677,
    "K/R": 0.006345630126660993,
    "K/I": 0.0007811286347690436,
    "K/N": 0.0059294635626732815,
    "K/M": 0.000972424744601279,
    "D/N": 0.019774146500695162,
    "D/H": 0.003910688941440071,
    "D/Y": 0.003282075633856856,
    "D/A": 0.0019930944662358177,
    "D/G": 0.007895014995358652,
    "D/V": 0.002969464869262962,
    "D/E": 0.007731559908354206,
    "E/K": 0.03104226192932813,
    "E/Q": 0.006297292530888387,
    "E/A": 0.002882494633046995,
    "E/G": 0.008287702746717798,
    "E/V": 0.002223853342607651,
    "E/D": 0.008133312510572916,
    "C/S": 0.0014650135335483989,
    "C/R": 0.003106465733661109,
    "C/G": 0.0007017967091939134,
    "C/Y": 0.003508475166662383,
    "C/F": 0.0012534406996053769,
    "C/W": 0.0009137681727611795,
    "W/R": 0.0018525742417574071,
    "W/G": 0.00035680639705476226,
    "W/S": 0.0003128087825426287,
    "W/L": 0.00043130038721778834,
    "W/C": 0.0011191858406615763,
    "R/S": 0.005676431607235754,
    "R/G": 0.009229989326044158,
    "R/C": 0.03665487633454804,
    "R/H": 0.039546615490363514,
    "R/P": 0.004947842854350996,
    "R/L": 0.005916311530338133,
    "R/Q": 0.0453190854684729,
    "R/W": 0.032550324753993505,
    "R/K": 0.0052614843257903585,
    "R/T": 0.001974248141749098,
    "R/I": 0.0009179640815871596,
    "R/M": 0.0006719100498401179,
    "G/S": 0.026220247654236428,
    "G/R": 0.02804955318476839,
    "G/C": 0.003304415082548312,
    "G/D": 0.010233588586326819,
    "G/A": 0.0051576063039770964,
    "G/V": 0.006932331140596915,
    "G/E": 0.009415338449458332,
    "G/W": 0.0017458161555090437
}