{
    "F/I": 0.0008099658604132841,
    "F/L": 0.00613896428307606,
    "F/V": 0.0009605111206240095,
    "F/Y": 0.000618007489783056,
    "F/S": 0.002244894231936701,
    "F/C": 0.0010374790500726069,
    "L/I": 0.0027654336217018786,
    "L/V": 0.007206935744701533,
    "L/S": 0.0033476038973728195,
    "L/F": 0.01006058839815252,
    "L/M": 0.0033150855337039965,
    "L/W": 0.000832142594590845,
    "L/H": 0.0011282109249918764,
    "L/P": 0.01612395041721971,
    "L/R": 0.0035877225056453457,
    "L/Q": 0.0021528369219791827,
    "I/L": 0.0020558699985526166,
    "I/V": 0.010057838413287652,
    "I/F": 0.0018981436834946091,
    "I/N": 0.0020443896906718047,
    "I/T": 0.008413987090761438,
    "I/S": 0.0011944711818018578,
    "I/M": 0.003585210703638479,
    "I/K": 0.000341983906817027,
    "I/R": 0.00031443824174336724,
    "M/L": 0.002076484158988623,
    "M/V": 0.005137933352942853,
    "M/K": 0.0012981940322001758,
    "M/T": 0.007331614755374052,
    "M/R": 0.001169948992637193,
    "M/I": 0.006303963124265856,
    "V/I": 0.016417425649771576,
    "V/L": 0.007319798949914974,
    "V/F": 0.0019272441845750194,
    "V/D": 0.000907500996289143,
    "V/A": 0.0085466950049365,
    "V/G": 0.00236454601463327,
    "V/E": 0.0011607756342906497,
    "V/M": 0.020005948121210145,
    "S/T": 0.0027098867056589092,
    "S/P": 0.003782974223113543,
    "S/A": 0.0011184615519459894,
    "S/Y": 0.0012609413170795352,
    "S/C": 0.002148640767062668,
    "S/F": 0.003902681038536965,
    "S/L": 0.008769905756500801,
    "S/W": 0.0006502751354408718,
    "S/R": 0.0038822469585021615,
    "S/G": 0.0031674742383087876,
    "S/N": 0.005190751191681286,
    "S/I": 0.0011644677140311894,
    "P/T": 0.001741049184946107,
    "P/A": 0.0012575199684961452,
    "P/S": 0.004874707451881816,
    "P/H": 0.0008211249235254364,
    "P/R": 0.001409460683668616,
    "P/L": 0.011394381265095224,
    "P/Q": 0.0008010953658994708,
    "T/P": 0.001882202981086456,
    "T/A": 0.006750027696871578,
    "T/S": 0.003321851656758111,
    "T/N": 0.0025149561005926957,
    "T/I": 0.009601159495994965,
    "T/K": 0.001991417341349275,
    "T/R": 0.0018884809742913027,
    "T/M": 0.019891664340732768,
    "A/T": 0.037256652376107695,
    "A/P": 0.005023961113506552,
    "A/S": 0.007167164569851794,
    "A/D": 0.0037380708727285153,
    "A/G": 0.005379832188558645,
    "A/V": 0.03941248732221467,
    "A/E": 0.003806774853203085,
    "Y/N": 0.0007076946840737309,
    "Y/H": 0.003627006218992477,
    "Y/D": 0.0006873911393638963,
    "Y/S": 0.0007837937329802132,
    "Y/C": 0.0047064047855768145,
    "Y/F": 0.000767273635179066,
    "H/N": 0.0015869161183701141,
    "H/D": 0.0012116945679789242,
    "H/Y": 0.004598335386217295,
    "H/P": 0.0012996718782612535,
    "H/R": 0.00603426894578096,
    "H/L": 0.001164817641061044,
    "H/Q": 0.003978330223640716,
    "Q/K": 0.005454055696889558,
    "Q/E": 0.0040574724217238125,
    "Q/P": 0.003528300852813156,
    "Q/R": 0.013883479108641694,
    "Q/L": 0.002511408830098122,
    "Q/H": 0.008892298446556967,
    "N/H": 0.0015117829259757877,
    "N/D": 0.0036412941468579253,
    "N/Y": 0.0009370327188718971,
    "N/T": 0.0015106044380050648,
    "N/S": 0.006283587197682146,
    "N/I": 0.0014584209270904883,
    "N/K": 0.0053149676524323975,
    "K/Q": 0.0038712597309510507,
    "K/E": 0.009416448283364423,
    "K/T": 0.003700423157675712,
    "K/R": 0.010081027564908336,
    "K/I": 0.0010946193968231076,
    "K/N": 0.009411832269478462,
    "K/M": 0.001642368399790543,
    "D/N": 0.01424612364203608,
    "D/H": 0.0027238389001361866,
    "D/Y": 0.002295513633495122,
    "D/A": 0.0014530883332358581,
    "D/G": 0.005697346768157218,
    "D/V": 0.0021182155696074577,
    "D/E": 0.0056480356140360495,
    "E/K": 0.04292721007650884,
    "E/Q": 0.008533614279601516,
    "E/A": 0.004043646705736582,
    "E/G": 0.011673075423841056,
    "E/V": 0.0031616368910248075,
    "E/D": 0.011853131027061868,
    "C/S": 0.0015691118695925223,
    "C/R": 0.00323442054903281,
    "C/G": 0.0007287451751100705,
    "C/Y": 0.0037998225340687255,
    "C/F": 0.0013600169933633193,
    "C/W": 0.001028360528379699,
    "W/R": 0.0017747188371970484,
    "W/G": 0.0003486073571089905,
    "W/S": 0.000318304727384107,
    "W/L": 0.0004388781896023279,
    "W/C": 0.0011547960350882344,
    "R/S": 0.008209295454045425,
    "R/G": 0.013349036218998078,
    "R/C": 0.061277543513776164,
    "R/H": 0.06794540139155991,
    "R/P": 0.008820373665618499,
    "R/L": 0.0106312912456044,
    "R/Q": 0.08356274174013859,
    "R/W": 0.05855513611175829,
    "R/K": 0.006266823932344247,
    "R/T": 0.0023397283851951407,
    "R/I": 0.0010762107422536127,
    "R/M": 0.0008088740107194491,
    "G/S": 0.008807057592642942,
    "G/R": 0.009517254788884086,
    "G/C": 0.0011860682069833367,
    "G/D": 0.0038226944535984355,
    "G/A": 0.001900125491257191,
    "G/V": 0.002545909992599292,
    "G/E": 0.0034134705307389767,
    "G/W": 0.0005989319427822923
}