{
    "F/I": 0.000961074426700244,
    "F/L": 0.007184577759360923,
    "F/V": 0.0011760935887687007,
    "F/Y": 0.0007564636826020051,
    "F/S": 0.002694306325728215,
    "F/C": 0.0012678703295503422,
    "L/I": 0.0008616794206964775,
    "L/V": 0.0020175604061891147,
    "L/S": 0.00115385765641271,
    "L/F": 0.0032590082141685335,
    "L/M": 0.0007933697441426889,
    "L/W": 0.000298185935099789,
    "L/H": 0.00035396427179090143,
    "L/P": 0.003935050721158949,
    "L/R": 0.0009017319791969818,
    "L/Q": 0.00047254520339929296,
    "I/L": 0.0005718458980083593,
    "I/V": 0.002814608202571967,
    "I/F": 0.0004649614975846848,
    "I/N": 0.0004966306255846574,
    "I/T": 0.0022107405203970385,
    "I/S": 0.00029565808231356153,
    "I/M": 0.0009185482562989509,
    "I/K": 0.0001020233799433392,
    "I/R": 9.380573637128199e-05,
    "M/L": 0.0012176034541038596,
    "M/V": 0.0031889620554317656,
    "M/K": 0.0007354060532655915,
    "M/T": 0.004153241917293008,
    "M/R": 0.0006627572996458708,
    "M/I": 0.003676437288086147,
    "V/I": 0.007750296847581509,
    "V/L": 0.0030209203556968017,
    "V/F": 0.0008645586592595713,
    "V/D": 0.00042895293467509575,
    "V/A": 0.003561478223877621,
    "V/G": 0.0009888052693393368,
    "V/E": 0.0004446765924480725,
    "V/M": 0.008865457538318681,
    "S/T": 0.007375367092647669,
    "S/P": 0.011070849634768419,
    "S/A": 0.003352353326243221,
    "S/Y": 0.003854345264026981,
    "S/C": 0.00638545336774436,
    "S/F": 0.01165464864292101,
    "S/L": 0.02043787039133048,
    "S/W": 0.0014406860169399877,
    "S/R": 0.009984658080319666,
    "S/G": 0.009117643924573121,
    "S/N": 0.013609794273712127,
    "S/I": 0.003053334999056974,
    "P/T": 0.009912301810772229,
    "P/A": 0.007168763532316415,
    "P/S": 0.027810238037942817,
    "P/H": 0.004599714112532579,
    "P/R": 0.007389801662451625,
    "P/L": 0.05382220352057491,
    "P/Q": 0.0038399546758149934,
    "T/P": 0.002341839991624776,
    "T/A": 0.008507022524444621,
    "T/S": 0.003941401830578563,
    "T/N": 0.0029876949754928414,
    "T/I": 0.0119248722154164,
    "T/K": 0.002195206858496907,
    "T/R": 0.0020964166361978364,
    "T/M": 0.018235423999949808,
    "A/T": 0.025117610109320426,
    "A/P": 0.00308919282203754,
    "A/S": 0.00446352701556538,
    "A/D": 0.00229282438885877,
    "A/G": 0.0031004154176197474,
    "A/V": 0.02107800365434524,
    "A/E": 0.0020228984498921955,
    "Y/N": 0.002090051320972745,
    "Y/H": 0.009988268245761349,
    "Y/D": 0.0019173186519212057,
    "Y/S": 0.0022416852212504817,
    "Y/C": 0.013745863242414166,
    "Y/F": 0.0022215956558820724,
    "H/N": 0.002607345759951714,
    "H/D": 0.002073644271350285,
    "H/Y": 0.007919706672248034,
    "H/P": 0.002205853552899199,
    "H/R": 0.01059941410545516,
    "H/L": 0.002031894164350464,
    "H/Q": 0.006430744275889649,
    "Q/K": 0.004497576948257767,
    "Q/E": 0.003580598679586953,
    "Q/P": 0.003122724513455536,
    "Q/R": 0.011928297910226655,
    "Q/L": 0.002161235536556238,
    "Q/H": 0.007649208771519949,
    "N/H": 0.0017661836183515147,
    "N/D": 0.004239900770929234,
    "N/Y": 0.00110145849990595,
    "N/T": 0.0016847908647624154,
    "N/S": 0.0069795426399252534,
    "N/I": 0.0016232252388397746,
    "N/K": 0.005588249195816591,
    "K/Q": 0.001613324117675272,
    "K/E": 0.003916377757323259,
    "K/T": 0.001471106808130462,
    "K/R": 0.0038681896942523784,
    "K/I": 0.00048180538308905405,
    "K/N": 0.0036302127349577894,
    "K/M": 0.000589013371356865,
    "D/N": 0.022070548171398554,
    "D/H": 0.004076120795909223,
    "D/Y": 0.003376337354801328,
    "D/A": 0.002049722607009944,
    "D/G": 0.008038323283686784,
    "D/V": 0.002989272995605971,
    "D/E": 0.007504182561780268,
    "E/K": 0.018274195928461964,
    "E/Q": 0.003524759241290235,
    "E/A": 0.0016128065765349925,
    "E/G": 0.0046329605055811275,
    "E/V": 0.0012405640676048139,
    "E/D": 0.004645070750556819,
    "C/S": 0.0006196659828571407,
    "C/R": 0.0013057920126331207,
    "C/G": 0.00029359991139388947,
    "C/Y": 0.0014926291608762469,
    "C/F": 0.0005293812349138343,
    "C/W": 0.000391944305112938,
    "W/R": 0.00228915069157936,
    "W/G": 0.0004281449049397635,
    "W/S": 0.00039767361423106903,
    "W/L": 0.0005483119188981934,
    "W/C": 0.0014345727715184308,
    "R/S": 0.006632220692993577,
    "R/G": 0.0109843858106195,
    "R/C": 0.043917019504542756,
    "R/H": 0.050125740481986474,
    "R/P": 0.005854709318882898,
    "R/L": 0.00661898701345014,
    "R/Q": 0.047602427223330336,
    "R/W": 0.027527699794819983,
    "R/K": 0.006237165791983024,
    "R/T": 0.002489943958122152,
    "R/I": 0.0013065837158681903,
    "R/M": 0.0006872886314709157,
    "G/S": 0.05283764867343651,
    "G/R": 0.03965033195119687,
    "G/C": 0.006138133665203319,
    "G/D": 0.019014091307334884,
    "G/A": 0.008498884094332469,
    "G/V": 0.01179073431762966,
    "G/E": 0.013921021785141638,
    "G/W": 0.0019427931136200161
}