{
    "F/I": 0.00028258458661458764,
    "F/L": 0.00246166346960569,
    "F/V": 0.0003412431763190382,
    "F/Y": 0.00020835009920302245,
    "F/S": 0.000835093695152846,
    "F/C": 0.00035275302829067636,
    "L/I": 0.000626064564322289,
    "L/V": 0.0020406924813848966,
    "L/S": 0.0004575365041292594,
    "L/F": 0.0025421165060089336,
    "L/M": 0.0011327484465691328,
    "L/W": 0.0001574235723874867,
    "L/H": 0.00031042341601869523,
    "L/P": 0.00516851339786875,
    "L/R": 0.001145121823799628,
    "L/Q": 0.0007362193325991462,
    "I/L": 0.0002925232717801544,
    "I/V": 0.0015897037220665904,
    "I/F": 0.00032775616880038053,
    "I/N": 0.0003714423323964964,
    "I/T": 0.0010800065645564007,
    "I/S": 0.0001928556727811541,
    "I/M": 0.0005295249574917797,
    "I/K": 2.228810363527224e-05,
    "I/R": 2.0492871094716738e-05,
    "M/L": 0.0007248527395134595,
    "M/V": 0.0018706550520231943,
    "M/K": 0.0004085624875750641,
    "M/T": 0.0023073767773535607,
    "M/R": 0.00036820171631638427,
    "M/I": 0.0019428373128327308,
    "V/I": 0.007862897816788606,
    "V/L": 0.0030696327910029863,
    "V/F": 0.0007842390142135067,
    "V/D": 0.00031952482493868357,
    "V/A": 0.0029620085310451067,
    "V/G": 0.0008189879211002925,
    "V/E": 0.0004125898480692552,
    "V/M": 0.011787205525495864,
    "S/T": 0.0037851337000077505,
    "S/P": 0.0056242274357126525,
    "S/A": 0.0016994241235102168,
    "S/Y": 0.001825021953128314,
    "S/C": 0.0030595362900569458,
    "S/F": 0.00617384536446514,
    "S/L": 0.029881179261831335,
    "S/W": 0.0025013165885639913,
    "S/R": 0.007548098255887691,
    "S/G": 0.0053676876531331226,
    "S/N": 0.00753905710623953,
    "S/I": 0.001695738812312214,
    "P/T": 0.008740951700061577,
    "P/A": 0.006418495191581567,
    "P/S": 0.024676775458101294,
    "P/H": 0.0038270896299599537,
    "P/R": 0.008860695104983003,
    "P/L": 0.10643397593807431,
    "P/Q": 0.006553529693272186,
    "T/P": 0.001302275303284107,
    "T/A": 0.00468225676629049,
    "T/S": 0.0022001575191253134,
    "T/N": 0.0018943208811189657,
    "T/I": 0.005571075898083661,
    "T/K": 0.0015645185614826414,
    "T/R": 0.001460177854532069,
    "T/M": 0.021530081941615473,
    "A/T": 0.0902323824686876,
    "A/P": 0.007590223624304346,
    "A/S": 0.011464652853182456,
    "A/D": 0.004005393821928833,
    "A/G": 0.00787044673505922,
    "A/V": 0.08174634387425035,
    "A/E": 0.00728073371640524,
    "Y/N": 0.00023323784567431241,
    "Y/H": 0.0011961940365207465,
    "Y/D": 0.00022565314554365165,
    "Y/S": 0.00026651612554087637,
    "Y/C": 0.001448879879790149,
    "Y/F": 0.00024648293973825695,
    "H/N": 0.001318705505415747,
    "H/D": 0.0009099634981920842,
    "H/Y": 0.0036451837686752395,
    "H/P": 0.0010569695471456032,
    "H/R": 0.004284744402274843,
    "H/L": 0.0008517253195981562,
    "H/Q": 0.0040340838909825654,
    "Q/K": 0.002260757416339045,
    "Q/E": 0.0015778614022626594,
    "Q/P": 0.0013608628142684164,
    "Q/R": 0.005782214427503146,
    "Q/L": 0.0010417887275419777,
    "Q/H": 0.0036040266868056074,
    "N/H": 0.0005449224174156062,
    "N/D": 0.0013657018180980435,
    "N/Y": 0.0003102600222295076,
    "N/T": 0.0005449664452303113,
    "N/S": 0.001979535311003689,
    "N/I": 0.0004923339901390673,
    "N/K": 0.0022508908093319883,
    "K/Q": 0.0006840532015766508,
    "K/E": 0.0017122889373228506,
    "K/T": 0.000559638708927468,
    "K/R": 0.0016904194516641129,
    "K/I": 0.00011012775782132423,
    "K/N": 0.00154308816138283,
    "K/M": 0.0003243297385253898,
    "D/N": 0.012455142023861526,
    "D/H": 0.001534365595979496,
    "D/Y": 0.0012425521609503159,
    "D/A": 0.0006636714944836203,
    "D/G": 0.0024282925402361786,
    "D/V": 0.0008288872064705231,
    "D/E": 0.0032871833897355103,
    "E/K": 0.018697877611035387,
    "E/Q": 0.0022556992574554726,
    "E/A": 0.0007712859593423451,
    "E/G": 0.002296084588964123,
    "E/V": 0.0006653421215023289,
    "E/D": 0.002442738657520457,
    "C/S": 0.0004932975289592093,
    "C/R": 0.0010685838988019598,
    "C/G": 0.00024825761451945875,
    "C/Y": 0.0011633925099637425,
    "C/F": 0.0004699904363134313,
    "C/W": 0.0004126232237739945,
    "W/R": 0.0006340711184084974,
    "W/G": 0.00011708913653377601,
    "W/S": 0.00010834627161421449,
    "W/L": 0.00014938771386460627,
    "W/C": 0.00038287242780451423,
    "R/S": 0.0034089070377699825,
    "R/G": 0.004979078536275521,
    "R/C": 0.034694230172581046,
    "R/H": 0.036561164342865514,
    "R/P": 0.003970685401849266,
    "R/L": 0.005183748774660777,
    "R/Q": 0.03292733322415854,
    "R/W": 0.025538708419527364,
    "R/K": 0.0012998101606582087,
    "R/T": 0.0004065688848567966,
    "R/I": 0.00010829841396568877,
    "R/M": 0.0002252413752332906,
    "G/S": 0.08666692723928261,
    "G/R": 0.05498236680769583,
    "G/C": 0.00760850174065394,
    "G/D": 0.016629485238873604,
    "G/A": 0.006920536538278697,
    "G/V": 0.00940570761975363,
    "G/E": 0.009609807563458857,
    "G/W": 0.003125914665644865
}