{
    "K/T": 0.004183604333258455,
    "K/R": 0.010886924996245677,
    "K/I": 0.0014081581753387043,
    "N/T": 0.0026821550688105934,
    "N/S": 0.011466981062504121,
    "N/I": 0.002625991885437253,
    "K/M": 0.0016230222978313906,
    "T/K": 0.007251875331404253,
    "T/R": 0.006910149887543651,
    "T/I": 0.033023307732603945,
    "T/N": 0.007361387196487009,
    "T/S": 0.005186316467103692,
    "T/M": 0.06410653522945829,
    "R/K": 0.020109642437382738,
    "R/T": 0.007832106198872773,
    "R/I": 0.0039266725310306404,
    "S/N": 0.018680515602670728,
    "S/T": 0.0051643107328901,
    "S/I": 0.004190566171013728,
    "R/M": 0.0023589438723811123,
    "I/K": 0.0011050565334499106,
    "I/T": 0.018704192743513967,
    "I/R": 0.0010160479089178494,
    "I/N": 0.0036228038909101004,
    "I/S": 0.002184261606823513,
    "Q/P": 0.004493670556270465,
    "Q/R": 0.015999517373258332,
    "Q/L": 0.0029105888321963964,
    "H/P": 0.0036890678077738386,
    "H/R": 0.018301389893206087,
    "H/L": 0.003486383645312019,
    "P/Q": 0.00658428012103749,
    "P/R": 0.010193127949936272,
    "P/L": 0.08484606915207453,
    "P/H": 0.005205744518357974,
    "R/Q": 0.08599646189652371,
    "R/P": 0.010364390791768084,
    "R/L": 0.011925706185412893,
    "R/H": 0.0893624069896794,
    "L/Q": 0.0028390424809777346,
    "L/P": 0.023963325115660353,
    "L/R": 0.00543571230495524,
    "L/H": 0.002143644946329575,
    "E/A": 0.0032852748277079017,
    "E/G": 0.009350635908531822,
    "E/V": 0.002449406961057282,
    "D/A": 0.002323497847423405,
    "D/G": 0.00923171338885074,
    "D/V": 0.0034839687231903354,
    "A/E": 0.008185435031407638,
    "A/G": 0.010215362587094075,
    "A/V": 0.07557030988117655,
    "A/D": 0.006011321635683096,
    "G/E": 0.01955231030796814,
    "G/A": 0.0094290180737401,
    "G/V": 0.012389898877285381,
    "G/D": 0.01640566120392582,
    "V/E": 0.002318143041388671,
    "V/A": 0.01838266117640751,
    "V/G": 0.005090198333054583,
    "V/D": 0.0021443190207972303,
    "Y/S": 0.0018251561722400797,
    "Y/C": 0.011243303611665005,
    "Y/F": 0.0018137078481220725,
    "S/L": 0.042946016224756536,
    "S/Y": 0.005067686254379469,
    "S/C": 0.005944517265192755,
    "S/F": 0.015489366074526303,
    "S/W": 0.0030057713057193764,
    "C/Y": 0.020230058403042643,
    "C/S": 0.0051079037813867335,
    "C/F": 0.007248455221359491,
    "W/S": 0.002748892488145608,
    "W/L": 0.0037901697801520913,
    "L/S": 0.008400231221325794,
    "F/Y": 0.001874603914344375,
    "F/S": 0.006750544203066391,
    "F/C": 0.0031447413934177024,
    "L/W": 0.0021976775558526264
}