{
    "F/I": 0.0006367703926386343,
    "F/L": 0.004558682760025348,
    "F/V": 0.0007681213563188463,
    "F/Y": 0.0004750782598696075,
    "F/S": 0.0016937289196418976,
    "F/C": 0.0007963169562791704,
    "L/I": 0.0015928296543069387,
    "L/V": 0.003747088663370526,
    "L/S": 0.0018065953952237856,
    "L/F": 0.005788044697063391,
    "L/M": 0.0015038467648486097,
    "L/W": 0.00045639321233270196,
    "L/H": 0.000640261382358007,
    "L/P": 0.007456946800165521,
    "L/R": 0.001696819034015709,
    "L/Q": 0.0009100281686298156,
    "I/L": 0.0011787682479537536,
    "I/V": 0.005745577210236057,
    "I/F": 0.0009984021482577967,
    "I/N": 0.0010240113698592984,
    "I/T": 0.004564411405675732,
    "I/S": 0.0006075258302675903,
    "I/M": 0.0018833220162648844,
    "I/K": 0.00021377255941676303,
    "I/R": 0.00019655389150212378,
    "M/L": 0.001381036921286138,
    "M/V": 0.0034703180593180245,
    "M/K": 0.0008338564333494562,
    "M/T": 0.004709245289201716,
    "M/R": 0.0007514820358154432,
    "M/I": 0.004086658869103884,
    "V/I": 0.012834195914717343,
    "V/L": 0.0053980559710627325,
    "V/F": 0.0016392656602130734,
    "V/D": 0.0008042274264214494,
    "V/A": 0.006688563811618224,
    "V/G": 0.0018550994860488134,
    "V/E": 0.0008347588173980878,
    "V/M": 0.012267418894284267,
    "S/T": 0.006822798543405605,
    "S/P": 0.010002534907306007,
    "S/A": 0.0029825157241849267,
    "S/Y": 0.0032263013178206114,
    "S/C": 0.00550555497327935,
    "S/F": 0.009784671016257374,
    "S/L": 0.019519425935184694,
    "S/W": 0.0013821137972476894,
    "S/R": 0.009241321183936729,
    "S/G": 0.00809861912904379,
    "S/N": 0.01251899087650565,
    "S/I": 0.002807557781590699,
    "P/T": 0.007877349424707256,
    "P/A": 0.0055984739366017455,
    "P/S": 0.02179648557834334,
    "P/H": 0.0034216841170255368,
    "P/R": 0.005635285536709976,
    "P/L": 0.04086500341859959,
    "P/Q": 0.003054494220438804,
    "T/P": 0.0026520189506839525,
    "T/A": 0.009510091533797086,
    "T/S": 0.004520315178738706,
    "T/N": 0.003213022549993875,
    "T/I": 0.013384157007874535,
    "T/K": 0.002409046360798708,
    "T/R": 0.0023035216685471337,
    "T/M": 0.019285257205487818,
    "A/T": 0.028482716645786214,
    "A/P": 0.004089131859790882,
    "A/S": 0.005801455474995031,
    "A/D": 0.002941774650281074,
    "A/G": 0.00416287565051606,
    "A/V": 0.027645072180753533,
    "A/E": 0.002905905843202197,
    "Y/N": 0.00044411480256743315,
    "Y/H": 0.002127076861932837,
    "Y/D": 0.0004126605804353509,
    "Y/S": 0.00046010229966539167,
    "Y/C": 0.0028227185741397176,
    "Y/F": 0.0004561124095905287,
    "H/N": 0.0015831327055922505,
    "H/D": 0.0012529470592313365,
    "H/Y": 0.004762839909218977,
    "H/P": 0.0012961174915957338,
    "H/R": 0.006201832445842053,
    "H/L": 0.0011898838021371112,
    "H/Q": 0.003724076240145696,
    "Q/K": 0.003263408424756371,
    "Q/E": 0.0025204854132185755,
    "Q/P": 0.0021693254280911746,
    "Q/R": 0.00830993587659366,
    "Q/L": 0.0015054048224217953,
    "Q/H": 0.005318660691064848,
    "N/H": 0.0015143221822067224,
    "N/D": 0.0036246816171211214,
    "N/Y": 0.0009669665364785592,
    "N/T": 0.0014265249483189195,
    "N/S": 0.006122466339674616,
    "N/I": 0.0013994382963374828,
    "N/K": 0.004889410124718209,
    "K/Q": 0.003585609417834765,
    "K/E": 0.008654882019113828,
    "K/T": 0.00325709507762831,
    "K/R": 0.00870029657105825,
    "K/I": 0.0010212957837140275,
    "K/N": 0.008281183579999718,
    "K/M": 0.0013663744377179485,
    "D/N": 0.024843855706409942,
    "D/H": 0.005188183374885515,
    "D/Y": 0.004362100941597348,
    "D/A": 0.0026752116743315826,
    "D/G": 0.010696989623544198,
    "D/V": 0.00406541998402814,
    "D/E": 0.010317764239590101,
    "E/K": 0.039999889608309205,
    "E/Q": 0.00815990877839513,
    "E/A": 0.0037361537893953896,
    "E/G": 0.0107395884104956,
    "E/V": 0.002880177990767106,
    "E/D": 0.010476009184785747,
    "C/S": 0.0007437553956209098,
    "C/R": 0.001575421150603295,
    "C/G": 0.00035291863879681815,
    "C/Y": 0.0017794054211567084,
    "C/F": 0.0006213954402717047,
    "C/W": 0.00043851538208085437,
    "W/R": 0.0015435919826906265,
    "W/G": 0.00029039381258876907,
    "W/S": 0.00025461109778046804,
    "W/L": 0.0003510574868456463,
    "W/C": 0.0009007695402814928,
    "R/S": 0.007967648374696535,
    "R/G": 0.013184865032717064,
    "R/C": 0.046493772209691045,
    "R/H": 0.0500950751872838,
    "R/P": 0.006692084843000365,
    "R/L": 0.007874487224011129,
    "R/Q": 0.06399379541713174,
    "R/W": 0.04566818126481357,
    "R/K": 0.008111656525258913,
    "R/T": 0.0029924075831331814,
    "R/I": 0.001340335694960752,
    "R/M": 0.0010733418131012415,
    "G/S": 0.018156601845231077,
    "G/R": 0.02182638428641314,
    "G/C": 0.00249999476153713,
    "G/D": 0.00821381377803364,
    "G/A": 0.004402793261087687,
    "G/V": 0.005855922230869319,
    "G/E": 0.008486403819922802,
    "G/W": 0.0015043385558929142
}