{
    "F/I": 0.0005199235564838535,
    "F/L": 0.003756650544801534,
    "F/V": 0.0006273181230331191,
    "F/Y": 0.000388815133172952,
    "F/S": 0.0013788040612177305,
    "F/C": 0.0006514427350889651,
    "L/I": 0.0019318568482001336,
    "L/V": 0.004700064172646257,
    "L/S": 0.002254648235067471,
    "L/F": 0.007041788051177306,
    "L/M": 0.0019419680697082661,
    "L/W": 0.0005954734080873689,
    "L/H": 0.0007738819336796366,
    "L/P": 0.009415485925732707,
    "L/R": 0.002129618370180112,
    "L/Q": 0.0011732689658556473,
    "I/L": 0.0011794438701047975,
    "I/V": 0.005614330313058156,
    "I/F": 0.0009273420861197456,
    "I/N": 0.0009563586123175034,
    "I/T": 0.004430999572472303,
    "I/S": 0.000565008467796079,
    "I/M": 0.0019221856296151852,
    "I/K": 0.00022813783879681816,
    "I/R": 0.00020976209545668626,
    "M/L": 0.0015145843320656118,
    "M/V": 0.0038626657315779193,
    "M/K": 0.0009046081524974336,
    "M/T": 0.005108819108836588,
    "M/R": 0.0008152443860430468,
    "M/I": 0.004439099240409505,
    "V/I": 0.01674465661281915,
    "V/L": 0.007339426623921558,
    "V/F": 0.0021548565567689314,
    "V/D": 0.0010528522400888372,
    "V/A": 0.008994247610135116,
    "V/G": 0.002497221337301721,
    "V/E": 0.0011391255931156937,
    "V/M": 0.01745115926738202,
    "S/T": 0.007380528982452544,
    "S/P": 0.011189815776030607,
    "S/A": 0.0033458138248601806,
    "S/Y": 0.003609685246447581,
    "S/C": 0.0060595679999463515,
    "S/F": 0.010888110989032555,
    "S/L": 0.020375423724142663,
    "S/W": 0.0014052240741257202,
    "S/R": 0.009760136210629995,
    "S/G": 0.00852457436211684,
    "S/N": 0.013147713496273045,
    "S/I": 0.0029485715960034875,
    "P/T": 0.010514526300744858,
    "P/A": 0.0075838380872301926,
    "P/S": 0.02942654665945295,
    "P/H": 0.004524131860460343,
    "P/R": 0.007545826013702928,
    "P/L": 0.05421257890055802,
    "P/Q": 0.004115443585697489,
    "T/P": 0.003453474386267068,
    "T/A": 0.0123841223833359,
    "T/S": 0.005839891616452713,
    "T/N": 0.00398616843515723,
    "T/I": 0.017338228837388742,
    "T/K": 0.003148124330096654,
    "T/R": 0.0030123034752405687,
    "T/M": 0.02467923271684441,
    "A/T": 0.03838094233648893,
    "A/P": 0.005550497501319515,
    "A/S": 0.00784900276385427,
    "A/D": 0.004022002953202672,
    "A/G": 0.005608035010258612,
    "A/V": 0.03629074942042641,
    "A/E": 0.003747690226866654,
    "Y/N": 0.00033468858532890555,
    "Y/H": 0.0016736221458083437,
    "Y/D": 0.00031724928426120374,
    "Y/S": 0.00035216647285895235,
    "Y/C": 0.0021635232775324793,
    "Y/F": 0.00034939706194763,
    "H/N": 0.0016083728849045533,
    "H/D": 0.001244324433984345,
    "H/Y": 0.004726404782030003,
    "H/P": 0.0013202758771663772,
    "H/R": 0.006364555044009601,
    "H/L": 0.0012192953755763747,
    "H/Q": 0.003932472701270724,
    "Q/K": 0.004538952826509134,
    "Q/E": 0.0034981398187475536,
    "Q/P": 0.0030107116240260215,
    "Q/R": 0.011685314075113081,
    "Q/L": 0.0021153533548864435,
    "Q/H": 0.007275333802820778,
    "N/H": 0.0013439540225288382,
    "N/D": 0.0032010530027719057,
    "N/Y": 0.0008586567570473283,
    "N/T": 0.0012547216852766897,
    "N/S": 0.005490167912721519,
    "N/I": 0.0012432581189181888,
    "N/K": 0.004408833858790486,
    "K/Q": 0.002117897164466796,
    "K/E": 0.005148992996046768,
    "K/T": 0.0019007511097744116,
    "K/R": 0.005155774998416066,
    "K/I": 0.0005697546349065333,
    "K/N": 0.004708791652281233,
    "K/M": 0.0008333445482967228,
    "D/N": 0.02710191590662511,
    "D/H": 0.005637905012785302,
    "D/Y": 0.004749345007545236,
    "D/A": 0.0029319678636329557,
    "D/G": 0.01154313431172098,
    "D/V": 0.004311739022173113,
    "D/E": 0.011278835291993843,
    "E/K": 0.04502606010992823,
    "E/Q": 0.009432638877013096,
    "E/A": 0.004346895921761577,
    "E/G": 0.012531665891970236,
    "E/V": 0.0033836782922854044,
    "E/D": 0.012443447561872448,
    "C/S": 0.0010220982136247153,
    "C/R": 0.0021432795763199237,
    "C/G": 0.0004776388069474156,
    "C/Y": 0.0024586365467395826,
    "C/F": 0.0008373327759768655,
    "C/W": 0.0005894001788687278,
    "W/R": 0.001428865766828776,
    "W/G": 0.00027542454170856914,
    "W/S": 0.0002417022507932467,
    "W/L": 0.00033325878356478696,
    "W/C": 0.000856268180755247,
    "R/S": 0.004549178256271419,
    "R/G": 0.007326423598822994,
    "R/C": 0.022282305340187006,
    "R/H": 0.024475790571216325,
    "R/P": 0.0032159595275885362,
    "R/L": 0.003767985311866202,
    "R/Q": 0.03059701697336926,
    "R/W": 0.022005458430913345,
    "R/K": 0.005100031219685068,
    "R/T": 0.0018988810508872194,
    "R/I": 0.0008682099535104922,
    "R/M": 0.0006620869525159739,
    "G/S": 0.022585947988731106,
    "G/R": 0.028174598617921834,
    "G/C": 0.0031511248045598354,
    "G/D": 0.01051089426998529,
    "G/A": 0.005699067171624008,
    "G/V": 0.007593194403816254,
    "G/E": 0.011105180564242685,
    "G/W": 0.0018997569118816293
}