{
    "F/I": 0.0006645042334806272,
    "F/L": 0.00485088569442776,
    "F/V": 0.0008069573408048472,
    "F/Y": 0.0005122381983389952,
    "F/S": 0.0018353059309430806,
    "F/C": 0.000858950702385555,
    "L/I": 0.002000472349581662,
    "L/V": 0.004611136824062784,
    "L/S": 0.0024006789406891215,
    "L/F": 0.007377647113140613,
    "L/M": 0.001768810897230061,
    "L/W": 0.0005785496874473601,
    "L/H": 0.0008274257933937707,
    "L/P": 0.009016948597753571,
    "L/R": 0.0020715453624291576,
    "L/Q": 0.001066574734667032,
    "I/L": 0.0013624566449233406,
    "I/V": 0.00669466450208412,
    "I/F": 0.0011161899190643009,
    "I/N": 0.0011658510822335317,
    "I/T": 0.0051892430828393175,
    "I/S": 0.0006853072611671913,
    "I/M": 0.002084810475876342,
    "I/K": 0.0002498039806803247,
    "I/R": 0.00022968310174794625,
    "M/L": 0.004589007672729437,
    "M/V": 0.011875406143584523,
    "M/K": 0.002720110385950395,
    "M/T": 0.015361957417167522,
    "M/R": 0.002451398116898693,
    "M/I": 0.01334722977163002,
    "V/I": 0.016439071846892965,
    "V/L": 0.006595698656469992,
    "V/F": 0.0020953154389580816,
    "V/D": 0.00101108671211217,
    "V/A": 0.00824243739402069,
    "V/G": 0.002295061613813293,
    "V/E": 0.001013789878801468,
    "V/M": 0.016663514512100335,
    "S/T": 0.007647078867722149,
    "S/P": 0.011576699446026658,
    "S/A": 0.003508023563042392,
    "S/Y": 0.003984039394073712,
    "S/C": 0.00658167533372277,
    "S/F": 0.012175050531686663,
    "S/L": 0.022126114918071062,
    "S/W": 0.0015739376347501935,
    "S/R": 0.010164763116524143,
    "S/G": 0.009377603713059077,
    "S/N": 0.014015350279729263,
    "S/I": 0.00314490556557383,
    "P/T": 0.014826933690761676,
    "P/A": 0.010777982699686134,
    "P/S": 0.04177344821552944,
    "P/H": 0.0065015994235595185,
    "P/R": 0.010788977451472495,
    "P/L": 0.07666662107864584,
    "P/Q": 0.005815624944603845,
    "T/P": 0.0031844801658044283,
    "T/A": 0.01150804832475156,
    "T/S": 0.0056294751835651346,
    "T/N": 0.004204701711157679,
    "T/I": 0.016614711355234662,
    "T/K": 0.0025856483239093545,
    "T/R": 0.002477146943952311,
    "T/M": 0.019502167278405112,
    "A/T": 0.033265861880969055,
    "A/P": 0.004667084762834049,
    "A/S": 0.0065883415815587085,
    "A/D": 0.00355218080252163,
    "A/G": 0.004710992751216601,
    "A/V": 0.029601476458933816,
    "A/E": 0.0029580589287063353,
    "Y/N": 0.000640742815300557,
    "Y/H": 0.0030968161891205843,
    "Y/D": 0.0005993532599094368,
    "Y/S": 0.0006794301462843691,
    "Y/C": 0.004144570734321792,
    "Y/F": 0.0006712806006603429,
    "H/N": 0.002287981976576152,
    "H/D": 0.0017744623222640187,
    "H/Y": 0.0067540818871339075,
    "H/P": 0.0019083233245846976,
    "H/R": 0.009039841591187023,
    "H/L": 0.0017378898621121703,
    "H/Q": 0.005460671477631937,
    "Q/K": 0.006300803578721839,
    "Q/E": 0.004887319873100532,
    "Q/P": 0.004240039585371381,
    "Q/R": 0.016530668631702723,
    "Q/L": 0.0029917599043066973,
    "Q/H": 0.010562130267893073,
    "N/H": 0.0025242645299929116,
    "N/D": 0.006135876280670944,
    "N/Y": 0.0016296882116024235,
    "N/T": 0.002475408953865702,
    "N/S": 0.010255013103078817,
    "N/I": 0.002384975611350422,
    "N/K": 0.008392668208984821,
    "K/Q": 0.001029208063951511,
    "K/E": 0.002494453062347064,
    "K/T": 0.000934552886334685,
    "K/R": 0.002461236578781817,
    "K/I": 0.000304779167189341,
    "K/N": 0.0023515188094773818,
    "K/M": 0.0003759627888208589,
    "D/N": 0.009914125022925529,
    "D/H": 0.002035357345219275,
    "D/Y": 0.0017011461074061896,
    "D/A": 0.001078371593003139,
    "D/G": 0.0042168642149553685,
    "D/V": 0.0015629939672357387,
    "D/E": 0.00404238376065872,
    "E/K": 0.009962890445584023,
    "E/Q": 0.00201164240155326,
    "E/A": 0.0009324031811942653,
    "E/G": 0.002677672394445,
    "E/V": 0.0007165235237871646,
    "E/D": 0.002682292246421357,
    "C/S": 0.0004179870032463204,
    "C/R": 0.0008523882198150885,
    "C/G": 0.0002016800942619675,
    "C/Y": 0.001026140220793665,
    "C/F": 0.00036471137853530004,
    "C/W": 0.00023679731321591888,
    "W/R": 0.0008602009255895954,
    "W/G": 0.00016577862765232676,
    "W/S": 0.00014348372224958763,
    "W/L": 0.00019783519012054213,
    "W/C": 0.0005211142198469138,
    "R/S": 0.0040674437955197295,
    "R/G": 0.007004578047383279,
    "R/C": 0.02308441622535954,
    "R/H": 0.02592289991974517,
    "R/P": 0.0035548712343371736,
    "R/L": 0.004078975698922194,
    "R/Q": 0.03390450528810611,
    "R/W": 0.022045517379836583,
    "R/K": 0.004238015618203765,
    "R/T": 0.0016253660373413486,
    "R/I": 0.000790717247631704,
    "R/M": 0.0005155460306914419,
    "G/S": 0.02661749981582374,
    "G/R": 0.02969909434350723,
    "G/C": 0.003858451368846159,
    "G/D": 0.01315412966437032,
    "G/A": 0.0067740981349379776,
    "G/V": 0.009069741770838696,
    "G/E": 0.01271145689314413,
    "G/W": 0.0018975837468221922
}