{
    "F/I": 0.0008272388116364359,
    "F/L": 0.0057122099577443155,
    "F/V": 0.0010061065278233526,
    "F/Y": 0.0006349298386068295,
    "F/S": 0.0021518524953610964,
    "F/C": 0.0010599933487693636,
    "L/I": 0.0020970080075725104,
    "L/V": 0.004346075799676275,
    "L/S": 0.0035218932132661616,
    "L/F": 0.0069229559986244945,
    "L/M": 0.0014111068836889955,
    "L/W": 0.0007541156595726656,
    "L/H": 0.0006367216413476938,
    "L/P": 0.007109937683253079,
    "L/R": 0.0015953469442553634,
    "L/Q": 0.0008295472945670047,
    "I/L": 0.002413902190180731,
    "I/V": 0.011184702888050272,
    "I/F": 0.0016089444337970293,
    "I/N": 0.0016102995049646395,
    "I/T": 0.009495561348760678,
    "I/S": 0.001041744009869398,
    "I/M": 0.003817141858665652,
    "I/K": 0.0005875676779900286,
    "I/R": 0.0005402410578088102,
    "M/L": 0.002096314993997463,
    "M/V": 0.005474472551948236,
    "M/K": 0.0013131787954085527,
    "M/T": 0.0074162419438523,
    "M/R": 0.0011834534520521343,
    "M/I": 0.0063726810285770095,
    "V/I": 0.014558164232570406,
    "V/L": 0.006074159594932081,
    "V/F": 0.0019424125703243259,
    "V/D": 0.0010299382727957955,
    "V/A": 0.008323014959187025,
    "V/G": 0.0023054712877721957,
    "V/E": 0.0009655061466350375,
    "V/M": 0.009248381021027346,
    "S/T": 0.009947969689468955,
    "S/P": 0.013565970567083788,
    "S/A": 0.0040744547475949884,
    "S/Y": 0.004176624199082918,
    "S/C": 0.007643810894880139,
    "S/F": 0.0118994508035912,
    "S/L": 0.017459918236086617,
    "S/W": 0.0009826071231110632,
    "S/R": 0.012472268116307653,
    "S/G": 0.012442156488948227,
    "S/N": 0.018963271722968918,
    "S/I": 0.0042469504817277135,
    "P/T": 0.007557243798151251,
    "P/A": 0.0052985772890124004,
    "P/S": 0.02081096755792812,
    "P/H": 0.0029462987863076596,
    "P/R": 0.004808039581017191,
    "P/L": 0.027928771310985562,
    "P/Q": 0.0025190193764399365,
    "T/P": 0.003895441064958836,
    "T/A": 0.014168737989112933,
    "T/S": 0.006521540939297592,
    "T/N": 0.003906498013159513,
    "T/I": 0.020385509782549834,
    "T/K": 0.003404102173380486,
    "T/R": 0.0032874267874451425,
    "T/M": 0.019093739872091654,
    "A/T": 0.017723640403790913,
    "A/P": 0.0030602261092322973,
    "A/S": 0.004262721150936918,
    "A/D": 0.002141712451580079,
    "A/G": 0.0030719697658237776,
    "A/V": 0.016584374804943847,
    "A/E": 0.0020769006773412426,
    "Y/N": 0.0006525852643104953,
    "Y/H": 0.003082648321655321,
    "Y/D": 0.000594292277994597,
    "Y/S": 0.0006451109686653974,
    "Y/C": 0.00417295097299023,
    "Y/F": 0.0006600006019813397,
    "H/N": 0.002147110243836118,
    "H/D": 0.0018020872893244081,
    "H/Y": 0.006615269908212311,
    "H/P": 0.0018252686666168322,
    "H/R": 0.00945232654341192,
    "H/L": 0.001785950955401166,
    "H/Q": 0.004596159462684609,
    "Q/K": 0.004740355811414352,
    "Q/E": 0.003951439665565159,
    "Q/P": 0.0033895525953567605,
    "Q/R": 0.011822533080743035,
    "Q/L": 0.002153372076252729,
    "Q/H": 0.007544239937467269,
    "N/H": 0.004485642494271154,
    "N/D": 0.010486299591912975,
    "N/Y": 0.003028971129134537,
    "N/T": 0.004031053074133692,
    "N/S": 0.018756442138262636,
    "N/I": 0.004125780178399522,
    "N/K": 0.013153701840170427,
    "K/Q": 0.004367847316400876,
    "K/E": 0.010497870269965553,
    "K/T": 0.004152631617096214,
    "K/R": 0.009970968513480574,
    "K/I": 0.0016769487776914943,
    "K/N": 0.00927329462267955,
    "K/M": 0.0012283780508347097,
    "D/N": 0.03519524420238378,
    "D/H": 0.00880563989834181,
    "D/Y": 0.007414638425831364,
    "D/A": 0.004676385223937517,
    "D/G": 0.0191158944807249,
    "D/V": 0.0074389487668087995,
    "D/E": 0.01613815503905161,
    "E/K": 0.045759989773689294,
    "E/Q": 0.011751600279865966,
    "E/A": 0.005814211191275646,
    "E/G": 0.01635438138474915,
    "E/V": 0.004161021501036332,
    "E/D": 0.015298426503683285,
    "C/S": 0.0014985602441831246,
    "C/R": 0.0030802993496600794,
    "C/G": 0.000712569513028655,
    "C/Y": 0.003657812756634419,
    "C/F": 0.0011882295872344866,
    "C/W": 0.0008126000581947725,
    "W/R": 0.0012400451063034436,
    "W/G": 0.00023935730307806627,
    "W/S": 0.00020113104491723338,
    "W/L": 0.0002773192518739424,
    "W/C": 0.0007203712645027003,
    "R/S": 0.004232844880471198,
    "R/G": 0.007152158600513235,
    "R/C": 0.015877212943614678,
    "R/H": 0.01804564409720971,
    "R/P": 0.002396122411790769,
    "R/L": 0.002579017882384529,
    "R/Q": 0.02148294070002586,
    "R/W": 0.01225553930258028,
    "R/K": 0.005723065731800412,
    "R/T": 0.0023294230813790985,
    "R/I": 0.0012641656446026116,
    "R/M": 0.0005979932449036142,
    "G/S": 0.014428443825399463,
    "G/R": 0.020769770498206764,
    "G/C": 0.002324035036411285,
    "G/D": 0.008918246125464668,
    "G/A": 0.004903102946462569,
    "G/V": 0.006637479558639399,
    "G/E": 0.01002815194953554,
    "G/W": 0.0010832764460238036
}