{
    "F/I": 0.0005475910061339798,
    "F/L": 0.004168435841546219,
    "F/V": 0.0006624924421951341,
    "F/Y": 0.0004066216331668881,
    "F/S": 0.0015070351051058696,
    "F/C": 0.000683759551112815,
    "L/I": 0.0014877946140834572,
    "L/V": 0.0041379990109606316,
    "L/S": 0.0015621789672198483,
    "L/F": 0.005617279105538242,
    "L/M": 0.0019761387503794475,
    "L/W": 0.00043420600109567436,
    "L/H": 0.00063558842752318,
    "L/P": 0.00909565527243698,
    "L/R": 0.0020306394494725103,
    "L/Q": 0.0012167661619291311,
    "I/L": 0.0009357451804658858,
    "I/V": 0.004763917208452881,
    "I/F": 0.0008694202591352485,
    "I/N": 0.0009015354317971856,
    "I/T": 0.00348744499677945,
    "I/S": 0.0005148788602788556,
    "I/M": 0.0014528412800145691,
    "I/K": 0.0001308337365678788,
    "I/R": 0.00012029551469253627,
    "M/L": 0.0013179995874954271,
    "M/V": 0.0033867939031843614,
    "M/K": 0.0007569579710672345,
    "M/T": 0.004274957434882736,
    "M/R": 0.0006821801624044532,
    "M/I": 0.003704936705980144,
    "V/I": 0.014509920276268932,
    "V/L": 0.006080558574311831,
    "V/F": 0.0016154352147927887,
    "V/D": 0.0007452732847416101,
    "V/A": 0.006893868864262023,
    "V/G": 0.001906639078314104,
    "V/E": 0.000933921114544947,
    "V/M": 0.01642639909343181,
    "S/T": 0.005754544616088578,
    "S/P": 0.008782342824260414,
    "S/A": 0.0026403225145007476,
    "S/Y": 0.0029279238156992207,
    "S/C": 0.004838150347263552,
    "S/F": 0.009180137481119474,
    "S/L": 0.02063584291256338,
    "S/W": 0.001538489770185757,
    "S/R": 0.008291985075515252,
    "S/G": 0.007200028371339153,
    "S/N": 0.01053817970413585,
    "S/I": 0.00236598086508441,
    "P/T": 0.013199734484260227,
    "P/A": 0.009555263229859662,
    "P/S": 0.03699782756240913,
    "P/H": 0.005993871345238747,
    "P/R": 0.009998511403867556,
    "P/L": 0.07809481915636146,
    "P/Q": 0.0054684414103704174,
    "T/P": 0.002503628768410257,
    "T/A": 0.008995481978817244,
    "T/S": 0.004359407192034865,
    "T/N": 0.0033622159290617208,
    "T/I": 0.012341817300344825,
    "T/K": 0.00216494289865816,
    "T/R": 0.0020581082732641772,
    "T/M": 0.020349599223648655,
    "A/T": 0.03912455549942503,
    "A/P": 0.005010070365965383,
    "A/S": 0.0071853372061157885,
    "A/D": 0.0038299057309649346,
    "A/G": 0.0050145447824803645,
    "A/V": 0.03504789436348403,
    "A/E": 0.0032077607265439687,
    "Y/N": 0.0004402319197684186,
    "Y/H": 0.002188559624266133,
    "Y/D": 0.0004167293629997146,
    "Y/S": 0.0004774626929003828,
    "Y/C": 0.0028427662627176727,
    "Y/F": 0.0004650930309728675,
    "H/N": 0.0013396330527358673,
    "H/D": 0.0010113111264603942,
    "H/Y": 0.003921364368226255,
    "H/P": 0.0011062998882040802,
    "H/R": 0.004964787162431925,
    "H/L": 0.0009651606323755067,
    "H/Q": 0.0035807784783989374,
    "Q/K": 0.003077507522790634,
    "Q/E": 0.0022825057859388142,
    "Q/P": 0.0019939758220382,
    "Q/R": 0.00797391366038015,
    "Q/L": 0.0014411698937768051,
    "Q/H": 0.005015010139314806,
    "N/H": 0.000991401467956788,
    "N/D": 0.002406175535407997,
    "N/Y": 0.0006035728509914686,
    "N/T": 0.0009444994323632049,
    "N/S": 0.003918450584061135,
    "N/I": 0.0009106556427290006,
    "N/K": 0.0033865687041147612,
    "K/Q": 0.0018020339354693474,
    "K/E": 0.0044036278092575406,
    "K/T": 0.001582502856416441,
    "K/R": 0.004478276503632186,
    "K/I": 0.00041227326656117667,
    "K/N": 0.004082761100769998,
    "K/M": 0.0007788955601189764,
    "D/N": 0.02696391167761339,
    "D/H": 0.004837761787044814,
    "D/Y": 0.004061187543700286,
    "D/A": 0.0024352376007565285,
    "D/G": 0.009479064759248102,
    "D/V": 0.003494819413894916,
    "D/E": 0.010289121777022903,
    "E/K": 0.04835488528191432,
    "E/Q": 0.009251324542053723,
    "E/A": 0.004147746531518529,
    "E/G": 0.012087343201162665,
    "E/V": 0.00334489832165107,
    "E/D": 0.011950161652142082,
    "C/S": 0.0007570413104440162,
    "C/R": 0.0016004419668671393,
    "C/G": 0.0003632120222156438,
    "C/Y": 0.0018221153306004108,
    "C/F": 0.0006721261606270472,
    "C/W": 0.0004915194650193444,
    "W/R": 0.0013256461748830525,
    "W/G": 0.0002507301283549583,
    "W/S": 0.0002264848582627737,
    "W/L": 0.00031227706036158836,
    "W/C": 0.0008164197901383572,
    "R/S": 0.004669318930254629,
    "R/G": 0.007773994295854336,
    "R/C": 0.032132127873172336,
    "R/H": 0.03423833498743087,
    "R/P": 0.004565284330768792,
    "R/L": 0.0055623269050270995,
    "R/Q": 0.044897459477312086,
    "R/W": 0.03429168261501794,
    "R/K": 0.003995389678153123,
    "R/T": 0.0014020036816467362,
    "R/I": 0.0005552077991792295,
    "R/M": 0.00058117113515247,
    "G/S": 0.019389550028997893,
    "G/R": 0.02611097857977602,
    "G/C": 0.002716040667330907,
    "G/D": 0.008741989217709266,
    "G/A": 0.004694301696393152,
    "G/V": 0.0061963653576479595,
    "G/E": 0.008928412242234141,
    "G/W": 0.0018760242637864612
}