{
    "F/I": 0.00034977086222341794,
    "F/L": 0.0027851723223858925,
    "F/V": 0.00042327641231518004,
    "F/Y": 0.0002674170273982911,
    "F/S": 0.0010058880870348827,
    "F/C": 0.0004502420771926111,
    "L/I": 0.0007661759245412757,
    "L/V": 0.0021843869357991174,
    "L/S": 0.0007634332018598074,
    "L/F": 0.0031572025254074905,
    "L/M": 0.001084058833347238,
    "L/W": 0.00023483069391200644,
    "L/H": 0.0003696355487154767,
    "L/P": 0.0050555332332339895,
    "L/R": 0.00114050414376383,
    "L/Q": 0.0006707564805394382,
    "I/L": 0.00039071431048267084,
    "I/V": 0.0020249751512207877,
    "I/F": 0.00040459277002449773,
    "I/N": 0.0004358381472049566,
    "I/T": 0.0015150713824370887,
    "I/S": 0.00024213789439912997,
    "I/M": 0.0006591736382316187,
    "I/K": 4.5194955606706614e-05,
    "I/R": 4.1554652407213237e-05,
    "M/L": 0.0008724451171783131,
    "M/V": 0.0021858995740638124,
    "M/K": 0.0005126530289146921,
    "M/T": 0.002895233237829733,
    "M/R": 0.0004620094376297881,
    "M/I": 0.002456699794087648,
    "V/I": 0.009589659237357023,
    "V/L": 0.0031836083848628314,
    "V/F": 0.0008962285481380679,
    "V/D": 0.0003775977638420045,
    "V/A": 0.0033270470883371302,
    "V/G": 0.0009207793738694729,
    "V/E": 0.00044373137661690216,
    "V/M": 0.010134324728323358,
    "S/T": 0.004437852704566106,
    "S/P": 0.005731917842622729,
    "S/A": 0.0017129980653977038,
    "S/Y": 0.0018725464627222521,
    "S/C": 0.003414240532875967,
    "S/F": 0.006119276716108969,
    "S/L": 0.021439937763760943,
    "S/W": 0.0017292446226001518,
    "S/R": 0.008385345090648642,
    "S/G": 0.006474326478853252,
    "S/N": 0.009496176564467848,
    "S/I": 0.002133420328181574,
    "P/T": 0.005943090987109322,
    "P/A": 0.004373005604789482,
    "P/S": 0.016810044537931324,
    "P/H": 0.002825653798598369,
    "P/R": 0.005233685977330596,
    "P/L": 0.05090427725948577,
    "P/Q": 0.003236354042799244,
    "T/P": 0.0013524792333480255,
    "T/A": 0.0048709618219608996,
    "T/S": 0.0023237542342019425,
    "T/N": 0.0018707611412329948,
    "T/I": 0.006304304058373569,
    "T/K": 0.0014914104468062624,
    "T/R": 0.0014030468264381207,
    "T/M": 0.017732159416683067,
    "A/T": 0.0434271822675715,
    "A/P": 0.004416808916314955,
    "A/S": 0.006512087674785574,
    "A/D": 0.002779632317344873,
    "A/G": 0.004698115080595323,
    "A/V": 0.04275110413544817,
    "A/E": 0.0039005499288503865,
    "Y/N": 0.0002753032363834464,
    "Y/H": 0.0013901705378865023,
    "Y/D": 0.0002640935940327443,
    "Y/S": 0.00031525476507639335,
    "Y/C": 0.001835083256060445,
    "Y/F": 0.0003030980964075944,
    "H/N": 0.001089041687463739,
    "H/D": 0.0007903255946804823,
    "H/Y": 0.0031092304184131285,
    "H/P": 0.0009019956787760142,
    "H/R": 0.0038447923782066115,
    "H/L": 0.0007557432442342679,
    "H/Q": 0.0031811816098675314,
    "Q/K": 0.0020728101208321217,
    "Q/E": 0.0014855635185095657,
    "Q/P": 0.0013037905180235314,
    "Q/R": 0.00540639379489119,
    "Q/L": 0.0009752805388497505,
    "Q/H": 0.003435466117055966,
    "N/H": 0.0007064095564897183,
    "N/D": 0.0017399926646792059,
    "N/Y": 0.0004262598183697745,
    "N/T": 0.0007018419382275879,
    "N/S": 0.002711707356415416,
    "N/I": 0.0006531585907233046,
    "N/K": 0.00269020364018356,
    "K/Q": 0.0015851004886812436,
    "K/E": 0.0039063841128511335,
    "K/T": 0.0013918996478785187,
    "K/R": 0.004069199984090184,
    "K/I": 0.00031906304558693724,
    "K/N": 0.0037657974422066194,
    "K/M": 0.0007447676193145803,
    "D/N": 0.018664877161075483,
    "D/H": 0.0028436789079318535,
    "D/Y": 0.002356201984564093,
    "D/A": 0.0013626726977407366,
    "D/G": 0.005175480048913017,
    "D/V": 0.0018530299236724818,
    "D/E": 0.006128819406413466,
    "E/K": 0.02966001245533238,
    "E/Q": 0.004449813054321822,
    "E/A": 0.0017991643696771882,
    "E/G": 0.005290628686817782,
    "E/V": 0.0014934609899749773,
    "E/D": 0.0054725239990463794,
    "C/S": 0.0007697224786406571,
    "C/R": 0.0016020620743988718,
    "C/G": 0.00036140823290199003,
    "C/Y": 0.0018701025210240184,
    "C/F": 0.0007089291071351515,
    "C/W": 0.000586989383535386,
    "W/R": 0.0010367575955183659,
    "W/G": 0.00019951229516236064,
    "W/S": 0.0001818573297265999,
    "W/L": 0.00025074467568309407,
    "W/C": 0.0006517018367230525,
    "R/S": 0.006337760561380662,
    "R/G": 0.010743648044058559,
    "R/C": 0.05302888333493279,
    "R/H": 0.0577799462582822,
    "R/P": 0.007366253537267274,
    "R/L": 0.009018634305367734,
    "R/Q": 0.07020260889248368,
    "R/W": 0.05307969375132646,
    "R/K": 0.004205889681711621,
    "R/T": 0.0015141826006608405,
    "R/I": 0.0006403932399550174,
    "R/M": 0.0005838178453463204,
    "G/S": 0.07974487384070154,
    "G/R": 0.05575121570147,
    "G/C": 0.007822904754749954,
    "G/D": 0.01997668810188793,
    "G/A": 0.008605601225717756,
    "G/V": 0.011840098202554114,
    "G/E": 0.012992016152870035,
    "G/W": 0.003015127356454167
}