{
    "F/I": 0.0005161030374680724,
    "F/L": 0.0037421472324869636,
    "F/V": 0.0006247896310970831,
    "F/Y": 0.00037950092104587933,
    "F/S": 0.0013894396653480817,
    "F/C": 0.0006375028577498322,
    "L/I": 0.001620192222700376,
    "L/V": 0.0038205743577486165,
    "L/S": 0.0018063313372384474,
    "L/F": 0.0060401146559169614,
    "L/M": 0.0015540999417389186,
    "L/W": 0.00047846367496719774,
    "L/H": 0.0006634471255675799,
    "L/P": 0.007709667916011811,
    "L/R": 0.001753389980322817,
    "L/Q": 0.0009405421876046854,
    "I/L": 0.0010773401718273373,
    "I/V": 0.004965708998912612,
    "I/F": 0.0008413778850020742,
    "I/N": 0.0008590360615424266,
    "I/T": 0.004086266384958316,
    "I/S": 0.0005116241533006621,
    "I/M": 0.0016726431427360586,
    "I/K": 0.00021625400242049296,
    "I/R": 0.00019883546253375928,
    "M/L": 0.002722071618687542,
    "M/V": 0.006832690728011939,
    "M/K": 0.0015901570512601145,
    "M/T": 0.008980490289746653,
    "M/R": 0.0014330697831846425,
    "M/I": 0.007769632027538735,
    "V/I": 0.014268486790899244,
    "V/L": 0.005528212602615524,
    "V/F": 0.0017860430456428118,
    "V/D": 0.0008406478383929394,
    "V/A": 0.006977723018067093,
    "V/G": 0.0019299375109276594,
    "V/E": 0.0008751292970713276,
    "V/M": 0.010114735178218495,
    "S/T": 0.005241785662335453,
    "S/P": 0.008244061853115086,
    "S/A": 0.002491710601905714,
    "S/Y": 0.002814782687325106,
    "S/C": 0.004521276184581099,
    "S/F": 0.008770487943399621,
    "S/L": 0.015105825654865708,
    "S/W": 0.0010755158775193141,
    "S/R": 0.006659985468628706,
    "S/G": 0.00607781835494184,
    "S/N": 0.009198345427455836,
    "S/I": 0.0020638108023999986,
    "P/T": 0.015936826187176678,
    "P/A": 0.011094076944283677,
    "P/S": 0.04349665651367125,
    "P/H": 0.00618504250467901,
    "P/R": 0.01157486000627094,
    "P/L": 0.09498162705104153,
    "P/Q": 0.007267826247177701,
    "T/P": 0.002691867780959958,
    "T/A": 0.009677349973679817,
    "T/S": 0.004696083744896839,
    "T/N": 0.003482202222561817,
    "T/I": 0.01332121859452683,
    "T/K": 0.002343734445023983,
    "T/R": 0.002230323544739771,
    "T/M": 0.0214651657490742,
    "A/T": 0.03449174318188074,
    "A/P": 0.004932269052039811,
    "A/S": 0.006958516700785871,
    "A/D": 0.0034482282368108086,
    "A/G": 0.005316651283425049,
    "A/V": 0.03997886245668935,
    "A/E": 0.004049165174866742,
    "Y/N": 0.000573698172560451,
    "Y/H": 0.0027734390366432682,
    "Y/D": 0.0005369449907135463,
    "Y/S": 0.0006046331556689284,
    "Y/C": 0.0037490771818466276,
    "Y/F": 0.0006031652832267811,
    "H/N": 0.0028424420076206647,
    "H/D": 0.0021490022090144504,
    "H/Y": 0.008278711468870468,
    "H/P": 0.0023088603550346226,
    "H/R": 0.010675103751992262,
    "H/L": 0.0020624249242936045,
    "H/Q": 0.006877832812049574,
    "Q/K": 0.016733591806429776,
    "Q/E": 0.012118579229032062,
    "Q/P": 0.00998544583752362,
    "Q/R": 0.04020003057987358,
    "Q/L": 0.0072630025307053635,
    "Q/H": 0.02496708863433188,
    "N/H": 0.001482542813921249,
    "N/D": 0.0035941220623263988,
    "N/Y": 0.0009494771163619743,
    "N/T": 0.00145732789080878,
    "N/S": 0.005864544297840763,
    "N/I": 0.0013837558367786485,
    "N/K": 0.004983029215732172,
    "K/Q": 0.0016497197776254135,
    "K/E": 0.003994236977812175,
    "K/T": 0.0014491047905555022,
    "K/R": 0.004131306656641793,
    "K/I": 0.00036731611035385286,
    "K/N": 0.003864970059728961,
    "K/M": 0.0007272217580935458,
    "D/N": 0.00834492537892984,
    "D/H": 0.0015895379499796716,
    "D/Y": 0.0013311369017427917,
    "D/A": 0.000808719250713817,
    "D/G": 0.003144866094235543,
    "D/V": 0.0011581725206732997,
    "D/E": 0.0031364709497942313,
    "E/K": 0.014543594043463958,
    "E/Q": 0.0029823599528353284,
    "E/A": 0.0013622063172643098,
    "E/G": 0.003938180761441097,
    "E/V": 0.0010702772869678418,
    "E/D": 0.003955293935035315,
    "C/S": 0.0011667684275752368,
    "C/R": 0.0024964251832401076,
    "C/G": 0.0005806791677668178,
    "C/Y": 0.0027301453168855545,
    "C/F": 0.0010191015913659125,
    "C/W": 0.0006825128851014699,
    "W/R": 0.0008416914151748814,
    "W/G": 0.0001707658672982684,
    "W/S": 0.00015164433914677968,
    "W/L": 0.0002090870392504985,
    "W/C": 0.0005481441878496236,
    "R/S": 0.003424823595046094,
    "R/G": 0.005941904351314035,
    "R/C": 0.025099938377601567,
    "R/H": 0.02677533476671569,
    "R/P": 0.0037505139596887348,
    "R/L": 0.004412977671504432,
    "R/Q": 0.03711601501991736,
    "R/W": 0.026258833798974358,
    "R/K": 0.002707363515872885,
    "R/T": 0.0009690158153372637,
    "R/I": 0.00040394083965815733,
    "R/M": 0.00037995149250624787,
    "G/S": 0.01991068994549405,
    "G/R": 0.020515530205386264,
    "G/C": 0.002781430400638405,
    "G/D": 0.009053254714210927,
    "G/A": 0.004450365907645235,
    "G/V": 0.0059868485920988096,
    "G/E": 0.007907966596719359,
    "G/W": 0.0013487204346775761
}