{
    "F/I": 0.0005181414396795774,
    "F/L": 0.003770506525458233,
    "F/V": 0.0006268866283957548,
    "F/Y": 0.00038634224835537936,
    "F/S": 0.001383838896439329,
    "F/C": 0.0006478261018173912,
    "L/I": 0.0017500742364385577,
    "L/V": 0.004178633592366028,
    "L/S": 0.002136118707000679,
    "L/F": 0.006441882929163937,
    "L/M": 0.0016955134270237693,
    "L/W": 0.0005532136014013404,
    "L/H": 0.0007031215005310005,
    "L/P": 0.00818659402517884,
    "L/R": 0.0018636886512993268,
    "L/Q": 0.001001962304749862,
    "I/L": 0.0011520503908424233,
    "I/V": 0.00555131196766256,
    "I/F": 0.0009347388705478245,
    "I/N": 0.0009569918867784595,
    "I/T": 0.00438252734751164,
    "I/S": 0.0005704652937251287,
    "I/M": 0.0017640093568927647,
    "I/K": 0.0002144162133986259,
    "I/R": 0.00019714570129876556,
    "M/L": 0.0015742572952665778,
    "M/V": 0.003978581276489107,
    "M/K": 0.000937372531666316,
    "M/T": 0.005293857554405567,
    "M/R": 0.0008447720617619456,
    "M/I": 0.004671629821595473,
    "V/I": 0.015335083472525112,
    "V/L": 0.005857760206057495,
    "V/F": 0.0018739343693603627,
    "V/D": 0.0009032867098502182,
    "V/A": 0.0072895247905232895,
    "V/G": 0.002027834495377758,
    "V/E": 0.0008926002762294046,
    "V/M": 0.012528241136011831,
    "S/T": 0.0073378096006206294,
    "S/P": 0.011311817572776819,
    "S/A": 0.003363677836948162,
    "S/Y": 0.0037367019856687344,
    "S/C": 0.006114886604645711,
    "S/F": 0.011535955322861063,
    "S/L": 0.019606360903498748,
    "S/W": 0.001359080098096606,
    "S/R": 0.009398405255561248,
    "S/G": 0.008503298602079695,
    "S/N": 0.012844852848788358,
    "S/I": 0.0028821563371875386,
    "P/T": 0.009339133912470514,
    "P/A": 0.0066615364966928405,
    "P/S": 0.02592251646918554,
    "P/H": 0.004004838484073832,
    "P/R": 0.006780062711806131,
    "P/L": 0.05111535716180906,
    "P/Q": 0.003780831455033538,
    "T/P": 0.003234145505565814,
    "T/A": 0.011581802366470124,
    "T/S": 0.005518431658051449,
    "T/N": 0.003957743054837553,
    "T/I": 0.01633223894120801,
    "T/K": 0.0028442908347034433,
    "T/R": 0.0027213175085494465,
    "T/M": 0.022362986965990893,
    "A/T": 0.034142415406149616,
    "A/P": 0.004892016376923392,
    "A/S": 0.006864160538483749,
    "A/D": 0.0035782292406280935,
    "A/G": 0.004939595010724117,
    "A/V": 0.032314947779803066,
    "A/E": 0.0033351366159173,
    "Y/N": 0.0003322930697943363,
    "Y/H": 0.001627227447148635,
    "Y/D": 0.00031175003124920463,
    "Y/S": 0.00034777169282952864,
    "Y/C": 0.0021295635367171465,
    "Y/F": 0.0003443743241786862,
    "H/N": 0.0018055495241530535,
    "H/D": 0.0014282207136839492,
    "H/Y": 0.005450215918989608,
    "H/P": 0.0014822214977942992,
    "H/R": 0.007024761647947705,
    "H/L": 0.0013503637362583833,
    "H/Q": 0.004234461112263327,
    "Q/K": 0.0037493076032904795,
    "Q/E": 0.002940896595055952,
    "Q/P": 0.0025040748839673527,
    "Q/R": 0.009582878384015942,
    "Q/L": 0.0017361013556210301,
    "Q/H": 0.006166392688660432,
    "N/H": 0.0016749669500522879,
    "N/D": 0.003965041410021987,
    "N/Y": 0.0010654120685487584,
    "N/T": 0.0016136084791982027,
    "N/S": 0.006691522813047386,
    "N/I": 0.0015554517952067629,
    "N/K": 0.005468899938682962,
    "K/Q": 0.004281301541044646,
    "K/E": 0.010353630015628832,
    "K/T": 0.0039015109733680554,
    "K/R": 0.010428493782788307,
    "K/I": 0.0012210712807496245,
    "K/N": 0.009920584200498534,
    "K/M": 0.0016398465403745664,
    "D/N": 0.014806316108700895,
    "D/H": 0.003108010089211904,
    "D/Y": 0.002603910300238284,
    "D/A": 0.0015988469171875947,
    "D/G": 0.006285939111325073,
    "D/V": 0.002344316626429397,
    "D/E": 0.005886944993034281,
    "E/K": 0.023847288466371963,
    "E/Q": 0.005270082640517254,
    "E/A": 0.002450916997581404,
    "E/G": 0.00702520187862269,
    "E/V": 0.0018715151145125813,
    "E/D": 0.007038112824645576,
    "C/S": 0.000814398632445473,
    "C/R": 0.0017160187829042876,
    "C/G": 0.00039698317204387313,
    "C/Y": 0.0019581607848223274,
    "C/F": 0.0006939995240683804,
    "C/W": 0.0004759486248940933,
    "W/R": 0.001452053811104064,
    "W/G": 0.00027571838483336845,
    "W/S": 0.00023581451919444784,
    "W/L": 0.0003251407860528383,
    "W/C": 0.0008354952671033665,
    "R/S": 0.007756209786903611,
    "R/G": 0.012584869865607638,
    "R/C": 0.042287699595091946,
    "R/H": 0.04563130391912811,
    "R/P": 0.0060893097174302,
    "R/L": 0.007013223550299289,
    "R/Q": 0.05717355328715683,
    "R/W": 0.03854783923387131,
    "R/K": 0.008351152709944253,
    "R/T": 0.0030892810962411966,
    "R/I": 0.0013923516035045276,
    "R/M": 0.001098809599398731,
    "G/S": 0.01877592661828546,
    "G/R": 0.024343558407009136,
    "G/C": 0.0027338314991912772,
    "G/D": 0.009294040142186204,
    "G/A": 0.0049031356674285285,
    "G/V": 0.006542341049112164,
    "G/E": 0.009340352599964049,
    "G/W": 0.0016088328366816386
}