{
    "F/I": 0.0005423746673063471,
    "F/L": 0.00414827470768697,
    "F/V": 0.0006558163942166432,
    "F/Y": 0.0004079144087224637,
    "F/S": 0.0015119407235270825,
    "F/C": 0.000685937793286452,
    "L/I": 0.0014769576530111587,
    "L/V": 0.004098761776072585,
    "L/S": 0.001575660713122149,
    "L/F": 0.005588332741580504,
    "L/M": 0.0019511498588344178,
    "L/W": 0.0004369101655643824,
    "L/H": 0.0006397329726020429,
    "L/P": 0.009130375808172686,
    "L/R": 0.0020387378026031373,
    "L/Q": 0.0012202521740383944,
    "I/L": 0.0009320824945153422,
    "I/V": 0.004756499444079673,
    "I/F": 0.0008702240100169479,
    "I/N": 0.0009100108818543348,
    "I/T": 0.0035079896376098867,
    "I/S": 0.0005198262922039957,
    "I/M": 0.0014580599334499554,
    "I/K": 0.00013006828000807063,
    "I/R": 0.00011959171311006664,
    "M/L": 0.0013026452164206573,
    "M/V": 0.0033447817982482494,
    "M/K": 0.0007666367651516651,
    "M/T": 0.004329618901322669,
    "M/R": 0.0006909028148802379,
    "M/I": 0.0037521116895478787,
    "V/I": 0.014335717662697913,
    "V/L": 0.006030578611909043,
    "V/F": 0.0016023667856755533,
    "V/D": 0.0007492056428848521,
    "V/A": 0.006946435281251625,
    "V/G": 0.0019210314518360717,
    "V/E": 0.000941848785683645,
    "V/M": 0.016312631738850922,
    "S/T": 0.005775232981722597,
    "S/P": 0.008771710773773748,
    "S/A": 0.0026393755753001047,
    "S/Y": 0.0029384637960341562,
    "S/C": 0.004854661752112782,
    "S/F": 0.009204961805991901,
    "S/L": 0.020675652422716986,
    "S/W": 0.0015378997161825487,
    "S/R": 0.00835500378082003,
    "S/G": 0.007215746699046532,
    "S/N": 0.01063342069585098,
    "S/I": 0.0023873288611523874,
    "P/T": 0.013139255625463456,
    "P/A": 0.00952008116364179,
    "P/S": 0.03684925969847941,
    "P/H": 0.00603368505955578,
    "P/R": 0.010025750349147154,
    "P/L": 0.07774216896004117,
    "P/Q": 0.005454971950173178,
    "T/P": 0.0025186071443691676,
    "T/A": 0.009051811546161874,
    "T/S": 0.004396799227931108,
    "T/N": 0.0033932955322874855,
    "T/I": 0.012494116648140562,
    "T/K": 0.0021862011158128476,
    "T/R": 0.002078695274384923,
    "T/M": 0.020454400025804988,
    "A/T": 0.038757986261077994,
    "A/P": 0.004963777017595202,
    "A/S": 0.007111211879098952,
    "A/D": 0.003836660789320986,
    "A/G": 0.005019639623589111,
    "A/V": 0.034949458805436366,
    "A/E": 0.0032021456477601355,
    "Y/N": 0.00043000552233249953,
    "Y/H": 0.0021539930558261257,
    "Y/D": 0.0004079813820648048,
    "Y/S": 0.00047678677404829707,
    "Y/C": 0.002837632550566445,
    "Y/F": 0.00046432903257133927,
    "H/N": 0.0013333167643604974,
    "H/D": 0.001007027080096246,
    "H/Y": 0.00390440170006702,
    "H/P": 0.0011141497010226926,
    "H/R": 0.004999491259497207,
    "H/L": 0.0009719285829442596,
    "H/Q": 0.0035848594559373804,
    "Q/K": 0.003057200485740165,
    "Q/E": 0.002270823009654458,
    "Q/P": 0.0020069988747405563,
    "Q/R": 0.008023405162253514,
    "Q/L": 0.0014501395956324106,
    "Q/H": 0.00503590988306679,
    "N/H": 0.0009873761639082733,
    "N/D": 0.0023957381155471588,
    "N/Y": 0.0006030183307127467,
    "N/T": 0.0009497523391054945,
    "N/S": 0.003942742012553217,
    "N/I": 0.0009160143074731536,
    "N/K": 0.003410771059174674,
    "K/Q": 0.001800020907952127,
    "K/E": 0.004394594914855359,
    "K/T": 0.001598645611563638,
    "K/R": 0.004519165621829236,
    "K/I": 0.00041808074413811233,
    "K/N": 0.004123627600234499,
    "K/M": 0.0007846456076708904,
    "D/N": 0.026970446995648663,
    "D/H": 0.004854150860316311,
    "D/Y": 0.004076825663637415,
    "D/A": 0.0024617463681434596,
    "D/G": 0.009584760079997126,
    "D/V": 0.0035348634904607745,
    "D/E": 0.010377734355928269,
    "E/K": 0.04856905332685649,
    "E/Q": 0.009286169867525512,
    "E/A": 0.004198612028765622,
    "E/G": 0.012234062654723115,
    "E/V": 0.003384563689777594,
    "E/D": 0.012084433753819112,
    "C/S": 0.0007554043319871723,
    "C/R": 0.0015789045668885516,
    "C/G": 0.0003598572157260111,
    "C/Y": 0.0018307625230718164,
    "C/F": 0.0006729351812662891,
    "C/W": 0.0004931468328263562,
    "W/R": 0.0013171279824573403,
    "W/G": 0.0002501119431000104,
    "W/S": 0.00022802693141096207,
    "W/L": 0.0003144032690329875,
    "W/C": 0.0008231215837827703,
    "R/S": 0.004684775332309007,
    "R/G": 0.007736695709579337,
    "R/C": 0.03201784893808205,
    "R/H": 0.03440655925321222,
    "R/P": 0.004562184571968676,
    "R/L": 0.005560181693815079,
    "R/Q": 0.04469836372713247,
    "R/W": 0.033903712841460584,
    "R/K": 0.004040580268521667,
    "R/T": 0.001417581109405261,
    "R/I": 0.0005610785235121319,
    "R/M": 0.0005879491481756039,
    "G/S": 0.019087165511047957,
    "G/R": 0.026190310427210012,
    "G/C": 0.002697157565867318,
    "G/D": 0.008797463297150247,
    "G/A": 0.004741202125194748,
    "G/V": 0.0062548599614762005,
    "G/E": 0.009045938117105181,
    "G/W": 0.0018831587719482191
}