{
    "F/I": 0.0006559957644398525,
    "F/L": 0.004888642743682529,
    "F/V": 0.00078977375827377,
    "F/Y": 0.0005058624421663351,
    "F/S": 0.0018043047505107831,
    "F/C": 0.0008479482897741561,
    "L/I": 0.0017657306750873446,
    "L/V": 0.004235787991180462,
    "L/S": 0.002115343247952985,
    "L/F": 0.006390446081446735,
    "L/M": 0.0017306693371886982,
    "L/W": 0.0005384082848407934,
    "L/H": 0.0007194622277604094,
    "L/P": 0.008675119852750433,
    "L/R": 0.0019641500287380714,
    "L/Q": 0.0010762452910407171,
    "I/L": 0.0012253140496279295,
    "I/V": 0.0061124806302505115,
    "I/F": 0.0010440037187221898,
    "I/N": 0.001069719402654796,
    "I/T": 0.004817632027479963,
    "I/S": 0.0006502695866913441,
    "I/M": 0.0019482069619731436,
    "I/K": 0.00021234290133834852,
    "I/R": 0.000195239387621942,
    "M/L": 0.0016619712428769234,
    "M/V": 0.004287531415950436,
    "M/K": 0.0010070470948957471,
    "M/T": 0.005687348082921827,
    "M/R": 0.0009075636653595551,
    "M/I": 0.004962941487092377,
    "V/I": 0.01528155529603369,
    "V/L": 0.006259998103564158,
    "V/F": 0.001860627592430972,
    "V/D": 0.0009353927198739975,
    "V/A": 0.007844560614070151,
    "V/G": 0.0021749313966825112,
    "V/E": 0.0009819547731113102,
    "V/M": 0.014064533349222707,
    "S/T": 0.008784484353168436,
    "S/P": 0.012908371946001614,
    "S/A": 0.0039007430175829042,
    "S/Y": 0.004436784111932406,
    "S/C": 0.007426051793697451,
    "S/F": 0.013638101012357086,
    "S/L": 0.023150239437604372,
    "S/W": 0.0016118962014318985,
    "S/R": 0.012117447836649007,
    "S/G": 0.011035158949109114,
    "S/N": 0.016472140231353995,
    "S/I": 0.0036954484743595265,
    "P/T": 0.008689695564999838,
    "P/A": 0.006294063088119123,
    "P/S": 0.024382991067062848,
    "P/H": 0.003866069579677243,
    "P/R": 0.006320503380362557,
    "P/L": 0.04477851308435057,
    "P/Q": 0.003339061279922851,
    "T/P": 0.0031546274917674108,
    "T/A": 0.011464739274563505,
    "T/S": 0.005383173586249122,
    "T/N": 0.0039623937283066665,
    "T/I": 0.016143838894966105,
    "T/K": 0.0028561390276735077,
    "T/R": 0.0027307219970509086,
    "T/M": 0.022941875479010908,
    "A/T": 0.03042512858070098,
    "A/P": 0.00439175777425756,
    "A/S": 0.006245935820975219,
    "A/D": 0.0033194627630067,
    "A/G": 0.004556498116851595,
    "A/V": 0.029758639541299408,
    "A/E": 0.0030251850294618367,
    "Y/N": 0.0004984103875835081,
    "Y/H": 0.002386172255170111,
    "Y/D": 0.0004608732290120756,
    "Y/S": 0.0005252884703302427,
    "Y/C": 0.0032188997807339227,
    "Y/F": 0.0005203778296897944,
    "H/N": 0.0015996491530267836,
    "H/D": 0.0012612543066825063,
    "H/Y": 0.0048184627091594915,
    "H/P": 0.0013668736875293527,
    "H/R": 0.0065590084654585604,
    "H/L": 0.0012576973845815787,
    "H/Q": 0.003899747755801932,
    "Q/K": 0.0037457047794127256,
    "Q/E": 0.0029119705209888548,
    "Q/P": 0.0025542331143332602,
    "Q/R": 0.009954871436975318,
    "Q/L": 0.0018016892170820951,
    "Q/H": 0.00638799140278975,
    "N/H": 0.0017618542907882468,
    "N/D": 0.004250930451152452,
    "N/Y": 0.001129944850840068,
    "N/T": 0.0016763499627155535,
    "N/S": 0.007165815024973138,
    "N/I": 0.0016411230578613498,
    "N/K": 0.005721594884238386,
    "K/Q": 0.0020239990565472914,
    "K/E": 0.004929074578063254,
    "K/T": 0.0018550078466369818,
    "K/R": 0.00489532406566542,
    "K/I": 0.0006016251639263963,
    "K/N": 0.004490578400539729,
    "K/M": 0.0007508249824106886,
    "D/N": 0.03268711936136713,
    "D/H": 0.006668364760355258,
    "D/Y": 0.005603135253884745,
    "D/A": 0.003446099223810473,
    "D/G": 0.013764444261111803,
    "D/V": 0.005224967086186113,
    "D/E": 0.01340057497930187,
    "E/K": 0.043694240595996366,
    "E/Q": 0.00934952072862246,
    "E/A": 0.004432330796968503,
    "E/G": 0.012747280525966055,
    "E/V": 0.0034227029575161516,
    "E/D": 0.01227122688304123,
    "C/S": 0.0009792635339829973,
    "C/R": 0.00200765844211619,
    "C/G": 0.00045484495656649185,
    "C/Y": 0.002391370716098091,
    "C/F": 0.0008516307524668745,
    "C/W": 0.0006166193295777299,
    "W/R": 0.001825604488202509,
    "W/G": 0.0003453169429868877,
    "W/S": 0.0003129209039346876,
    "W/L": 0.00043145498006334803,
    "W/C": 0.001119936192742395,
    "R/S": 0.004562091088845428,
    "R/G": 0.00743742404281496,
    "R/C": 0.026042911458506623,
    "R/H": 0.028917149201933983,
    "R/P": 0.0037657170932576096,
    "R/L": 0.0043500667504930216,
    "R/Q": 0.03495805838854356,
    "R/W": 0.023407458629073587,
    "R/K": 0.00464167060258589,
    "R/T": 0.0017274607191487346,
    "R/I": 0.0007890706438865929,
    "R/M": 0.0006031374796630283,
    "G/S": 0.02527718397740825,
    "G/R": 0.02732432921924535,
    "G/C": 0.003262800595595107,
    "G/D": 0.010559834575114143,
    "G/A": 0.005426754970339674,
    "G/V": 0.007306976446641548,
    "G/E": 0.010130069151146883,
    "G/W": 0.0017330460270240434
}