{
    "F/I": 0.0008024233590012709,
    "F/L": 0.005616357070139019,
    "F/V": 0.0009781633972761668,
    "F/Y": 0.0006401628947766695,
    "F/S": 0.002168874960162427,
    "F/C": 0.0010687025568411298,
    "L/I": 0.002051032124870449,
    "L/V": 0.004262917748973455,
    "L/S": 0.0035335225432668975,
    "L/F": 0.006842286489915803,
    "L/M": 0.0013834451241550357,
    "L/W": 0.000765136183918071,
    "L/H": 0.0006416967799168559,
    "L/P": 0.007136146852303338,
    "L/R": 0.0016020986790637915,
    "L/Q": 0.0008308200360186251,
    "I/L": 0.0023654281313678256,
    "I/V": 0.011020424771764474,
    "I/F": 0.0016011000623666184,
    "I/N": 0.0016358998335042128,
    "I/T": 0.009567441226699022,
    "I/S": 0.0010575521716749906,
    "I/M": 0.0038336099307988464,
    "I/K": 0.0005857305859888277,
    "I/R": 0.0005385519374517806,
    "M/L": 0.002023254329912859,
    "M/V": 0.005336487188307461,
    "M/K": 0.001317228621692133,
    "M/T": 0.007439113537312834,
    "M/R": 0.0011871032070681705,
    "M/I": 0.006381059563307,
    "V/I": 0.014301167989528787,
    "V/L": 0.006006467653612478,
    "V/F": 0.0019089566046013816,
    "V/D": 0.0010291376946620606,
    "V/A": 0.008394363337310357,
    "V/G": 0.0023235972826681265,
    "V/E": 0.0009786599840188091,
    "V/M": 0.009367554407957368,
    "S/T": 0.009938846264712902,
    "S/P": 0.013518728934846697,
    "S/A": 0.004061850461959915,
    "S/Y": 0.004236846210817128,
    "S/C": 0.00767964495863697,
    "S/F": 0.012085454365153897,
    "S/L": 0.0177014186955516,
    "S/W": 0.0009974584205421288,
    "S/R": 0.012417189055472715,
    "S/G": 0.012278807708986293,
    "S/N": 0.01898393917191091,
    "S/I": 0.0042514616389381,
    "P/T": 0.007536207674958918,
    "P/A": 0.005288861561807691,
    "P/S": 0.02076494149305569,
    "P/H": 0.0029868351121226677,
    "P/R": 0.0048574285473134285,
    "P/L": 0.028203752696014057,
    "P/Q": 0.002535408467384466,
    "T/P": 0.003877665432652533,
    "T/A": 0.014108680384286164,
    "T/S": 0.006532270260095019,
    "T/N": 0.003959301626020501,
    "T/I": 0.020626782132512015,
    "T/K": 0.0034700942062506263,
    "T/R": 0.003350381019312566,
    "T/M": 0.01965902740776585,
    "A/T": 0.01756713238722713,
    "A/P": 0.003018814048368222,
    "A/S": 0.0042015839126766695,
    "A/D": 0.0021610781842768575,
    "A/G": 0.003096555704655149,
    "A/V": 0.01661746248518483,
    "A/E": 0.0020900432130257587,
    "Y/N": 0.0006413719127582535,
    "Y/H": 0.0030186106327555673,
    "Y/D": 0.0005817463115357365,
    "Y/S": 0.000651055207766179,
    "Y/C": 0.004211442297614118,
    "Y/F": 0.0006660858978166401,
    "H/N": 0.002157662871869727,
    "H/D": 0.0018081705356086995,
    "H/Y": 0.006645810901712707,
    "H/P": 0.0018605611750821232,
    "H/R": 0.009640895398576451,
    "H/L": 0.0018213739597338653,
    "H/Q": 0.0046809596588437705,
    "Q/K": 0.004655816175878441,
    "Q/E": 0.0038823618273155346,
    "Q/P": 0.0033727621338066707,
    "Q/R": 0.011794455936634808,
    "Q/L": 0.0021479227175115793,
    "Q/H": 0.007528413929323539,
    "N/H": 0.004434792570236696,
    "N/D": 0.010373415044200487,
    "N/Y": 0.002996972898973687,
    "N/T": 0.004044446999502013,
    "N/S": 0.018802303136771864,
    "N/I": 0.0041375521412222805,
    "N/K": 0.013163460904272548,
    "K/Q": 0.004276135275463225,
    "K/E": 0.010277306072332818,
    "K/T": 0.004153775525438825,
    "K/R": 0.009953059345812199,
    "K/I": 0.0016843148745934614,
    "K/N": 0.009258055346996134,
    "K/M": 0.0012192551900961762,
    "D/N": 0.03485067903408079,
    "D/H": 0.008768811926299594,
    "D/Y": 0.0073820182661674255,
    "D/A": 0.004716998621731073,
    "D/G": 0.019274033162732546,
    "D/V": 0.007497275187987866,
    "D/E": 0.016300751748936138,
    "E/K": 0.04483308964216188,
    "E/Q": 0.011555648382358135,
    "E/A": 0.005805171274101314,
    "E/G": 0.01633316548381733,
    "E/V": 0.004158323659351529,
    "E/D": 0.015280911784571121,
    "C/S": 0.0014958835302369738,
    "C/R": 0.0030465967358469658,
    "C/G": 0.0007053545929025445,
    "C/Y": 0.0036717007903911652,
    "C/F": 0.0011947317398531517,
    "C/W": 0.0008169268510215815,
    "W/R": 0.0012015232680292248,
    "W/G": 0.00023463538557463048,
    "W/S": 0.0002048185202623538,
    "W/L": 0.0002824035386106482,
    "W/C": 0.0007338090112923938,
    "R/S": 0.004203994513425948,
    "R/G": 0.007062338784715577,
    "R/C": 0.015763519780471424,
    "R/H": 0.018290925627342927,
    "R/P": 0.0024396021017957926,
    "R/L": 0.0026278742684109784,
    "R/Q": 0.021986346662980244,
    "R/W": 0.012419139206485512,
    "R/K": 0.005691514280268057,
    "R/T": 0.0023275051779716037,
    "R/I": 0.001273144696623907,
    "R/M": 0.0005867206277117157,
    "G/S": 0.014431423826391707,
    "G/R": 0.020746170592780073,
    "G/C": 0.002308336492466108,
    "G/D": 0.008916905922154586,
    "G/A": 0.004938045138811405,
    "G/V": 0.006672187878868316,
    "G/E": 0.010148566200625332,
    "G/W": 0.001092520574652092
}