{
    "F/I": 0.00029402035025119885,
    "F/L": 0.002400244513224158,
    "F/V": 0.00035062583157179805,
    "F/Y": 0.00021313857122320448,
    "F/S": 0.0008262501497080446,
    "F/C": 0.0003597908000551836,
    "L/I": 0.000956711765037712,
    "L/V": 0.0027779981950950346,
    "L/S": 0.0007025892044906066,
    "L/F": 0.0037867942143930207,
    "L/M": 0.0014027571980194534,
    "L/W": 0.00022593795862305472,
    "L/H": 0.00046074096330875846,
    "L/P": 0.006513177977537518,
    "L/R": 0.0014650089783798557,
    "L/Q": 0.0008777715251977117,
    "I/L": 0.00035112617409490825,
    "I/V": 0.0018430297081305639,
    "I/F": 0.0003677456573410009,
    "I/N": 0.0003876315906634591,
    "I/T": 0.0012874787672286063,
    "I/S": 0.00021243854571249658,
    "I/M": 0.0005602667815447285,
    "I/K": 3.449335651170373e-05,
    "I/R": 3.1715031488806934e-05,
    "M/L": 0.0005985751467532562,
    "M/V": 0.001489527481813126,
    "M/K": 0.0003444773409559534,
    "M/T": 0.001945452754519566,
    "M/R": 0.00031044736614196456,
    "M/I": 0.001696547022638541,
    "V/I": 0.009308918216599443,
    "V/L": 0.003701354489314448,
    "V/F": 0.0009631216529741855,
    "V/D": 0.00040526842830083325,
    "V/A": 0.0037821196981129928,
    "V/G": 0.0010471195894916686,
    "V/E": 0.0005297979533794544,
    "V/M": 0.01273516364615383,
    "S/T": 0.003773408680501502,
    "S/P": 0.005725533003901257,
    "S/A": 0.0017068511544595414,
    "S/Y": 0.0019057393557265366,
    "S/C": 0.0031231464106083466,
    "S/F": 0.006237259082249458,
    "S/L": 0.018522832033852524,
    "S/W": 0.0014765684022161342,
    "S/R": 0.006116589574326829,
    "S/G": 0.004745856091978486,
    "S/N": 0.00706602972591029,
    "S/I": 0.001588067674820001,
    "P/T": 0.009186568183248358,
    "P/A": 0.006703019705598551,
    "P/S": 0.02581991436961689,
    "P/H": 0.004350753255372595,
    "P/R": 0.007876096990823913,
    "P/L": 0.07504592752555699,
    "P/Q": 0.004800870544183431,
    "T/P": 0.0016370088714823968,
    "T/A": 0.005846355852920682,
    "T/S": 0.0027578132640301376,
    "T/N": 0.0022333395394420453,
    "T/I": 0.007429903729347242,
    "T/K": 0.001811141868179052,
    "T/R": 0.0017031693536837807,
    "T/M": 0.021700935913748075,
    "A/T": 0.05350930315797425,
    "A/P": 0.005561882209280881,
    "A/S": 0.008160480980331942,
    "A/D": 0.0036459367287345733,
    "A/G": 0.005727936344820001,
    "A/V": 0.05035147490890043,
    "A/E": 0.004517101400706175,
    "Y/N": 0.00016494078051916103,
    "Y/H": 0.000856204356777798,
    "Y/D": 0.0001609553421385128,
    "Y/S": 0.0001855640899525446,
    "Y/C": 0.0010374937549325574,
    "Y/F": 0.00017434743636283512,
    "H/N": 0.0011197960005685814,
    "H/D": 0.0008138015571455737,
    "H/Y": 0.00321426795125699,
    "H/P": 0.0009008074350838399,
    "H/R": 0.0038533710063798896,
    "H/L": 0.0007568417737353208,
    "H/Q": 0.003151176078699364,
    "Q/K": 0.0023136639001295114,
    "Q/E": 0.001663724082105217,
    "Q/P": 0.0014487540721960883,
    "Q/R": 0.006057960116079932,
    "Q/L": 0.0010923523571523582,
    "Q/H": 0.003797945673093129,
    "N/H": 0.00048206162877858496,
    "N/D": 0.0011898803291114112,
    "N/Y": 0.0002820062510117215,
    "N/T": 0.0004767838667114992,
    "N/S": 0.0018360180236884202,
    "N/I": 0.0004429902017546938,
    "N/K": 0.0018592979780082586,
    "K/Q": 0.0009456792937800094,
    "K/E": 0.0023427357771803547,
    "K/T": 0.0007895127575481974,
    "K/R": 0.0024156463690902623,
    "K/I": 0.00014504175038905476,
    "K/N": 0.0021981711535685837,
    "K/M": 0.00047169381080579194,
    "D/N": 0.013479422602349633,
    "D/H": 0.002100955670451637,
    "D/Y": 0.001750215758294221,
    "D/A": 0.0010261775359655053,
    "D/G": 0.0038210585936235397,
    "D/V": 0.001334556838960081,
    "D/E": 0.004637260188880092,
    "E/K": 0.02296526603565016,
    "E/Q": 0.003397483830997144,
    "E/A": 0.0013341061855022445,
    "E/G": 0.003936851430645745,
    "E/V": 0.0011197576954509625,
    "E/D": 0.004128447534434525,
    "C/S": 0.0007723541176509487,
    "C/R": 0.0016559826432975201,
    "C/G": 0.00036644933377872534,
    "C/Y": 0.0018337554168891162,
    "C/F": 0.0006930525488416616,
    "C/W": 0.000545236522283657,
    "W/R": 0.0016802554651037572,
    "W/G": 0.0003198028999676673,
    "W/S": 0.0002899884706152641,
    "W/L": 0.00039983576755238186,
    "W/C": 0.001038340179940082,
    "R/S": 0.008201571544354785,
    "R/G": 0.01325793728770951,
    "R/C": 0.06602253843384422,
    "R/H": 0.06908307522958962,
    "R/P": 0.008703604734316509,
    "R/L": 0.01090001063995689,
    "R/Q": 0.08267506489723048,
    "R/W": 0.06473166463156782,
    "R/K": 0.0055451225425822365,
    "R/T": 0.0018588969323013143,
    "R/I": 0.0006436721874238332,
    "R/M": 0.0008700538972240027,
    "G/S": 0.03291015854271641,
    "G/R": 0.034617054887791765,
    "G/C": 0.003766942691858099,
    "G/D": 0.010347986435951625,
    "G/A": 0.00504788689118626,
    "G/V": 0.006703530367234624,
    "G/E": 0.00863876812333974,
    "G/W": 0.002294168394442828
}