{
    "F/I": 0.000785285368713672,
    "F/L": 0.005808477728158811,
    "F/V": 0.0009583118407673664,
    "F/Y": 0.0006075538528114198,
    "F/S": 0.0021413296104084633,
    "F/C": 0.0010174279213295584,
    "L/I": 0.0009663487268089748,
    "L/V": 0.0023787356821661737,
    "L/S": 0.0012135249363418004,
    "L/F": 0.003610363452642122,
    "L/M": 0.0009868213596977682,
    "L/W": 0.0003076914364659818,
    "L/H": 0.00038780198946036017,
    "L/P": 0.004757815842984599,
    "L/R": 0.0010760538217193536,
    "L/Q": 0.0005927535736375864,
    "I/L": 0.00079600151472041,
    "I/V": 0.003910523486678947,
    "I/F": 0.0007024393696477649,
    "I/N": 0.0007177404657754986,
    "I/T": 0.003162078617712041,
    "I/S": 0.0004345787356112095,
    "I/M": 0.0012785696237689003,
    "I/K": 0.0001337800741753145,
    "I/R": 0.00012300453461539532,
    "M/L": 0.001601032507377778,
    "M/V": 0.00413166612407105,
    "M/K": 0.0009674115750156648,
    "M/T": 0.0054635045316637435,
    "M/R": 0.0008718436301366508,
    "M/I": 0.0046681162828482396,
    "V/I": 0.011383805259582781,
    "V/L": 0.004325400304598225,
    "V/F": 0.0011458103000399368,
    "V/D": 0.0005451902725643027,
    "V/A": 0.005092278412487568,
    "V/G": 0.0014123059992295836,
    "V/E": 0.0006709501026642795,
    "V/M": 0.011405141029606918,
    "S/T": 0.0049146494496899885,
    "S/P": 0.006306558081376731,
    "S/A": 0.0018845758365664137,
    "S/Y": 0.0021625035375074336,
    "S/C": 0.00391932120261014,
    "S/F": 0.006502486919022332,
    "S/L": 0.012483588775021577,
    "S/W": 0.0009076814802763268,
    "S/R": 0.007217698694131666,
    "S/G": 0.006626251748785785,
    "S/N": 0.01006078040271337,
    "S/I": 0.0022556042703612833,
    "P/T": 0.007780793541391738,
    "P/A": 0.005440154337224929,
    "P/S": 0.021312059684700378,
    "P/H": 0.003180886922182182,
    "P/R": 0.005623748613224326,
    "P/L": 0.043958382450437414,
    "P/Q": 0.0032851032733514666,
    "T/P": 0.001616999762424835,
    "T/A": 0.005876477451426922,
    "T/S": 0.00284453245328107,
    "T/N": 0.0020736716264897763,
    "T/I": 0.008267203259954656,
    "T/K": 0.0013709391955846028,
    "T/R": 0.0013099848891761016,
    "T/M": 0.011201777066249696,
    "A/T": 0.025810912740507733,
    "A/P": 0.0034940546646894987,
    "A/S": 0.005008713019178566,
    "A/D": 0.0025426745051493034,
    "A/G": 0.00368496402452478,
    "A/V": 0.026357527308096835,
    "A/E": 0.0025647248119792638,
    "Y/N": 0.001249709058180196,
    "Y/H": 0.005922085273084226,
    "Y/D": 0.0011335325517631751,
    "Y/S": 0.0013291461721630737,
    "Y/C": 0.008279111126891883,
    "Y/F": 0.0013295012673275098,
    "H/N": 0.0011515156151375874,
    "H/D": 0.0008994668012731529,
    "H/Y": 0.003407068020664829,
    "H/P": 0.0009814553310326978,
    "H/R": 0.004612539735456636,
    "H/L": 0.0008881721941391359,
    "H/Q": 0.002956395734550091,
    "Q/K": 0.0035331252898723885,
    "Q/E": 0.002744440525593403,
    "Q/P": 0.0023495020243836243,
    "Q/R": 0.009069298913391696,
    "Q/L": 0.0016422761410090291,
    "Q/H": 0.005691448202116231,
    "N/H": 0.001617504938088623,
    "N/D": 0.003930812694205314,
    "N/Y": 0.0010708058226170463,
    "N/T": 0.001558192191180881,
    "N/S": 0.006541910853209953,
    "N/I": 0.00151146828395398,
    "N/K": 0.005290848307756276,
    "K/Q": 0.0019494776133773565,
    "K/E": 0.004726679556531102,
    "K/T": 0.001793182003697942,
    "K/R": 0.004763800685771079,
    "K/I": 0.0005710000506513062,
    "K/N": 0.004421611771271916,
    "K/M": 0.0007402901519897243,
    "D/N": 0.022343015719341427,
    "D/H": 0.004183086469389668,
    "D/Y": 0.0034710441020460226,
    "D/A": 0.002062011174625607,
    "D/G": 0.008289165442892179,
    "D/V": 0.003168703990249304,
    "D/E": 0.007785376541882358,
    "E/K": 0.025842236258908913,
    "E/Q": 0.005399517884544807,
    "E/A": 0.0025107990178978943,
    "E/G": 0.007202502537967251,
    "E/V": 0.0019223071375976948,
    "E/D": 0.006987192603995073,
    "C/S": 0.0005312750584312685,
    "C/R": 0.001111237334196092,
    "C/G": 0.00025139270351878774,
    "C/Y": 0.0012754558302312193,
    "C/F": 0.0004521308978464139,
    "C/W": 0.00035539449208149624,
    "W/R": 0.0015780542437598168,
    "W/G": 0.00031019602229421004,
    "W/S": 0.00027913359710247997,
    "W/L": 0.00038486908052009843,
    "W/C": 0.0009762380292262177,
    "R/S": 0.007624385495071402,
    "R/G": 0.013672393812745933,
    "R/C": 0.059992986604569004,
    "R/H": 0.06928193862961576,
    "R/P": 0.008366856630296956,
    "R/L": 0.009417062967367303,
    "R/Q": 0.0702391697847577,
    "R/W": 0.040755702425314774,
    "R/K": 0.00636338982199617,
    "R/T": 0.002641715391306406,
    "R/I": 0.0014810330575615962,
    "R/M": 0.0006271785979339172,
    "G/S": 0.04236288516659519,
    "G/R": 0.04208748484095022,
    "G/C": 0.005714940750737326,
    "G/D": 0.019788831583183848,
    "G/A": 0.009000764313154996,
    "G/V": 0.012622640027718814,
    "G/E": 0.015334234863176813,
    "G/W": 0.0019072382650711787
}