{
    "F/I": 0.0013652061222673454,
    "F/L": 0.010082682967574388,
    "F/V": 0.0016485674187514405,
    "F/Y": 0.0010177203767347419,
    "F/S": 0.0036825256277434864,
    "F/C": 0.0017079503678198494,
    "L/I": 0.0025821458043156784,
    "L/V": 0.006351283362889611,
    "L/S": 0.0029495176419703038,
    "L/F": 0.009501084067192613,
    "L/M": 0.0026975243643223472,
    "L/W": 0.0007512373501305221,
    "L/H": 0.001052230573653146,
    "L/P": 0.01301508742599345,
    "L/R": 0.0029449233838083734,
    "L/Q": 0.0016377505193673361,
    "I/L": 0.002541765610309528,
    "I/V": 0.012779007812013386,
    "I/F": 0.002262113348920942,
    "I/N": 0.00231687781342474,
    "I/T": 0.009709897698343357,
    "I/S": 0.0013689338287365316,
    "I/M": 0.004078241945191115,
    "I/K": 0.00039610721449185113,
    "I/R": 0.00036420209718616845,
    "M/L": 0.002170424991545621,
    "M/V": 0.005560484147667555,
    "M/K": 0.0012801367253844525,
    "M/T": 0.007229635225497396,
    "M/R": 0.0011536755177984504,
    "M/I": 0.006336169603772378,
    "V/I": 0.023176232307509096,
    "V/L": 0.009665835422236852,
    "V/F": 0.002749045322083024,
    "V/D": 0.0012817663756617091,
    "V/A": 0.01115863106579085,
    "V/G": 0.0030971430314351714,
    "V/E": 0.0014450688998469384,
    "V/M": 0.026264455375970615,
    "S/T": 0.0043830485030506875,
    "S/P": 0.006554485119415566,
    "S/A": 0.001966338841268907,
    "S/Y": 0.0021738748585415245,
    "S/C": 0.0036289217787530987,
    "S/F": 0.00671543351941708,
    "S/L": 0.012898590795759089,
    "S/W": 0.0009237491229676407,
    "S/R": 0.005966067312205663,
    "S/G": 0.005304413527764251,
    "S/N": 0.008018368297785622,
    "S/I": 0.001798926050196097,
    "P/T": 0.005585406530236666,
    "P/A": 0.00405566409253218,
    "P/S": 0.015708111109650494,
    "P/H": 0.0025211510401663318,
    "P/R": 0.004196756435825042,
    "P/L": 0.032089030099564306,
    "P/Q": 0.0022889119346123257,
    "T/P": 0.002723438043386562,
    "T/A": 0.009863633160212115,
    "T/S": 0.004675066102236339,
    "T/N": 0.0034519463011529754,
    "T/I": 0.013548279974398485,
    "T/K": 0.0024951682147488163,
    "T/R": 0.0023767174508292615,
    "T/M": 0.02227670999227128,
    "A/T": 0.037426099430448855,
    "A/P": 0.004860250311643262,
    "A/S": 0.007044737407511823,
    "A/D": 0.0035419282797807053,
    "A/G": 0.004886344419391212,
    "A/V": 0.03385463036737838,
    "A/E": 0.0032695202996408015,
    "Y/N": 0.001112930749463654,
    "Y/H": 0.005433504208504609,
    "Y/D": 0.0010493000009820146,
    "Y/S": 0.0011737138834107192,
    "Y/C": 0.007114334651155553,
    "Y/F": 0.0011553142185954214,
    "H/N": 0.0018180536491535207,
    "H/D": 0.0014172054206873174,
    "H/Y": 0.005376936486582802,
    "H/P": 0.001503531324465592,
    "H/R": 0.007125092287461693,
    "H/L": 0.0013696759321902856,
    "H/Q": 0.004394163835972406,
    "Q/K": 0.0033228002468673424,
    "Q/E": 0.002551657112962015,
    "Q/P": 0.0022012872578599267,
    "Q/R": 0.008554436268008002,
    "Q/L": 0.0015484752605094128,
    "Q/H": 0.005502269531754764,
    "N/H": 0.001790371451310467,
    "N/D": 0.004344709160376764,
    "N/Y": 0.0011321046115624783,
    "N/T": 0.0016904429590899597,
    "N/S": 0.007147240214524187,
    "N/I": 0.0016456465447011086,
    "N/K": 0.005777440760093738,
    "K/Q": 0.0028074184315414912,
    "K/E": 0.006874069735706986,
    "K/T": 0.0025479446872347052,
    "K/R": 0.0067834243965394295,
    "K/I": 0.0008064889488277293,
    "K/N": 0.006328355711989655,
    "K/M": 0.0010585282561980634,
    "D/N": 0.020600580591674994,
    "D/H": 0.003973885611272547,
    "D/Y": 0.0033456716628932908,
    "D/A": 0.0020387101681635282,
    "D/G": 0.008048318346872543,
    "D/V": 0.003015598102152698,
    "D/E": 0.007786394072947016,
    "E/K": 0.029690656393962282,
    "E/Q": 0.005882546587144267,
    "E/A": 0.002699754953639118,
    "E/G": 0.00775968849421539,
    "E/V": 0.0020805372168871145,
    "E/D": 0.00770597495702132,
    "C/S": 0.0023503582046172657,
    "C/R": 0.004964723993794286,
    "C/G": 0.0011228568850070208,
    "C/Y": 0.005620648374908801,
    "C/F": 0.001979511721260862,
    "C/W": 0.0014338497078586266,
    "W/R": 0.003067380441102988,
    "W/G": 0.0005898498201537689,
    "W/S": 0.0005170662381733083,
    "W/L": 0.0007129303305638503,
    "W/C": 0.0018662576866153107,
    "R/S": 0.005680003583610358,
    "R/G": 0.009169254881128594,
    "R/C": 0.04102414287243288,
    "R/H": 0.0445449538432432,
    "R/P": 0.005340855681195353,
    "R/L": 0.00637893773133043,
    "R/Q": 0.04659420835680535,
    "R/W": 0.032028501305021925,
    "R/K": 0.004687466838949503,
    "R/T": 0.0017756400873037716,
    "R/I": 0.0008423110692048895,
    "R/M": 0.000586355955388162,
    "G/S": 0.02039955698854579,
    "G/R": 0.022287751555223237,
    "G/C": 0.0027294977951949047,
    "G/D": 0.00867343780904017,
    "G/A": 0.004352466179681524,
    "G/V": 0.005845092379261499,
    "G/E": 0.007941486788761054,
    "G/W": 0.0013604520593955565
}