{
    "F/I": 0.00164514956435876,
    "F/L": 0.012178713664161485,
    "F/V": 0.0019858885125310123,
    "F/Y": 0.001227424184737227,
    "F/S": 0.004449897085960806,
    "F/C": 0.00206020499437329,
    "L/I": 0.0029070195740064342,
    "L/V": 0.007157671435823868,
    "L/S": 0.0032715345344444275,
    "L/F": 0.010698928362596644,
    "L/M": 0.0030483547864723426,
    "L/W": 0.0008349753327552789,
    "L/H": 0.0011932634745520582,
    "L/P": 0.014778130436374342,
    "L/R": 0.0033440816140594045,
    "L/Q": 0.001860866446645717,
    "I/L": 0.003049586672977939,
    "I/V": 0.015480177252728515,
    "I/F": 0.002778940258834401,
    "I/N": 0.002852886323289921,
    "I/T": 0.011675775325905842,
    "I/S": 0.0016804376626133623,
    "I/M": 0.004910432536188279,
    "I/K": 0.00045109109793560145,
    "I/R": 0.0004147572118849585,
    "M/L": 0.002423243279821995,
    "M/V": 0.006208196607344941,
    "M/K": 0.0014280456201619623,
    "M/T": 0.008064957995826252,
    "M/R": 0.0012869728972000288,
    "M/I": 0.007091441175177086,
    "V/I": 0.02623065279869833,
    "V/L": 0.010989413888599963,
    "V/F": 0.0031092257061393624,
    "V/D": 0.001441878680033272,
    "V/A": 0.012601218642132334,
    "V/G": 0.003498523166172112,
    "V/E": 0.0016396951961904786,
    "V/M": 0.03065802127801799,
    "S/T": 0.0035832855922710905,
    "S/P": 0.005279400343676037,
    "S/A": 0.001586255872205402,
    "S/Y": 0.0017855614274215163,
    "S/C": 0.0029803038856173517,
    "S/F": 0.005547735724264045,
    "S/L": 0.010100184414772952,
    "S/W": 0.0007220884660053998,
    "S/R": 0.004957728139975715,
    "S/G": 0.004384239238933285,
    "S/N": 0.006672299704825978,
    "S/I": 0.0014969560518077753,
    "P/T": 0.003988310544562761,
    "P/A": 0.002926652510888054,
    "P/S": 0.011305460637925265,
    "P/H": 0.0018770284954274534,
    "P/R": 0.0030046785748120055,
    "P/L": 0.021853810447227673,
    "P/Q": 0.0015562224618006892,
    "T/P": 0.0026613369787372625,
    "T/A": 0.009654731024394469,
    "T/S": 0.0045792403411419715,
    "T/N": 0.003421866553179251,
    "T/I": 0.013228558622769684,
    "T/K": 0.002476732207185325,
    "T/R": 0.0023565437694054677,
    "T/M": 0.022769216415425342,
    "A/T": 0.03467688708129772,
    "A/P": 0.004621115702112328,
    "A/S": 0.006723157196397885,
    "A/D": 0.003503757244520819,
    "A/G": 0.004630918409547769,
    "A/V": 0.030544621424917665,
    "A/E": 0.0029369298768300647,
    "Y/N": 0.0013523282309511834,
    "Y/H": 0.0066111260766100405,
    "Y/D": 0.001277678001336026,
    "Y/S": 0.0014318375889197511,
    "Y/C": 0.008666114644582518,
    "Y/F": 0.0014081723910904663,
    "H/N": 0.0019419680766653766,
    "H/D": 0.0015098720040507072,
    "H/Y": 0.0057248163951877495,
    "H/P": 0.0016101984110891156,
    "H/R": 0.007623411356390366,
    "H/L": 0.0014657468247259583,
    "H/Q": 0.004703600259878423,
    "Q/K": 0.003258392655412003,
    "Q/E": 0.00249123198654255,
    "Q/P": 0.002161702180930043,
    "Q/R": 0.008438829821223114,
    "Q/L": 0.001527171450664202,
    "Q/H": 0.005454974739354451,
    "N/H": 0.0019044619814507365,
    "N/D": 0.00464621075429294,
    "N/Y": 0.0011923274241320441,
    "N/T": 0.0018089260022107127,
    "N/S": 0.007583753299550905,
    "N/I": 0.001753408457052416,
    "N/K": 0.006208836534775307,
    "K/Q": 0.0028639816580169324,
    "K/E": 0.007046071723230333,
    "K/T": 0.0026024683447112757,
    "K/R": 0.006963928234289252,
    "K/I": 0.0008119331506205527,
    "K/N": 0.006494766280270592,
    "K/M": 0.0010973691994358963,
    "D/N": 0.02087447266073916,
    "D/H": 0.00396983980199792,
    "D/Y": 0.0033473008643707257,
    "D/A": 0.002051906347106427,
    "D/G": 0.00808443572260594,
    "D/V": 0.003022383375268947,
    "D/E": 0.0077897266714106635,
    "E/K": 0.028930017876941397,
    "E/Q": 0.005639242726051904,
    "E/A": 0.002601969420269751,
    "E/G": 0.007478560113877922,
    "E/V": 0.0020051160056474824,
    "E/D": 0.007479064990505652,
    "C/S": 0.0027964461767875457,
    "C/R": 0.005894092466722944,
    "C/G": 0.0013330363765899887,
    "C/Y": 0.006690631592213936,
    "C/F": 0.0023486312141852497,
    "C/W": 0.001701380179942624,
    "W/R": 0.003668298130908962,
    "W/G": 0.0007052689081802758,
    "W/S": 0.0006201688652016979,
    "W/L": 0.000855088113344309,
    "W/C": 0.0022440016668037154,
    "R/S": 0.005702776569519462,
    "R/G": 0.009130475650630071,
    "R/C": 0.04328785857060049,
    "R/H": 0.04728440964418983,
    "R/P": 0.005546785207087529,
    "R/L": 0.006630380024886295,
    "R/Q": 0.04721756596624801,
    "R/W": 0.03173247720180629,
    "R/K": 0.004419641689009235,
    "R/T": 0.0016819651623429654,
    "R/I": 0.0008055407736013044,
    "R/M": 0.000547174318762405,
    "G/S": 0.017725114916463967,
    "G/R": 0.019499917245269,
    "G/C": 0.0024524789215174376,
    "G/D": 0.007919454573144582,
    "G/A": 0.003957210761586969,
    "G/V": 0.005311130105602174,
    "G/E": 0.0072037475744434675,
    "G/W": 0.0011737080559578485
}