{
    "F/I": 662.4704308537964,
    "F/L": 4892.652633726771,
    "F/V": 799.9723634244946,
    "F/Y": 493.8519139838163,
    "F/S": 1786.956782166876,
    "F/C": 828.7881204102474,
    "L/I": 1252.994119797353,
    "L/V": 3081.979605321515,
    "L/S": 1431.2624234659704,
    "L/F": 4610.429995082202,
    "L/M": 1308.981917619388,
    "L/W": 364.54021330338946,
    "L/H": 510.5980921971217,
    "L/P": 6315.610832727616,
    "L/R": 1429.0330456933798,
    "L/Q": 794.7234300373598,
    "I/L": 1233.3995076103035,
    "I/V": 6201.052480667615,
    "I/F": 1097.6973956217846,
    "I/N": 1124.272018899224,
    "I/T": 4711.757445890023,
    "I/S": 664.2793117769473,
    "I/M": 1978.979331025672,
    "I/K": 192.21223284063672,
    "I/R": 176.73017744754094,
    "M/L": 1053.2053408148322,
    "M/V": 2698.2418764304866,
    "M/K": 621.1902467949334,
    "M/T": 3508.20252314481,
    "M/R": 559.8245604642473,
    "M/I": 3074.645607655591,
    "V/I": 11246.337349281657,
    "V/L": 4690.376092143823,
    "V/F": 1333.9826193661916,
    "V/D": 621.9810395578037,
    "V/A": 5414.759726989718,
    "V/G": 1502.8980935443667,
    "V/E": 701.2240870302468,
    "V/M": 12744.90700361236,
    "S/T": 2126.88764202631,
    "S/P": 3180.5838768672857,
    "S/A": 954.1719145066024,
    "S/Y": 1054.8793992869469,
    "S/C": 1760.9453511039192,
    "S/F": 3258.68457840615,
    "S/L": 6259.080487920636,
    "S/W": 448.252076746365,
    "S/R": 2895.052342905958,
    "S/G": 2573.982827830116,
    "S/N": 3890.9376498812967,
    "S/I": 872.9343475022532,
    "P/T": 2710.335538515038,
    "P/A": 1968.0233592242291,
    "P/S": 7622.408781339799,
    "P/H": 1223.3962246320907,
    "P/R": 2036.488848740317,
    "P/L": 15571.299636741513,
    "P/Q": 1110.7014909885404,
    "T/P": 1321.5566093488437,
    "T/A": 4786.358047220874,
    "T/S": 2268.5900718602174,
    "T/N": 1675.0674613230008,
    "T/I": 6574.344141572788,
    "T/K": 1210.7879794239948,
    "T/R": 1153.3093852916852,
    "T/M": 10809.84140480954,
    "A/T": 18161.12879254374,
    "A/P": 2358.4512737638374,
    "A/S": 3418.480293551085,
    "A/D": 1718.731490643048,
    "A/G": 2371.1135190618734,
    "A/V": 16428.06254679336,
    "A/E": 1586.5446882050533,
    "Y/N": 540.0530374733,
    "Y/H": 2636.6244740214215,
    "Y/D": 509.17602287848393,
    "Y/S": 569.5482384380309,
    "Y/C": 3452.252568104268,
    "Y/F": 560.6197450193876,
    "H/N": 882.2160731815069,
    "H/D": 687.703248863111,
    "H/Y": 2609.1748145870506,
    "H/P": 729.5931567217558,
    "H/R": 3457.4727439022354,
    "H/L": 664.6394197392013,
    "H/Q": 2132.2813911969515,
    "Q/K": 1612.3989449501178,
    "Q/E": 1238.199389413574,
    "Q/P": 1068.1813495866115,
    "Q/R": 4151.066265925252,
    "Q/L": 751.4023386391109,
    "Q/H": 2669.993056668614,
    "N/H": 868.7832023256315,
    "N/D": 2108.283359167057,
    "N/Y": 549.3572124828903,
    "N/T": 820.2925969759098,
    "N/S": 3468.2200929979463,
    "N/I": 798.5550003911532,
    "N/K": 2803.5207337153115,
    "K/Q": 1362.308348604061,
    "K/E": 3335.663285753325,
    "K/T": 1236.3979235169818,
    "K/R": 3291.6773587099506,
    "K/I": 391.35121993256433,
    "K/N": 3070.85389285772,
    "K/M": 513.654061842191,
    "D/N": 9996.49450570862,
    "D/H": 1928.3401019995524,
    "D/Y": 1623.4973692699432,
    "D/A": 989.2903214104002,
    "D/G": 3905.4710024638007,
    "D/V": 1463.328168128281,
    "D/E": 3778.371450412032,
    "E/K": 14407.481487830923,
    "E/Q": 2854.5236565675527,
    "E/A": 1310.0643178823498,
    "E/G": 3765.4124869559073,
    "E/V": 1009.5870242579066,
    "E/D": 3739.347829357874,
    "C/S": 1140.5184807460473,
    "C/R": 2409.147446377337,
    "C/G": 544.8697249924026,
    "C/Y": 2727.4367510303005,
    "C/F": 960.5640946627846,
    "C/W": 695.7799399310641,
    "W/R": 1488.4557058938187,
    "W/G": 286.22642260593403,
    "W/S": 250.90796766551867,
    "W/L": 345.9516153304247,
    "W/C": 905.6072292460349,
    "R/S": 2756.239046918509,
    "R/G": 4449.408871402648,
    "R/C": 19907.090336638736,
    "R/H": 21615.574588755742,
    "R/P": 2591.66649382822,
    "R/L": 3095.398971875155,
    "R/Q": 22609.9815859013,
    "R/W": 15541.927854747924,
    "R/K": 2274.6075671375097,
    "R/T": 861.6347630523211,
    "R/I": 408.734013001893,
    "R/M": 284.5310140820018,
    "G/S": 9898.94718973584,
    "G/R": 10815.199356877565,
    "G/C": 1324.4971223789732,
    "G/D": 4208.812126329773,
    "G/A": 2112.047476421696,
    "G/V": 2836.3488880628693,
    "G/E": 3853.6306633556223,
    "G/W": 660.1635073587937
}