{
    "F/I": 0.000527685595285089,
    "F/L": 0.004040279348486776,
    "F/V": 0.0006379561107125675,
    "F/Y": 0.00039286903828990495,
    "F/S": 0.0014695632834520718,
    "F/C": 0.0006611486280912842,
    "L/I": 0.0015455876773186202,
    "L/V": 0.00403924698222277,
    "L/S": 0.001345740468015861,
    "L/F": 0.005820562284528844,
    "L/M": 0.0018130580095050452,
    "L/W": 0.0003933366416365784,
    "L/H": 0.0007086971286287284,
    "L/P": 0.009029225749098584,
    "L/R": 0.0020431174507667136,
    "L/Q": 0.0011562909353256862,
    "I/L": 0.0008597502200657689,
    "I/V": 0.004153998622042116,
    "I/F": 0.0007064326403841434,
    "I/N": 0.0007401510369828043,
    "I/T": 0.0032152576246640007,
    "I/S": 0.0004286173756294839,
    "I/M": 0.0013941057888288999,
    "I/K": 0.0001541574970321179,
    "I/R": 0.00014174062390682088,
    "M/L": 0.0011411077858494083,
    "M/V": 0.0028997676832493084,
    "M/K": 0.0006848646534378873,
    "M/T": 0.0038678068717274035,
    "M/R": 0.0006172087465419243,
    "M/I": 0.0033568844935535514,
    "V/I": 0.012254325666329424,
    "V/L": 0.005240246990498231,
    "V/F": 0.0013294540661956567,
    "V/D": 0.000655171235493861,
    "V/A": 0.00608946780430939,
    "V/G": 0.0016799198986970816,
    "V/E": 0.0008263052362768406,
    "V/M": 0.013918949967466157,
    "S/T": 0.004882737531815571,
    "S/P": 0.007864288669575394,
    "S/A": 0.002365668290902104,
    "S/Y": 0.002690369297170709,
    "S/C": 0.004280756711973372,
    "S/F": 0.00846275737112716,
    "S/L": 0.019578157719791107,
    "S/W": 0.0014902492325299932,
    "S/R": 0.00683912034358042,
    "S/G": 0.005920731161691335,
    "S/N": 0.008508341658037016,
    "S/I": 0.0019109167987845384,
    "P/T": 0.019070731395925838,
    "P/A": 0.013555868783257218,
    "P/S": 0.05279859547275057,
    "P/H": 0.008093385691065715,
    "P/R": 0.015081981625724135,
    "P/L": 0.13113109177976404,
    "P/Q": 0.00933776923093431,
    "T/P": 0.002277472539946903,
    "T/A": 0.008264223706228035,
    "T/S": 0.00396669876286236,
    "T/N": 0.0031313509575190686,
    "T/I": 0.011282582663868574,
    "T/K": 0.0019959173605350817,
    "T/R": 0.0018960083109977443,
    "T/M": 0.01911678605262588,
    "A/T": 0.047475126572244425,
    "A/P": 0.0054550280249701134,
    "A/S": 0.00787785766248174,
    "A/D": 0.0039047598796450047,
    "A/G": 0.005509811753243748,
    "A/V": 0.041701475607079645,
    "A/E": 0.003828309692933315,
    "Y/N": 0.0003968582542369448,
    "Y/H": 0.0019937652828998565,
    "Y/D": 0.00037854717045427387,
    "Y/S": 0.0004382790365159565,
    "Y/C": 0.0025360371311356866,
    "Y/F": 0.0004199349785720962,
    "H/N": 0.0014020369328753904,
    "H/D": 0.0010687036296111972,
    "H/Y": 0.0041187124777285694,
    "H/P": 0.001184511560142708,
    "H/R": 0.005370949957297935,
    "H/L": 0.0010418619632054141,
    "H/Q": 0.003689788838304711,
    "Q/K": 0.0030834402699831892,
    "Q/E": 0.0023464177936632696,
    "Q/P": 0.00203091590372669,
    "Q/R": 0.008137277256407324,
    "Q/L": 0.0014705454555297166,
    "Q/H": 0.005083919323461459,
    "N/H": 0.0009299424704151625,
    "N/D": 0.00225214327586648,
    "N/Y": 0.0005561593373153838,
    "N/T": 0.0009088957826332348,
    "N/S": 0.0036473633880603827,
    "N/I": 0.0008618115722478834,
    "N/K": 0.0032239502723834324,
    "K/Q": 0.0013697950527810552,
    "K/E": 0.0033427792567345713,
    "K/T": 0.00117929263944334,
    "K/R": 0.0033962047079178857,
    "K/I": 0.0002875216560304438,
    "K/N": 0.0031237545218632794,
    "K/M": 0.0006074450134833737,
    "D/N": 0.014097893275710033,
    "D/H": 0.002452396367716783,
    "D/Y": 0.0020448038908054303,
    "D/A": 0.0012336057849186774,
    "D/G": 0.004750036581102067,
    "D/V": 0.0017291290029470153,
    "D/E": 0.004896566106547161,
    "E/K": 0.022047913174219964,
    "E/Q": 0.003800479094125218,
    "E/A": 0.001643306312562165,
    "E/G": 0.004793908172845423,
    "E/V": 0.0013296948215832764,
    "E/D": 0.004877110231610187,
    "C/S": 0.0006821564708412774,
    "C/R": 0.0014259355786521576,
    "C/G": 0.00031683812391662176,
    "C/Y": 0.0016508272356500146,
    "C/F": 0.0006118643301782476,
    "C/W": 0.00047282438688158834,
    "W/R": 0.0009574623048595259,
    "W/G": 0.00017983251707420815,
    "W/S": 0.00016208451342283292,
    "W/L": 0.00022348193945528815,
    "W/C": 0.0005880022348839965,
    "R/S": 0.004290434082344987,
    "R/G": 0.007157158337264608,
    "R/C": 0.03271450504941708,
    "R/H": 0.03562044204092804,
    "R/P": 0.004540101684705365,
    "R/L": 0.005521459320158585,
    "R/Q": 0.042673499275598055,
    "R/W": 0.031232836817307073,
    "R/K": 0.0032403179717597048,
    "R/T": 0.0011490556454065203,
    "R/I": 0.0004678159125034983,
    "R/M": 0.00046256903214834906,
    "G/S": 0.025076623625668613,
    "G/R": 0.028596014548180254,
    "G/C": 0.0031251644664868736,
    "G/D": 0.009589312395202831,
    "G/A": 0.004887999438047168,
    "G/V": 0.006519753081563162,
    "G/E": 0.008913911062221686,
    "G/W": 0.0018463254235405368
}