{
    "F/I": 0.0005197388436508878,
    "F/L": 0.003981198986773626,
    "F/V": 0.0006275228185311059,
    "F/Y": 0.00038420741894263223,
    "F/S": 0.0014409213498041695,
    "F/C": 0.000646715565585512,
    "L/I": 0.0015684458622102538,
    "L/V": 0.004076535959943867,
    "L/S": 0.0013053246399296601,
    "L/F": 0.00583959190393569,
    "L/M": 0.0018207810050473346,
    "L/W": 0.0003823787867353146,
    "L/H": 0.000698902457369912,
    "L/P": 0.008865218633508788,
    "L/R": 0.0020070903186164323,
    "L/Q": 0.0011332016760690106,
    "I/L": 0.0008632745124827922,
    "I/V": 0.004148426238968771,
    "I/F": 0.0006981063666447832,
    "I/N": 0.0007214239987619979,
    "I/T": 0.0031576457261298873,
    "I/S": 0.00041669423888041085,
    "I/M": 0.001381985385333685,
    "I/K": 0.00015515930466153218,
    "I/R": 0.00014266173926716027,
    "M/L": 0.001126754707087978,
    "M/V": 0.0028555115244422056,
    "M/K": 0.000661882752910391,
    "M/T": 0.0037380154562420297,
    "M/R": 0.0005964971651418306,
    "M/I": 0.0032483692102327527,
    "V/I": 0.012219158462806056,
    "V/L": 0.0052410091978397156,
    "V/F": 0.0013080564996881155,
    "V/D": 0.0006293175760366672,
    "V/A": 0.005927405315067507,
    "V/G": 0.0016345482441713942,
    "V/E": 0.0008107146777035361,
    "V/M": 0.01411688327517042,
    "S/T": 0.0047645291205121705,
    "S/P": 0.007705384912000587,
    "S/A": 0.00231649098621556,
    "S/Y": 0.0026293355750798123,
    "S/C": 0.004172581549454175,
    "S/F": 0.008298690094152952,
    "S/L": 0.019284591664309663,
    "S/W": 0.0014722749661028245,
    "S/R": 0.0066654709228291245,
    "S/G": 0.005762474223467506,
    "S/N": 0.008265192414256606,
    "S/I": 0.0018563618275078619,
    "P/T": 0.01953586309513082,
    "P/A": 0.013816393106462346,
    "P/S": 0.053892743119971206,
    "P/H": 0.008010442897225804,
    "P/R": 0.015044479095431012,
    "P/L": 0.13264688223841903,
    "P/Q": 0.009398261591958088,
    "T/P": 0.0022117094924612815,
    "T/A": 0.00802528994239681,
    "T/S": 0.003856403794142105,
    "T/N": 0.0030519968775732233,
    "T/I": 0.0109125245039407,
    "T/K": 0.0019346826323640093,
    "T/R": 0.001836850362678509,
    "T/M": 0.018778860015334308,
    "A/T": 0.0494800720403126,
    "A/P": 0.005568906710161366,
    "A/S": 0.008067059958161827,
    "A/D": 0.0038769971390466866,
    "A/G": 0.005562817349170034,
    "A/V": 0.0430986866098814,
    "A/E": 0.003938612098009643,
    "Y/N": 0.00039050250721428645,
    "Y/H": 0.001963310165339616,
    "Y/D": 0.0003729588902848402,
    "Y/S": 0.00042734242064154253,
    "Y/C": 0.0024626992169139044,
    "Y/F": 0.0004084990783137592,
    "H/N": 0.0013973272923365804,
    "H/D": 0.0010630769164196674,
    "H/Y": 0.0040970013579308085,
    "H/P": 0.0011594721485503011,
    "H/R": 0.005240860848050724,
    "H/L": 0.001017297433122368,
    "H/Q": 0.003732966280532715,
    "Q/K": 0.003018108295477748,
    "Q/E": 0.0022921483321074036,
    "Q/P": 0.001965815695188095,
    "Q/R": 0.007874520096944435,
    "Q/L": 0.0014230791183759183,
    "Q/H": 0.004961499039581587,
    "N/H": 0.0009179651603831018,
    "N/D": 0.0022261269307668474,
    "N/Y": 0.0005496561083046382,
    "N/T": 0.0008811458987219753,
    "N/S": 0.003530438751440726,
    "N/I": 0.0008348444292194923,
    "N/K": 0.0031142310096353328,
    "K/Q": 0.0013437915749237755,
    "K/E": 0.0032786131326897,
    "K/T": 0.001141562321890571,
    "K/R": 0.0032978764928517255,
    "K/I": 0.00027486989290684174,
    "K/N": 0.003025623491405639,
    "K/M": 0.0005927419955044109,
    "D/N": 0.013926073965822985,
    "D/H": 0.0024048673755128302,
    "D/Y": 0.0020047468167839833,
    "D/A": 0.0011955388583634351,
    "D/G": 0.004602157836500734,
    "D/V": 0.0016747343045424024,
    "D/E": 0.004779563123162324,
    "E/K": 0.02186745528900202,
    "E/Q": 0.0037573020991477357,
    "E/A": 0.0015969683766219353,
    "E/G": 0.004660872780209169,
    "E/V": 0.001294119321144589,
    "E/D": 0.004757340112619099,
    "C/S": 0.0006906891712246059,
    "C/R": 0.0014639812262024167,
    "C/G": 0.0003261060221750709,
    "C/Y": 0.0016546361766789659,
    "C/F": 0.0006145851185075897,
    "C/W": 0.0004754754725247763,
    "W/R": 0.0009718354279703786,
    "W/G": 0.0001814890406765952,
    "W/S": 0.0001604223531046903,
    "W/L": 0.00022119015473298637,
    "W/C": 0.0005765948838412534,
    "R/S": 0.004271190307923186,
    "R/G": 0.00707076587583883,
    "R/C": 0.033342440143168825,
    "R/H": 0.035651062746131994,
    "R/P": 0.004460194458777722,
    "R/L": 0.005452955547888285,
    "R/Q": 0.04144572926811859,
    "R/W": 0.031022575646813606,
    "R/K": 0.003134388186140934,
    "R/T": 0.0011114221852578442,
    "R/I": 0.00045242101882440026,
    "R/M": 0.00044749784180748807,
    "G/S": 0.025644107763931556,
    "G/R": 0.029028734198930352,
    "G/C": 0.0031474064986841102,
    "G/D": 0.009469428597800998,
    "G/A": 0.004823018060496242,
    "G/V": 0.006424294171453818,
    "G/E": 0.008780834923646025,
    "G/W": 0.0018456241988741436
}