{
    "F/I": 0.0005381438932106016,
    "F/L": 0.003965035309217048,
    "F/V": 0.0006462114018802485,
    "F/Y": 0.00041714659673456407,
    "F/S": 0.001448271312217134,
    "F/C": 0.0006977282889496454,
    "L/I": 0.0013101787204226707,
    "L/V": 0.0034032066044444864,
    "L/S": 0.0019568825496251003,
    "L/F": 0.004859174106392371,
    "L/M": 0.0015264003511167004,
    "L/W": 0.0005066958266086677,
    "L/H": 0.0005025274288962937,
    "L/P": 0.007093241149602172,
    "L/R": 0.0015741200438797404,
    "L/Q": 0.0009356083221003879,
    "I/L": 0.0011301756366319808,
    "I/V": 0.005418696847531755,
    "I/F": 0.0009161099787202628,
    "I/N": 0.0009306174117646846,
    "I/T": 0.004603504964818051,
    "I/S": 0.0005848098085950897,
    "I/M": 0.0018443588379560788,
    "I/K": 0.00022503134232854243,
    "I/R": 0.00020690581693598464,
    "M/L": 0.0016126233936447968,
    "M/V": 0.0039535448104289364,
    "M/K": 0.0010017671956734386,
    "M/T": 0.005657529591937423,
    "M/R": 0.0009028053529477382,
    "M/I": 0.004723919799226885,
    "V/I": 0.010976822642899921,
    "V/L": 0.006099229516829044,
    "V/F": 0.0014847331115097546,
    "V/D": 0.0007589083935400178,
    "V/A": 0.007415946965333514,
    "V/G": 0.0020494629326296377,
    "V/E": 0.0010122023032392742,
    "V/M": 0.014889650485796824,
    "S/T": 0.004929916393390759,
    "S/P": 0.006900590113833873,
    "S/A": 0.00204864634205549,
    "S/Y": 0.002180984592099301,
    "S/C": 0.003838431614057269,
    "S/F": 0.006505481368731963,
    "S/L": 0.01375430132853869,
    "S/W": 0.0009581099441092997,
    "S/R": 0.006978081220715109,
    "S/G": 0.005954080467218158,
    "S/N": 0.00930467504937612,
    "S/I": 0.0020854021560854333,
    "P/T": 0.005599900971524994,
    "P/A": 0.00399171541943426,
    "P/S": 0.015550534585833053,
    "P/H": 0.002330083687029962,
    "P/R": 0.004034007719415727,
    "P/L": 0.02961215269332811,
    "P/Q": 0.0023137406858301235,
    "T/P": 0.002084109807286266,
    "T/A": 0.007497637923164665,
    "T/S": 0.00352505776604833,
    "T/N": 0.0023475821302221898,
    "T/I": 0.010693185197737579,
    "T/K": 0.0020213497724321915,
    "T/R": 0.0019347637418881732,
    "T/M": 0.01568965492209752,
    "A/T": 0.023927000190013786,
    "A/P": 0.003845075239201865,
    "A/S": 0.005360952260027671,
    "A/D": 0.002678901813541588,
    "A/G": 0.004266633386006636,
    "A/V": 0.030147322198212357,
    "A/E": 0.003213797708504733,
    "Y/N": 0.0005494687722955707,
    "Y/H": 0.002738227916918113,
    "Y/D": 0.0005229506557591344,
    "Y/S": 0.0006038256675362974,
    "Y/C": 0.0038416704723462872,
    "Y/F": 0.0006116495174238137,
    "H/N": 0.001289885772426047,
    "H/D": 0.00099764295631758,
    "H/Y": 0.003788915133839697,
    "H/P": 0.0010741128706516978,
    "H/R": 0.005170093806149978,
    "H/L": 0.0009907625442923639,
    "H/Q": 0.00314396927318678,
    "Q/K": 0.003335440934134421,
    "Q/E": 0.0025415035372665326,
    "Q/P": 0.0022143479576160635,
    "Q/R": 0.008533715581550232,
    "Q/L": 0.0015454301856106674,
    "Q/H": 0.005323322296474702,
    "N/H": 0.0015112363332360375,
    "N/D": 0.0035552147949303127,
    "N/Y": 0.000975367280616616,
    "N/T": 0.0014077822860474847,
    "N/S": 0.006471614090891216,
    "N/I": 0.0014315952764798509,
    "N/K": 0.004959956631879925,
    "K/Q": 0.0026890293503496797,
    "K/E": 0.006451350101897418,
    "K/T": 0.0025547305251707427,
    "K/R": 0.006660426411716761,
    "K/I": 0.0008557870976501993,
    "K/N": 0.0060217966355778476,
    "K/M": 0.000996734155635251,
    "D/N": 0.04971766972684589,
    "D/H": 0.010408691630996511,
    "D/Y": 0.008782962172611868,
    "D/A": 0.005322979247339577,
    "D/G": 0.021812502165931134,
    "D/V": 0.00851014973560562,
    "D/E": 0.021951478588884084,
    "E/K": 0.09656390802994126,
    "E/Q": 0.02178559793261418,
    "E/A": 0.010478306052199732,
    "E/G": 0.030130234571087194,
    "E/V": 0.008086888597505766,
    "E/D": 0.027923697462495924,
    "C/S": 0.000793751553429926,
    "C/R": 0.0016259173395516537,
    "C/G": 0.00037752964850432124,
    "C/Y": 0.0019322483577100087,
    "C/F": 0.000667160711244023,
    "C/W": 0.0004962925538593579,
    "W/R": 0.0014905070195326074,
    "W/G": 0.00028963667719991996,
    "W/S": 0.00025206442537337946,
    "W/L": 0.0003475461378791426,
    "W/C": 0.0009042927554118983,
    "R/S": 0.00405012643708256,
    "R/G": 0.0070028409482565356,
    "R/C": 0.020764132952507845,
    "R/H": 0.022696386574586447,
    "R/P": 0.0035613741774571167,
    "R/L": 0.004117287876935723,
    "R/Q": 0.0380221362224494,
    "R/W": 0.026881540936166945,
    "R/K": 0.004427842959552551,
    "R/T": 0.0016463105441046665,
    "R/I": 0.0007504265856032622,
    "R/M": 0.0005764999941429659,
    "G/S": 0.019053242919892577,
    "G/R": 0.02605167575867317,
    "G/C": 0.002738443201383815,
    "G/D": 0.00936697028363431,
    "G/A": 0.005215998557247995,
    "G/V": 0.006947306124451045,
    "G/E": 0.01042021039507713,
    "G/W": 0.001813887177952916
}