{
    "F/I": 0.0008021839914984176,
    "F/L": 0.005939582168136672,
    "F/V": 0.0009822893718046525,
    "F/Y": 0.0006203856914551786,
    "F/S": 0.0021861002463088044,
    "F/C": 0.001038899135206739,
    "L/I": 0.0008888308617560518,
    "L/V": 0.002125761582591982,
    "L/S": 0.0010474584991521476,
    "L/F": 0.003427851524883611,
    "L/M": 0.000854005674235585,
    "L/W": 0.00027895524957820576,
    "L/H": 0.0003686733945170425,
    "L/P": 0.0042042053565907,
    "L/R": 0.0009591603270199558,
    "L/Q": 0.000504843685659083,
    "I/L": 0.0006260420902210118,
    "I/V": 0.003001124675802806,
    "I/F": 0.0005053023880237436,
    "I/N": 0.0005160879841639044,
    "I/T": 0.0024103087029550886,
    "I/S": 0.0003048643222897467,
    "I/M": 0.0010658138721287781,
    "I/K": 0.00012608102218340868,
    "I/R": 0.00011592561562778082,
    "M/L": 0.0015911836077514053,
    "M/V": 0.003987408219491923,
    "M/K": 0.0009367069080604329,
    "M/T": 0.005290098412297829,
    "M/R": 0.0008441721932924595,
    "M/I": 0.004612132775867978,
    "V/I": 0.00834012538390204,
    "V/L": 0.0032172486133426686,
    "V/F": 0.0008764349006874092,
    "V/D": 0.000416077948112716,
    "V/A": 0.003724029713969304,
    "V/G": 0.001039153279536772,
    "V/E": 0.00047913598060805455,
    "V/M": 0.009205574514563603,
    "S/T": 0.005492327635484476,
    "S/P": 0.006956021810685734,
    "S/A": 0.002101678243416647,
    "S/Y": 0.002440816365822753,
    "S/C": 0.004460945842157784,
    "S/F": 0.007141471826037095,
    "S/L": 0.011917445989969064,
    "S/W": 0.0008423875145080384,
    "S/R": 0.007836402963299164,
    "S/G": 0.007240585285444998,
    "S/N": 0.011326086447215696,
    "S/I": 0.002537962802969149,
    "P/T": 0.0073844798536150435,
    "P/A": 0.005204517367330366,
    "P/S": 0.02037709621601251,
    "P/H": 0.0029095591757582616,
    "P/R": 0.005254289700166023,
    "P/L": 0.04040793519743545,
    "P/Q": 0.0031435846062282022,
    "T/P": 0.0013299815431778033,
    "T/A": 0.004819058906115909,
    "T/S": 0.0022737396892588044,
    "T/N": 0.0017002925459389559,
    "T/I": 0.006725315657806669,
    "T/K": 0.0011770154445925722,
    "T/R": 0.0011243039545839292,
    "T/M": 0.00971265524934086,
    "A/T": 0.019939358948777772,
    "A/P": 0.002873817689703129,
    "A/S": 0.004180905599915639,
    "A/D": 0.0020391790948015172,
    "A/G": 0.002975175218435811,
    "A/V": 0.019975030088260834,
    "A/E": 0.0021182407487757332,
    "Y/N": 0.0015334896502402842,
    "Y/H": 0.007049870960207694,
    "Y/D": 0.0013681667904853736,
    "Y/S": 0.0015471718737484065,
    "Y/C": 0.009807469705589449,
    "Y/F": 0.0015637946316584884,
    "H/N": 0.0014504358372850331,
    "H/D": 0.0011880592124734217,
    "H/Y": 0.004367468595995384,
    "H/P": 0.001238798129911539,
    "H/R": 0.006339897706229587,
    "H/L": 0.001200550419491194,
    "H/Q": 0.00336025777463703,
    "Q/K": 0.0031298572683060603,
    "Q/E": 0.002439502833613577,
    "Q/P": 0.0020703896154980386,
    "Q/R": 0.00797420026073672,
    "Q/L": 0.001444150682698681,
    "Q/H": 0.005010803461633899,
    "N/H": 0.0015152857771004702,
    "N/D": 0.0036824222800523197,
    "N/Y": 0.0010199814911261431,
    "N/T": 0.00144420873283683,
    "N/S": 0.006148326596442418,
    "N/I": 0.0014108992237193275,
    "N/K": 0.004779931796247713,
    "K/Q": 0.0015907121172122863,
    "K/E": 0.00383849307947346,
    "K/T": 0.001429011118413572,
    "K/R": 0.0038087105009623275,
    "K/I": 0.0004509020730066038,
    "K/N": 0.0035476447564804173,
    "K/M": 0.0005956146252380482,
    "D/N": 0.019620307472523933,
    "D/H": 0.0037928383522754104,
    "D/Y": 0.0031727271246312283,
    "D/A": 0.0018922834949488359,
    "D/G": 0.007706803999466643,
    "D/V": 0.0029875285045169214,
    "D/E": 0.006899947330908979,
    "E/K": 0.017283984972349266,
    "E/Q": 0.0036228028033798796,
    "E/A": 0.001689708677041806,
    "E/G": 0.004839953066636247,
    "E/V": 0.0012872541700568038,
    "E/D": 0.004795268164723585,
    "C/S": 0.0005784311533747532,
    "C/R": 0.0011887110439844396,
    "C/G": 0.0002828675542971639,
    "C/Y": 0.0014049906716664267,
    "C/F": 0.0004878058408291692,
    "C/W": 0.00035203655725970866,
    "W/R": 0.0017600423472753806,
    "W/G": 0.00037115142771763655,
    "W/S": 0.0003217020726683839,
    "W/L": 0.0004435624453470371,
    "W/C": 0.0011166420103803957,
    "R/S": 0.00919004373755988,
    "R/G": 0.01686538264099319,
    "R/C": 0.06929256818302204,
    "R/H": 0.08206979452183993,
    "R/P": 0.009626493071069987,
    "R/L": 0.010595193026764677,
    "R/Q": 0.07834804590999409,
    "R/W": 0.043728184302813417,
    "R/K": 0.008320973936176593,
    "R/T": 0.003619554612033411,
    "R/I": 0.0021777682423181986,
    "R/M": 0.0006995333653251508,
    "G/S": 0.047362632421865176,
    "G/R": 0.04367769205924803,
    "G/C": 0.006374651380693954,
    "G/D": 0.022143777184095798,
    "G/A": 0.009682744643689388,
    "G/V": 0.013812672839330013,
    "G/E": 0.01590703929516731,
    "G/W": 0.001859538680669788
}