{
    "F/I": 0.00034315826359710225,
    "F/L": 0.0028413342079868405,
    "F/V": 0.00041629763202022195,
    "F/Y": 0.0002511068326020426,
    "F/S": 0.0009716032690844271,
    "F/C": 0.00042381355602753694,
    "L/I": 0.0007981339146605251,
    "L/V": 0.0025354441347101206,
    "L/S": 0.0007154145669625372,
    "L/F": 0.003232570463337524,
    "L/M": 0.001383133672154464,
    "L/W": 0.00023547225948690993,
    "L/H": 0.00038203107009310446,
    "L/P": 0.006112975210979869,
    "L/R": 0.001359420944573719,
    "L/Q": 0.0008600071696786947,
    "I/L": 0.0004195310590375815,
    "I/V": 0.0022614731117223787,
    "I/F": 0.00044317435343347607,
    "I/N": 0.00048218928788335626,
    "I/T": 0.0015048101609352422,
    "I/S": 0.0002564293897224516,
    "I/M": 0.0007021003607809019,
    "I/K": 3.742514740617241e-05,
    "I/R": 3.44106763879957e-05,
    "M/L": 0.0006812431991370855,
    "M/V": 0.0016628146186274753,
    "M/K": 0.0003925676483660219,
    "M/T": 0.002217045134897841,
    "M/R": 0.0003537869635476489,
    "M/I": 0.0019072487172459179,
    "V/I": 0.008621753244708237,
    "V/L": 0.004068153540195408,
    "V/F": 0.0009741334496106225,
    "V/D": 0.0004090278623460079,
    "V/A": 0.004112479292353253,
    "V/G": 0.001141110397409225,
    "V/E": 0.0005870159305211605,
    "V/M": 0.01514051372936852,
    "S/T": 0.003422263614025517,
    "S/P": 0.0049413033027243805,
    "S/A": 0.0014905163013033526,
    "S/Y": 0.001490443286461263,
    "S/C": 0.0026340741974303825,
    "S/F": 0.00484204256860645,
    "S/L": 0.023350704771182566,
    "S/W": 0.0019070429978607028,
    "S/R": 0.006393283866956131,
    "S/G": 0.004705243870392573,
    "S/N": 0.006816321018227112,
    "S/I": 0.0015318418822240318,
    "P/T": 0.0101666477737517,
    "P/A": 0.007305745364197953,
    "P/S": 0.028300052469064148,
    "P/H": 0.004411916241409177,
    "P/R": 0.009170362132690344,
    "P/L": 0.09840890639174416,
    "P/Q": 0.00630646981132737,
    "T/P": 0.0013551709496816373,
    "T/A": 0.004836196813004268,
    "T/S": 0.002251072161062087,
    "T/N": 0.001799025826733465,
    "T/I": 0.005928133831696739,
    "T/K": 0.0016412734095475228,
    "T/R": 0.001539120730493123,
    "T/M": 0.020748739563535474,
    "A/T": 0.0600391847324144,
    "A/P": 0.005717801397514332,
    "A/S": 0.008525180152831432,
    "A/D": 0.0032590646945538076,
    "A/G": 0.006065274391401048,
    "A/V": 0.059275735838030225,
    "A/E": 0.005357018523342902,
    "Y/N": 0.00028158926049607697,
    "Y/H": 0.0014083823202452818,
    "Y/D": 0.0002612156524848396,
    "Y/S": 0.00031460477945040256,
    "Y/C": 0.0018466472011540753,
    "Y/F": 0.0003039339761033489,
    "H/N": 0.0008324123927164045,
    "H/D": 0.0005964359887052432,
    "H/Y": 0.002385082925254634,
    "H/P": 0.000677831097726189,
    "H/R": 0.002899434752348633,
    "H/L": 0.0005694837387460118,
    "H/Q": 0.0023198714778657594,
    "Q/K": 0.001973715973724742,
    "Q/E": 0.001380453277162451,
    "Q/P": 0.0012003208618152621,
    "Q/R": 0.005026744971691149,
    "Q/L": 0.0009063370774560138,
    "Q/H": 0.003108389299421818,
    "N/H": 0.0005689060853373834,
    "N/D": 0.0014050746286859176,
    "N/Y": 0.0003345487988892324,
    "N/T": 0.0005590241896227446,
    "N/S": 0.002173157061776501,
    "N/I": 0.0005218069170615413,
    "N/K": 0.0021823399022379087,
    "K/Q": 0.001040624887626165,
    "K/E": 0.0025669015291417637,
    "K/T": 0.0008782062522994095,
    "K/R": 0.0026127318003832424,
    "K/I": 0.0001861659521143011,
    "K/N": 0.0023659762380766067,
    "K/M": 0.0004906570379726234,
    "D/N": 0.030191136186962095,
    "D/H": 0.004061744684427373,
    "D/Y": 0.0033224642872132296,
    "D/A": 0.0018268868675587178,
    "D/G": 0.0068530632579976766,
    "D/V": 0.0024161339846574433,
    "D/E": 0.009234937817341273,
    "E/K": 0.04212924163344809,
    "E/Q": 0.0059707152215122,
    "E/A": 0.002308572590557845,
    "E/G": 0.006827564316618358,
    "E/V": 0.001951209530609934,
    "E/D": 0.006961614379060129,
    "C/S": 0.0005827474194040889,
    "C/R": 0.0012592294396432755,
    "C/G": 0.0002797643786731493,
    "C/Y": 0.0013937412913395198,
    "C/F": 0.0005528926010644812,
    "C/W": 0.0005251018755992329,
    "W/R": 0.001296060364174095,
    "W/G": 0.0002534804204346275,
    "W/S": 0.00022591616369211845,
    "W/L": 0.00031149294494597104,
    "W/C": 0.0007989455943342245,
    "R/S": 0.003998397293480618,
    "R/G": 0.006484472485878677,
    "R/C": 0.03892365280556772,
    "R/H": 0.04083438851207215,
    "R/P": 0.004788137374141025,
    "R/L": 0.0060359513719297,
    "R/Q": 0.042735326321793256,
    "R/W": 0.03304930981232817,
    "R/K": 0.0019211719256944885,
    "R/T": 0.000667410278284164,
    "R/I": 0.00025713141779276215,
    "R/M": 0.0002843748713042212,
    "G/S": 0.056135303114614905,
    "G/R": 0.049565140824295105,
    "G/C": 0.005682433922384707,
    "G/D": 0.014155113186847432,
    "G/A": 0.006647701650145708,
    "G/V": 0.008900661656472362,
    "G/E": 0.010923952309353504,
    "G/W": 0.003090773987535156
}