{
    "F/I": 0.0005262846271915065,
    "F/L": 0.003819329745943216,
    "F/V": 0.0006431043128874846,
    "F/Y": 0.00040049959579959164,
    "F/S": 0.0014326809402772317,
    "F/C": 0.00067149415090416,
    "L/I": 0.0016201307124329679,
    "L/V": 0.003857953396260566,
    "L/S": 0.0020098093249822898,
    "L/F": 0.006048693259240597,
    "L/M": 0.0015653823978281425,
    "L/W": 0.0005113679670894839,
    "L/H": 0.0006522092310905492,
    "L/P": 0.00754320022302587,
    "L/R": 0.0017196549898398693,
    "L/Q": 0.0009195630640050616,
    "I/L": 0.0012365991230512167,
    "I/V": 0.00606705310776407,
    "I/F": 0.0009993028421741972,
    "I/N": 0.0010415411420779612,
    "I/T": 0.004708703219542291,
    "I/S": 0.0006181501159043787,
    "I/M": 0.0019026246988499199,
    "I/K": 0.000227264653529586,
    "I/R": 0.00020895924235549574,
    "M/L": 0.0013432303379753076,
    "M/V": 0.003452112827501685,
    "M/K": 0.0008097080591713083,
    "M/T": 0.004572866156305263,
    "M/R": 0.0007297192135078468,
    "M/I": 0.003991284383236389,
    "V/I": 0.01557946095961393,
    "V/L": 0.005771891677219492,
    "V/F": 0.0017978689318932882,
    "V/D": 0.0008681148644808478,
    "V/A": 0.00702647184420056,
    "V/G": 0.0019570377408406705,
    "V/E": 0.0008637183121476884,
    "V/M": 0.013265553854156118,
    "S/T": 0.008846721051454528,
    "S/P": 0.012931805021682317,
    "S/A": 0.0038932724192060333,
    "S/Y": 0.00439948838304318,
    "S/C": 0.007386123574421422,
    "S/F": 0.013687710730261015,
    "S/L": 0.023766121836799863,
    "S/W": 0.0016821622762795002,
    "S/R": 0.01189371635169158,
    "S/G": 0.011296451456264121,
    "S/N": 0.01664436365587266,
    "S/I": 0.0037351068498508613,
    "P/T": 0.009839631524551981,
    "P/A": 0.0069701457285044005,
    "P/S": 0.027191802927100547,
    "P/H": 0.004281209761186103,
    "P/R": 0.006963723913188224,
    "P/L": 0.049354053945529046,
    "P/Q": 0.0036991678722832232,
    "T/P": 0.0031049890541491676,
    "T/A": 0.01124346506770693,
    "T/S": 0.0052902930272105495,
    "T/N": 0.0038906688703586167,
    "T/I": 0.015471447407394312,
    "T/K": 0.0027794496588633725,
    "T/R": 0.0026509489088580433,
    "T/M": 0.023948275274735767,
    "A/T": 0.03019966845330615,
    "A/P": 0.004282334637334922,
    "A/S": 0.006041651614207126,
    "A/D": 0.003283524760269227,
    "A/G": 0.0042599586592332195,
    "A/V": 0.026754559032795028,
    "A/E": 0.0026471475505260764,
    "Y/N": 0.0004325779776581338,
    "Y/H": 0.002076105540930375,
    "Y/D": 0.00040401959336215247,
    "Y/S": 0.0004475696691961041,
    "Y/C": 0.0026869595840995904,
    "Y/F": 0.00043808495864456877,
    "H/N": 0.0020695049007715917,
    "H/D": 0.0016351052236717413,
    "H/Y": 0.006199845866911079,
    "H/P": 0.0017426932328903119,
    "H/R": 0.008182658948939074,
    "H/L": 0.0015759117537893397,
    "H/Q": 0.0050055826352269775,
    "Q/K": 0.003583924822641321,
    "Q/E": 0.002785567117737968,
    "Q/P": 0.0023888608069348996,
    "Q/R": 0.009332050390250726,
    "Q/L": 0.001688753893880759,
    "Q/H": 0.006091544030875008,
    "N/H": 0.0017708399866607448,
    "N/D": 0.0042612230917870595,
    "N/Y": 0.0011442835039105297,
    "N/T": 0.0016814767846031486,
    "N/S": 0.00708474518051745,
    "N/I": 0.0016340253029201758,
    "N/K": 0.005458416353592159,
    "K/Q": 0.0036074332273208633,
    "K/E": 0.008721523396866895,
    "K/T": 0.003268987858108319,
    "K/R": 0.00861028270179377,
    "K/I": 0.0010657300763759528,
    "K/N": 0.008018083413138232,
    "K/M": 0.0013155824301773415,
    "D/N": 0.01679653660609766,
    "D/H": 0.003364344645222224,
    "D/Y": 0.002824194601520345,
    "D/A": 0.0017241489938621664,
    "D/G": 0.006767855873720792,
    "D/V": 0.0025195024404356518,
    "D/E": 0.006556205970497274,
    "E/K": 0.027222837571640495,
    "E/Q": 0.005595447279351471,
    "E/A": 0.002544088154135274,
    "E/G": 0.007326730789958935,
    "E/V": 0.0019735257505408186,
    "E/D": 0.0073769597940019525,
    "C/S": 0.0009733359511664056,
    "C/R": 0.0020615850290495574,
    "C/G": 0.00046945073806968366,
    "C/Y": 0.002336367534500685,
    "C/F": 0.0008255881343623897,
    "C/W": 0.0005546036856943828,
    "W/R": 0.0013178805083399342,
    "W/G": 0.00025196827558354707,
    "W/S": 0.00021675021543874745,
    "W/L": 0.0002988549461060293,
    "W/C": 0.0007774979538271642,
    "R/S": 0.006757512389808521,
    "R/G": 0.011537045014297052,
    "R/C": 0.0403220727643466,
    "R/H": 0.04370002788426229,
    "R/P": 0.006050714271270054,
    "R/L": 0.0070304455844084025,
    "R/Q": 0.0586098974797721,
    "R/W": 0.04014702130069677,
    "R/K": 0.006752461059883429,
    "R/T": 0.002518479231123631,
    "R/I": 0.0011558688603933525,
    "R/M": 0.0008734272698934251,
    "G/S": 0.01708060508344643,
    "G/R": 0.020373754170647518,
    "G/C": 0.0025337349579382406,
    "G/D": 0.008672979151002192,
    "G/A": 0.004350536898575573,
    "G/V": 0.005868630138842924,
    "G/E": 0.00789989486484023,
    "G/W": 0.0013869194228260699
}