{
    "F/I": 0.000509212190044176,
    "F/L": 0.0037420903667162828,
    "F/V": 0.0006226982231824968,
    "F/Y": 0.00039742861989628525,
    "F/S": 0.0014234656494388686,
    "F/C": 0.0006664127569389612,
    "L/I": 0.0016143966377466315,
    "L/V": 0.0038350206599011578,
    "L/S": 0.002036251057595091,
    "L/F": 0.006039151566845037,
    "L/M": 0.0015535241015873418,
    "L/W": 0.0005168932654074278,
    "L/H": 0.00065605889916453,
    "L/P": 0.007591305637856459,
    "L/R": 0.0017304339872058058,
    "L/Q": 0.0009255263472829352,
    "I/L": 0.0012303691719772333,
    "I/V": 0.006017627885256277,
    "I/F": 0.0009877984259430666,
    "I/N": 0.0010510668551160537,
    "I/T": 0.004762989762151668,
    "I/S": 0.0006240413027005337,
    "I/M": 0.0019268799092985337,
    "I/K": 0.00023077432224918754,
    "I/R": 0.00021218621894502216,
    "M/L": 0.0013479832671375743,
    "M/V": 0.003462684154497817,
    "M/K": 0.0008202647029831069,
    "M/T": 0.004632485322329799,
    "M/R": 0.0007392329953362128,
    "M/I": 0.004036367540382891,
    "V/I": 0.015497757509279843,
    "V/L": 0.005724574710897597,
    "V/F": 0.0017878955340053036,
    "V/D": 0.0008712546847574274,
    "V/A": 0.007083162669883228,
    "V/G": 0.001972653324935825,
    "V/E": 0.0008723958916143906,
    "V/M": 0.013080820427452849,
    "S/T": 0.008904443773835662,
    "S/P": 0.012929625956264826,
    "S/A": 0.003894759174536351,
    "S/Y": 0.0044339489246768915,
    "S/C": 0.00743709708990497,
    "S/F": 0.013796531576423085,
    "S/L": 0.0239696646899545,
    "S/W": 0.0016951143347242838,
    "S/R": 0.012022328494971405,
    "S/G": 0.01136091697634434,
    "S/N": 0.01686228197023655,
    "S/I": 0.0037839325743882425,
    "P/T": 0.009813874593732081,
    "P/A": 0.006953801881154797,
    "P/S": 0.027126962434368167,
    "P/H": 0.004306672978716052,
    "P/R": 0.006994365986845,
    "P/L": 0.04949397700095663,
    "P/Q": 0.00370842587855929,
    "T/P": 0.0031125025199953355,
    "T/A": 0.011267506325215445,
    "T/S": 0.0053152673945582075,
    "T/N": 0.003920669397677905,
    "T/I": 0.015613789371217482,
    "T/K": 0.0028128731787095363,
    "T/R": 0.0026829057367527324,
    "T/M": 0.024216502218295858,
    "A/T": 0.029743560430471664,
    "A/P": 0.004231817191379458,
    "A/S": 0.005959950857073916,
    "A/D": 0.0032836668618224144,
    "A/G": 0.004259097545011409,
    "A/V": 0.026608208002563784,
    "A/E": 0.002646264413508282,
    "Y/N": 0.00042741918128699514,
    "Y/H": 0.0020568462073642236,
    "Y/D": 0.00039909221297070816,
    "Y/S": 0.0004477458871286578,
    "Y/C": 0.0026901201635595303,
    "Y/F": 0.00043845757768322434,
    "H/N": 0.002073460385322685,
    "H/D": 0.0016380641869005563,
    "H/Y": 0.006213595845127684,
    "H/P": 0.0017638241535187736,
    "H/R": 0.008286615878561571,
    "H/L": 0.0015957476880607206,
    "H/Q": 0.005041141912985376,
    "Q/K": 0.003580269099502733,
    "Q/E": 0.0027845669204792896,
    "Q/P": 0.00241915948947289,
    "Q/R": 0.009443830274331435,
    "Q/L": 0.0017090465322879061,
    "Q/H": 0.006156677874865391,
    "N/H": 0.0017852931636819943,
    "N/D": 0.004295124868104621,
    "N/Y": 0.001153927069659222,
    "N/T": 0.001706421319085092,
    "N/S": 0.007188434865383417,
    "N/I": 0.0016580997952220207,
    "N/K": 0.005540204281579731,
    "K/Q": 0.0036143811094453055,
    "K/E": 0.008735582082283522,
    "K/T": 0.0033109788281351594,
    "K/R": 0.008714781207211843,
    "K/I": 0.0010814594705278427,
    "K/N": 0.00811718578298578,
    "K/M": 0.0013296861065479869,
    "D/N": 0.016668581235920212,
    "D/H": 0.003356081911918887,
    "D/Y": 0.0028179911922804864,
    "D/A": 0.0017399479463325806,
    "D/G": 0.006830780148622352,
    "D/V": 0.002543313267405352,
    "D/E": 0.006603837699850819,
    "E/K": 0.02704275820507183,
    "E/Q": 0.005580958016459745,
    "E/A": 0.0025661090037541897,
    "E/G": 0.007389831117810166,
    "E/V": 0.001990323562273268,
    "E/D": 0.007437986998980255,
    "C/S": 0.0009719346252278259,
    "C/R": 0.0020389659413032105,
    "C/G": 0.0004641916718270614,
    "C/Y": 0.0023473039998584016,
    "C/F": 0.0008286086337823458,
    "C/W": 0.0005564448127392023,
    "W/R": 0.0013246363904906343,
    "W/G": 0.0002528740852160471,
    "W/S": 0.00021766488909979442,
    "W/L": 0.0003001160970909251,
    "W/C": 0.0007832068198502028,
    "R/S": 0.006736596846854926,
    "R/G": 0.011457880044866477,
    "R/C": 0.039404475286882144,
    "R/H": 0.042854795713918675,
    "R/P": 0.006026320129667825,
    "R/L": 0.006990588747847874,
    "R/Q": 0.05898463746118563,
    "R/W": 0.04007312847964615,
    "R/K": 0.006823962505358735,
    "R/T": 0.0025449910296042634,
    "R/I": 0.0011678801944048644,
    "R/M": 0.000882790017013944,
    "G/S": 0.016961633643650834,
    "G/R": 0.02020016965039931,
    "G/C": 0.0025244108059701746,
    "G/D": 0.008717790389294164,
    "G/A": 0.004375571057023356,
    "G/V": 0.005904361086121312,
    "G/E": 0.007957149313026783,
    "G/W": 0.0013627336120454036
}