{
    "F/I": 0.0002686375352952025,
    "F/L": 0.002125118283749185,
    "F/V": 0.0003198902236318195,
    "F/Y": 0.00019815513679841387,
    "F/S": 0.0007380849169360247,
    "F/C": 0.0003333503875287053,
    "L/I": 0.0007359605361067257,
    "L/V": 0.0022994823544560516,
    "L/S": 0.0006384266116452726,
    "L/F": 0.002910809429962366,
    "L/M": 0.001247383394869006,
    "L/W": 0.0002095310658444899,
    "L/H": 0.0003464572503995967,
    "L/P": 0.005684543483812088,
    "L/R": 0.001258674840925805,
    "L/Q": 0.0008040485739898779,
    "I/L": 0.00034318094880816843,
    "I/V": 0.001811316929433297,
    "I/F": 0.0003885342553295993,
    "I/N": 0.00043088499793063063,
    "I/T": 0.00133426781648361,
    "I/S": 0.00022921664041456138,
    "I/M": 0.000669491538718704,
    "I/K": 3.1766491575583604e-05,
    "I/R": 2.9207806444313868e-05,
    "M/L": 0.0006154350364748047,
    "M/V": 0.0015001666719318986,
    "M/K": 0.0003582379344665842,
    "M/T": 0.002023166384318226,
    "M/R": 0.0003228485882370645,
    "M/I": 0.0016889616636683014,
    "V/I": 0.010033235091469084,
    "V/L": 0.0042263097778863995,
    "V/F": 0.0009634366924983337,
    "V/D": 0.0003917068905931797,
    "V/A": 0.004253534617043659,
    "V/G": 0.0011738613880211358,
    "V/E": 0.0006263736333870009,
    "V/M": 0.013747702152733217,
    "S/T": 0.0031809364797990352,
    "S/P": 0.004353838688822646,
    "S/A": 0.0013128021929834422,
    "S/Y": 0.0013307835365242479,
    "S/C": 0.0024256780138348063,
    "S/F": 0.004298861223997225,
    "S/L": 0.021674515366234312,
    "S/W": 0.0017807275872821482,
    "S/R": 0.006523909660683091,
    "S/G": 0.0044742656967610836,
    "S/N": 0.0066518498237835,
    "S/I": 0.0014951788192905829,
    "P/T": 0.006587487911036236,
    "P/A": 0.004829379052972842,
    "P/S": 0.01857861690179935,
    "P/H": 0.00287874414894556,
    "P/R": 0.006278116679972262,
    "P/L": 0.07052184225111126,
    "P/Q": 0.004492508773111376,
    "T/P": 0.0012993867722359323,
    "T/A": 0.00463774063462944,
    "T/S": 0.0022227106244869115,
    "T/N": 0.0017806194888249334,
    "T/I": 0.0057235119704365615,
    "T/K": 0.001607789256822547,
    "T/R": 0.0015051212612312232,
    "T/M": 0.020979144064611942,
    "A/T": 0.0754352586740127,
    "A/P": 0.0075965263621009015,
    "A/S": 0.01118336762604626,
    "A/D": 0.004157962123368391,
    "A/G": 0.008777612550148849,
    "A/V": 0.09067251216826985,
    "A/E": 0.008366281985157592,
    "Y/N": 0.00016925484232459872,
    "Y/H": 0.0008670355444965549,
    "Y/D": 0.00016495884922316771,
    "Y/S": 0.00019371393773472728,
    "Y/C": 0.0011172101465520303,
    "Y/F": 0.0001852551508730228,
    "H/N": 0.0005820920702934392,
    "H/D": 0.00041535855012885176,
    "H/Y": 0.0016458366901663062,
    "H/P": 0.0004815097032801383,
    "H/R": 0.0020417927221048774,
    "H/L": 0.0004017997961640315,
    "H/Q": 0.0018243186172394478,
    "Q/K": 0.0019306330417492277,
    "Q/E": 0.0013566327382850834,
    "Q/P": 0.001175881517738402,
    "Q/R": 0.004911399117141565,
    "Q/L": 0.0008856589564841797,
    "Q/H": 0.003017274908083516,
    "N/H": 0.00042990185806897064,
    "N/D": 0.0010549525348890463,
    "N/Y": 0.0002631147266463085,
    "N/T": 0.0004223842688335789,
    "N/S": 0.001686119982096147,
    "N/I": 0.0003994570233904726,
    "N/K": 0.001678253741598911,
    "K/Q": 0.0009801552322336242,
    "K/E": 0.0024246243154712995,
    "K/T": 0.000834988423489855,
    "K/R": 0.00252745715146752,
    "K/I": 0.00016253095882377648,
    "K/N": 0.002301314879630293,
    "K/M": 0.0004863450977374296,
    "D/N": 0.03369213203735905,
    "D/H": 0.004364012086677084,
    "D/Y": 0.003555645529876185,
    "D/A": 0.001909358218604021,
    "D/G": 0.0071622109460290646,
    "D/V": 0.0025250297386520126,
    "D/E": 0.010614804701592099,
    "E/K": 0.05942719867141483,
    "E/Q": 0.008356043205049879,
    "E/A": 0.0032266484199404005,
    "E/G": 0.009517434654605108,
    "E/V": 0.0027044917307263963,
    "E/D": 0.009466453427661507,
    "C/S": 0.0003781348695469575,
    "C/R": 0.0008162266341275117,
    "C/G": 0.00019185325272753724,
    "C/Y": 0.0008937945832157658,
    "C/F": 0.00036824303037609506,
    "C/W": 0.00036292171899896946,
    "W/R": 0.0008425362770257541,
    "W/G": 0.0001630156422767603,
    "W/S": 0.00014807037342235278,
    "W/L": 0.00020415925944739045,
    "W/C": 0.0005417126053063979,
    "R/S": 0.0038115052408284993,
    "R/G": 0.0065301666610112176,
    "R/C": 0.0330845959834765,
    "R/H": 0.03417175469279977,
    "R/P": 0.0046998321212563055,
    "R/L": 0.006018396028442212,
    "R/Q": 0.049257043383634694,
    "R/W": 0.04094047229277362,
    "R/K": 0.002219321246930564,
    "R/T": 0.0007309820326394059,
    "R/I": 0.0002386330442891388,
    "R/M": 0.00035771488545713483,
    "G/S": 0.04621624745123882,
    "G/R": 0.04409256278096653,
    "G/C": 0.00458108739352554,
    "G/D": 0.011214434012422357,
    "G/A": 0.0054234863449202555,
    "G/V": 0.007161364578556804,
    "G/E": 0.009114215262275927,
    "G/W": 0.0027578495083081045
}