{
    "K/T": 0.0038842563605098316,
    "K/R": 0.009776879238788816,
    "K/I": 0.0014180557735469263,
    "N/T": 0.0024695899409839395,
    "N/S": 0.010625529292307626,
    "N/I": 0.0024257989815503205,
    "K/M": 0.0013552525501770685,
    "T/K": 0.00531225283831229,
    "T/R": 0.005068962439501381,
    "T/I": 0.026301106835242526,
    "T/N": 0.0060323079760104675,
    "T/S": 0.004241870249033485,
    "T/M": 0.045190957399344284,
    "R/K": 0.017899839201554996,
    "R/T": 0.007229122785947306,
    "R/I": 0.003871352251917728,
    "S/N": 0.01693985909772063,
    "S/T": 0.004685616710677922,
    "S/I": 0.003799958251028377,
    "R/M": 0.001911599694714357,
    "I/K": 0.0007500469231518822,
    "I/T": 0.0147087319108471,
    "I/R": 0.0006896331407403766,
    "I/N": 0.0030814754536820205,
    "I/S": 0.0018634638913332074,
    "Q/P": 0.005140992667815568,
    "Q/R": 0.01783321228787971,
    "Q/L": 0.003249245748057442,
    "H/P": 0.004345008479436417,
    "H/R": 0.02157302782240209,
    "H/L": 0.0041089763069880525,
    "P/Q": 0.0070625011973760605,
    "P/R": 0.011311946673093142,
    "P/L": 0.09496061264663357,
    "P/H": 0.005964135721622634,
    "R/Q": 0.10282641358987875,
    "R/P": 0.012338394127313254,
    "R/L": 0.013892535111051629,
    "R/H": 0.10291302584736364,
    "L/Q": 0.002507498023631808,
    "L/P": 0.023028853773666137,
    "L/R": 0.005326737958217686,
    "L/H": 0.002377099551656132,
    "E/A": 0.0038149540741499828,
    "E/G": 0.010810456686815486,
    "E/V": 0.0028015459749067616,
    "D/A": 0.0026907474104228444,
    "D/G": 0.010717924238722854,
    "D/V": 0.004056204462656786,
    "A/E": 0.008379497400622157,
    "A/G": 0.010678343440036655,
    "A/V": 0.0792931782137561,
    "A/D": 0.0064280605784863346,
    "G/E": 0.023035460404956777,
    "G/A": 0.01107442044891904,
    "G/V": 0.01453976289293962,
    "G/D": 0.019315885788606667,
    "V/E": 0.001877200266941122,
    "V/A": 0.01667767678857029,
    "V/G": 0.004650952975853692,
    "V/D": 0.002277043362762159,
    "Y/S": 0.0017542036454168985,
    "Y/C": 0.010874559671054562,
    "Y/F": 0.0017497048021737666,
    "S/L": 0.034542664100103114,
    "S/Y": 0.004367282048934507,
    "S/C": 0.005112088884900273,
    "S/F": 0.013391198000567773,
    "S/W": 0.0024499830475150234,
    "C/Y": 0.017738082142685647,
    "C/S": 0.0044836404423520895,
    "C/F": 0.00626722751966747,
    "W/S": 0.0020710152919994154,
    "W/L": 0.002855513486911141,
    "L/S": 0.005255380527571143,
    "F/Y": 0.0016582975909786592,
    "F/S": 0.005947267911680894,
    "F/C": 0.0027809480469316995,
    "L/W": 0.0012878907057219755
}