{
    "S/R": 2.4900213333776876e-07,
    "S/G": 2.63098032756969e-07,
    "S/C": 1.0152312231195487e-07,
    "S/N": 3.8854683900970053e-07,
    "S/T": 1.539449833339445e-07,
    "S/I": 8.703433600310443e-08,
    "H/N": 3.531624795702537e-08,
    "H/D": 3.0620377810331946e-08,
    "H/Y": 1.1784980647963882e-07,
    "H/P": 3.0241741711572825e-08,
    "H/R": 1.54125794269515e-07,
    "H/L": 2.9209060816258122e-08,
    "H/Q": 8.414899128308766e-08,
    "V/M": 2.833039093571865e-07,
    "V/L": 1.7364943562141194e-07,
    "V/E": 3.4699432636227335e-08,
    "V/A": 2.324118393746646e-07,
    "V/G": 6.348622429707003e-08,
    "A/T": 5.938496830784428e-07,
    "A/P": 9.883646064589793e-08,
    "A/S": 1.3741946904000997e-07,
    "A/E": 7.344422108787267e-08,
    "A/G": 9.851225887747093e-08,
    "A/V": 5.786736874290745e-07,
    "E/K": 6.011996534892814e-07,
    "E/Q": 1.2634794478764553e-07,
    "E/A": 6.26418843609343e-08,
    "E/G": 1.754942217564081e-07,
    "E/V": 4.4197706327037636e-08,
    "E/D": 1.6197894327367206e-07,
    "N/H": 4.34100135354834e-08,
    "N/D": 9.971472660425045e-08,
    "N/Y": 2.933417594516502e-08,
    "N/T": 4.369783995752382e-08,
    "N/S": 1.6784532449041693e-07,
    "N/I": 4.055024751283368e-08,
    "N/K": 1.3463462875037602e-07,
    "L/I": 4.615382000999877e-08,
    "L/V": 1.2852346796121362e-07,
    "L/F": 1.8570492931306953e-07,
    "L/H": 1.4871519105895643e-08,
    "L/P": 2.2769553498012338e-07,
    "L/R": 5.027187091637406e-08,
    "G/R": 8.52637403971642e-07,
    "G/W": 4.0553460712381185e-08,
    "G/E": 3.8081285125553443e-07,
    "G/A": 1.8996786845257335e-07,
    "G/V": 2.572904207732785e-07,
    "L/M": 6.042624250340403e-08,
    "L/Q": 3.104973260977176e-08,
    "D/N": 5.894028458027266e-07,
    "D/H": 1.33394467424455e-07,
    "D/Y": 1.1138070857534922e-07,
    "D/A": 6.70708566730415e-08,
    "D/G": 2.783757791232842e-07,
    "D/V": 1.1004562577454582e-07,
    "D/E": 2.1069691613659863e-07,
    "Q/K": 6.379176401011308e-08,
    "Q/E": 5.2169535127163704e-08,
    "Q/P": 4.168388518453977e-08,
    "Q/R": 1.5916446976984439e-07,
    "Q/L": 2.8838920622928774e-08,
    "Q/H": 1.0742202062140436e-07,
    "F/I": 4.148247128999076e-08,
    "F/L": 2.8724905085169706e-07,
    "F/V": 4.966131275316684e-08,
    "F/Y": 3.1709727544900795e-08,
    "F/S": 1.0714311353364023e-07,
    "F/C": 5.292589632991854e-08,
    "A/D": 6.497776886680393e-08,
    "G/S": 5.27750265505786e-07,
    "G/C": 9.096324357977924e-08,
    "G/D": 3.5717949684590115e-07,
    "S/P": 1.3821775311325546e-07,
    "S/A": 4.323811439890797e-08,
    "S/Y": 3.967975963296461e-08,
    "S/F": 1.0932733705031193e-07,
    "S/L": 8.348737641091874e-08,
    "T/P": 4.289912013372769e-08,
    "T/A": 1.6762958986827282e-07,
    "T/S": 8.182979768304267e-08,
    "T/K": 3.238373641573323e-08,
    "T/R": 3.102023535238595e-08,
    "T/I": 2.3308383872807148e-07,
    "K/Q": 5.5307802160428025e-08,
    "K/E": 1.348337151507707e-07,
    "K/T": 5.1192224323314764e-08,
    "K/R": 1.229147717091074e-07,
    "K/I": 2.0674162963508606e-08,
    "K/N": 1.1179572978277234e-07,
    "R/S": 2.5244258534180814e-07,
    "R/G": 3.3898672690934384e-07,
    "R/C": 2.738604928158412e-06,
    "R/H": 3.2932793036941544e-06,
    "R/P": 2.3103591925204744e-07,
    "R/L": 2.658607810877888e-07,
    "Y/N": 4.100127984335157e-08,
    "Y/H": 2.031250829493074e-07,
    "Y/D": 3.667926474010277e-08,
    "Y/S": 3.9770135304536765e-08,
    "Y/C": 2.388182326794873e-07,
    "Y/F": 3.89330959171514e-08,
    "I/L": 5.583116467998028e-08,
    "I/V": 3.243079436382325e-07,
    "I/F": 5.902034466406655e-08,
    "I/N": 5.52153054926265e-08,
    "I/T": 2.3758658957641893e-07,
    "I/S": 3.7077363698578004e-08,
    "I/M": 7.408576768226427e-08,
    "P/T": 8.530685673066281e-08,
    "P/A": 6.398686616894496e-08,
    "P/S": 2.4804294599975027e-07,
    "P/H": 2.7485453174043625e-08,
    "P/R": 5.391144019960393e-08,
    "P/L": 2.9131330220761645e-07,
    "L/S": 1.1932389033332633e-07,
    "R/W": 4.2168547318032855e-07,
    "R/K": 1.2909917395771218e-07,
    "R/T": 5.5156490544533995e-08,
    "R/M": 1.158372460480494e-08,
    "R/Q": 7.587415477052852e-07,
    "T/N": 5.484607345236897e-08,
    "W/R": 6.367013803122707e-08,
    "W/G": 1.4954976173899202e-08,
    "W/S": 1.2640752606218133e-08,
    "W/L": 1.7429055058718287e-08,
    "W/C": 5.0793642950149874e-08,
    "K/M": 1.5141228306233125e-08,
    "R/I": 3.2327129332928365e-08,
    "C/S": 4.3289913150617276e-08,
    "C/R": 9.587201737177205e-08,
    "C/G": 2.20115384650306e-08,
    "C/Y": 1.0092112894000439e-07,
    "C/F": 3.699748561309261e-08,
    "C/W": 3.404444156803396e-08,
    "P/Q": 3.550984731224064e-08,
    "L/W": 3.011530881095424e-08,
    "V/I": 1.7574952306145485e-07,
    "V/F": 2.9577288363789732e-08,
    "V/D": 1.7164692680913954e-08,
    "M/L": 5.09281426982197e-08,
    "M/V": 1.2008188770669686e-07,
    "M/K": 2.983367285801293e-08,
    "M/T": 1.6848713729033903e-07,
    "M/R": 2.6886485872797316e-08,
    "M/I": 1.4678528147927307e-07,
    "T/M": 2.45406229681094e-07,
    "I/K": 5.104271550717361e-09,
    "I/R": 4.69313947175583e-09
}