{
    "F/I": 0.0003817644432586098,
    "F/L": 0.0027318872178281515,
    "F/V": 0.00045761450977506495,
    "F/Y": 0.00028996973619744784,
    "F/S": 0.0010442350987732692,
    "F/C": 0.0004864401679616394,
    "L/I": 0.0014027447055049158,
    "L/V": 0.003077283245850567,
    "L/S": 0.001689515340254832,
    "L/F": 0.005034401153773357,
    "L/M": 0.0011306737901263244,
    "L/W": 0.00039194321239235057,
    "L/H": 0.0005489359122758829,
    "L/P": 0.005877508492874991,
    "L/R": 0.0013475552884203194,
    "L/Q": 0.0006772800914398913,
    "I/L": 0.001624912599182982,
    "I/V": 0.008011424540463788,
    "I/F": 0.001314018569878198,
    "I/N": 0.001456649051987006,
    "I/T": 0.005943859368876562,
    "I/S": 0.0008085191059719436,
    "I/M": 0.0024735802191397055,
    "I/K": 0.0002863011670361225,
    "I/R": 0.0002632405612585689,
    "M/L": 0.001856493977954019,
    "M/V": 0.005144262927656596,
    "M/K": 0.0011116062585114885,
    "M/T": 0.006277851110790111,
    "M/R": 0.0010017937150354921,
    "M/I": 0.005539314290805732,
    "V/I": 0.016351657796641716,
    "V/L": 0.007573928628810471,
    "V/F": 0.002392566111898843,
    "V/D": 0.0012500017828043252,
    "V/A": 0.009742434059786463,
    "V/G": 0.00273136659943329,
    "V/E": 0.0011768259997493454,
    "V/M": 0.01760632405322628,
    "S/T": 0.009659245045035608,
    "S/P": 0.015333168594962865,
    "S/A": 0.004685296482472368,
    "S/Y": 0.005500793718390078,
    "S/C": 0.008831065235624857,
    "S/F": 0.01667454844923962,
    "S/L": 0.02120847996530141,
    "S/W": 0.0013606877622734136,
    "S/R": 0.011866170545761265,
    "S/G": 0.011880995613721702,
    "S/N": 0.017033835212818482,
    "S/I": 0.003822600794081691,
    "P/T": 0.012270076098693305,
    "P/A": 0.008865189020281477,
    "P/S": 0.03446083046773465,
    "P/H": 0.005476091815049031,
    "P/R": 0.008576313955547385,
    "P/L": 0.05608746102233681,
    "P/Q": 0.004239261165304872,
    "T/P": 0.012740456917573872,
    "T/A": 0.045990884935598345,
    "T/S": 0.02181149392877499,
    "T/N": 0.01717421750698711,
    "T/I": 0.06541722874895947,
    "T/K": 0.00951850338070747,
    "T/R": 0.009140802301855256,
    "T/M": 0.06632989744170631,
    "A/T": 0.03926339591354708,
    "A/P": 0.00596615883687912,
    "A/S": 0.008240792177384236,
    "A/D": 0.004937644937603409,
    "A/G": 0.005835443593650291,
    "A/V": 0.03249302002552916,
    "A/E": 0.0031506888614577784,
    "Y/N": 0.00022127570733432373,
    "Y/H": 0.0009660730447770566,
    "Y/D": 0.00019566073476941632,
    "Y/S": 0.00021925890140656062,
    "Y/C": 0.001345325902997482,
    "Y/F": 0.0002173743767240944,
    "H/N": 0.0012328095990425541,
    "H/D": 0.0010168456073466096,
    "H/Y": 0.0038465107053274297,
    "H/P": 0.0010692843736832343,
    "H/R": 0.0050310564403234365,
    "H/L": 0.0009685355625731732,
    "H/Q": 0.002954911227967008,
    "Q/K": 0.0024498059743244464,
    "Q/E": 0.002004714728649682,
    "Q/P": 0.0016856025543617189,
    "Q/R": 0.006469070641884619,
    "Q/L": 0.0011717975183738068,
    "Q/H": 0.00422050233744137,
    "N/H": 0.001082715627777574,
    "N/D": 0.0026043608726997766,
    "N/Y": 0.0007003895030894514,
    "N/T": 0.0010244144264606422,
    "N/S": 0.004242172727647434,
    "N/I": 0.0009867868129432066,
    "N/K": 0.0033588424582989117,
    "K/Q": 0.0012604715094090178,
    "K/E": 0.0030008103156137665,
    "K/T": 0.0011262226352225075,
    "K/R": 0.00289070438365721,
    "K/I": 0.0003924603264834514,
    "K/N": 0.0027394906337755162,
    "K/M": 0.00041857328864372073,
    "D/N": 0.0075650332472249095,
    "D/H": 0.0018945179085162135,
    "D/Y": 0.0016005921344693578,
    "D/A": 0.0010595234959728825,
    "D/G": 0.004100260054986863,
    "D/V": 0.0015014843560549728,
    "D/E": 0.0038467911165913585,
    "E/K": 0.017960215834678658,
    "E/Q": 0.0043890905044184,
    "E/A": 0.002126916735959484,
    "E/G": 0.006078342958930588,
    "E/V": 0.001607848111458125,
    "E/D": 0.005974704366349355,
    "C/S": 0.00031329563067206676,
    "C/R": 0.0006800364126726022,
    "C/G": 0.00014587626174120453,
    "C/Y": 0.0007403059293912735,
    "C/F": 0.0002764557048380322,
    "C/W": 0.00020785237915712818,
    "W/R": 0.0009601477841163221,
    "W/G": 0.0001809256711856168,
    "W/S": 0.00016100803122617445,
    "W/L": 0.00022199768704882455,
    "W/C": 0.0005591785160497684,
    "R/S": 0.00282378645339055,
    "R/G": 0.0045557948892282025,
    "R/C": 0.014757474340771216,
    "R/H": 0.016023493985107568,
    "R/P": 0.0018029615610709025,
    "R/L": 0.00214869600073211,
    "R/Q": 0.014759554071220045,
    "R/W": 0.010706573916278947,
    "R/K": 0.003242433275511823,
    "R/T": 0.001228377497454044,
    "R/I": 0.0005828287491791253,
    "R/M": 0.00040550547680985724,
    "G/S": 0.014959452477683656,
    "G/R": 0.019832737284841712,
    "G/C": 0.0022612863298095962,
    "G/D": 0.008181166612756328,
    "G/A": 0.004360142355347447,
    "G/V": 0.005935023975474382,
    "G/E": 0.008532261595549522,
    "G/W": 0.0012817914805911747
}