{
    "F/I": 0.0006310194494433939,
    "F/L": 0.004558586362889999,
    "F/V": 0.0007608831001600808,
    "F/Y": 0.0004805496248319377,
    "F/S": 0.0017127449260038279,
    "F/C": 0.0008054692498692828,
    "L/I": 0.0015814983551976948,
    "L/V": 0.003730496905422532,
    "L/S": 0.0018159352793773596,
    "L/F": 0.005770652019929367,
    "L/M": 0.0015003829083775153,
    "L/W": 0.00045998781861606797,
    "L/H": 0.0006457718304158125,
    "L/P": 0.007509844771980231,
    "L/R": 0.0017095375726875195,
    "L/Q": 0.0009158836759778992,
    "I/L": 0.0011741895665417085,
    "I/V": 0.005718335279951857,
    "I/F": 0.0009890494586469866,
    "I/N": 0.0010265244311946145,
    "I/T": 0.0045819934543314105,
    "I/S": 0.0006085452257058698,
    "I/M": 0.0018946989026518922,
    "I/K": 0.00021583017238102644,
    "I/R": 0.00019844577059284832,
    "M/L": 0.0013567000907816031,
    "M/V": 0.003409398440197823,
    "M/K": 0.0008383057010857422,
    "M/T": 0.004734372747945818,
    "M/R": 0.0007554917725550361,
    "M/I": 0.004107674736165951,
    "V/I": 0.012615522698113328,
    "V/L": 0.005324866886501566,
    "V/F": 0.0016216032025480715,
    "V/D": 0.0008078723723514303,
    "V/A": 0.006732457528626706,
    "V/G": 0.0018669710282955769,
    "V/E": 0.0008410504348586485,
    "V/M": 0.012004270546589162,
    "S/T": 0.006868829413860531,
    "S/P": 0.009996564364526363,
    "S/A": 0.0029817242992418794,
    "S/Y": 0.0032669946280306224,
    "S/C": 0.005562407584825603,
    "S/F": 0.009912883530792017,
    "S/L": 0.019591978735146363,
    "S/W": 0.0013851962298456273,
    "S/R": 0.009336973499186356,
    "S/G": 0.008157852653095586,
    "S/N": 0.012695611338716665,
    "S/I": 0.002847147151734273,
    "P/T": 0.007815434006515815,
    "P/A": 0.005550402377244655,
    "P/S": 0.02161473352679414,
    "P/H": 0.003424584760729473,
    "P/R": 0.005625599860217407,
    "P/L": 0.040595263029746635,
    "P/Q": 0.0030361172460343956,
    "T/P": 0.0026318175663954373,
    "T/A": 0.009436353202897338,
    "T/S": 0.004514657602096476,
    "T/N": 0.003233394949217939,
    "T/I": 0.013489282431417225,
    "T/K": 0.002430076111710189,
    "T/R": 0.0023237646909109316,
    "T/M": 0.019419795708779535,
    "A/T": 0.028355356481234197,
    "A/P": 0.00405039620421881,
    "A/S": 0.005748752482822586,
    "A/D": 0.0029583439245274763,
    "A/G": 0.004190326707978945,
    "A/V": 0.027828567747756917,
    "A/E": 0.002925857239205297,
    "Y/N": 0.00044083047983996894,
    "Y/H": 0.0021167019841185452,
    "Y/D": 0.00041003289087631175,
    "Y/S": 0.00046401730035741326,
    "Y/C": 0.0028500348450395023,
    "Y/F": 0.0004603073527148179,
    "H/N": 0.0015769302778726358,
    "H/D": 0.0012492819373375072,
    "H/Y": 0.00474641776724492,
    "H/P": 0.0013068796964262636,
    "H/R": 0.006255251294358036,
    "H/L": 0.0012000589740869898,
    "H/Q": 0.0037438598777620818,
    "Q/K": 0.003240542062851855,
    "Q/E": 0.002500592968841916,
    "Q/P": 0.0021760067161610787,
    "Q/R": 0.008337861826202367,
    "Q/L": 0.0015104404505923523,
    "Q/H": 0.0053391470512835874,
    "N/H": 0.00149341878964543,
    "N/D": 0.0035757213374352074,
    "N/Y": 0.0009536529918416796,
    "N/T": 0.0014219001498965126,
    "N/S": 0.006101390134613106,
    "N/I": 0.0013947569312680874,
    "N/K": 0.004871232235560909,
    "K/Q": 0.003547120841059169,
    "K/E": 0.008559516662262538,
    "K/T": 0.003268416273352433,
    "K/R": 0.008730067105554464,
    "K/I": 0.0010250029079864958,
    "K/N": 0.008300467375544174,
    "K/M": 0.00137090827379977,
    "D/N": 0.024874506729327724,
    "D/H": 0.005195851433684996,
    "D/Y": 0.004367312129591107,
    "D/A": 0.0027005465231037754,
    "D/G": 0.010797072583945185,
    "D/V": 0.004102948165394545,
    "D/E": 0.010415985661894158,
    "E/K": 0.03980192604259215,
    "E/Q": 0.008118301360310772,
    "E/A": 0.0037488336969978414,
    "E/G": 0.010777284257953441,
    "E/V": 0.0028910699039465548,
    "E/D": 0.010516514367568154,
    "C/S": 0.0007339886225084252,
    "C/R": 0.0015408707859683368,
    "C/G": 0.00034660638608276716,
    "C/Y": 0.001765992058674063,
    "C/F": 0.0006157554416484116,
    "C/W": 0.00043605534218367633,
    "W/R": 0.0015170630473032485,
    "W/G": 0.00028463564855959377,
    "W/S": 0.00025382370729523857,
    "W/L": 0.0003499718337562063,
    "W/C": 0.0008975549413112544,
    "R/S": 0.007923293022180946,
    "R/G": 0.013070676528632924,
    "R/C": 0.04613785930418482,
    "R/H": 0.05026471275943964,
    "R/P": 0.006752402067878941,
    "R/L": 0.007936728712308118,
    "R/Q": 0.06474469637715485,
    "R/W": 0.04536255066872713,
    "R/K": 0.008088519744661663,
    "R/T": 0.0029882683225558376,
    "R/I": 0.0013429303468669312,
    "R/M": 0.0010670708351371851,
    "G/S": 0.018139858653419154,
    "G/R": 0.021618259358033663,
    "G/C": 0.002496334756254992,
    "G/D": 0.008295445109165417,
    "G/A": 0.004435352480661764,
    "G/V": 0.005903713394690648,
    "G/E": 0.008532516736503144,
    "G/W": 0.001493116798903569
}