{
    "F/I": 0.0005297442754260327,
    "F/L": 0.0038671718349466,
    "F/V": 0.0006199533783480317,
    "F/Y": 0.0004013832209672254,
    "F/S": 0.0014044196902265255,
    "F/C": 0.00067177702967405,
    "L/I": 0.0014763033088066528,
    "L/V": 0.0032646476519782586,
    "L/S": 0.002329185475909686,
    "L/F": 0.005082012403734023,
    "L/M": 0.0012079291198299179,
    "L/W": 0.0005165748038252572,
    "L/H": 0.0004954259656063813,
    "L/P": 0.006025031705586551,
    "L/R": 0.0013481467703710189,
    "L/Q": 0.0007415377955879578,
    "I/L": 0.0014412281923260129,
    "I/V": 0.006619932758600181,
    "I/F": 0.0010532605926508313,
    "I/N": 0.0011074740285658793,
    "I/T": 0.0059586879575374615,
    "I/S": 0.0006976773366142845,
    "I/M": 0.0023515104845156258,
    "I/K": 0.00033906722151826984,
    "I/R": 0.00031175648573444887,
    "M/L": 0.0014867389991789206,
    "M/V": 0.003744813472796922,
    "M/K": 0.0009658933453078475,
    "M/T": 0.005454930254589761,
    "M/R": 0.000870475382191279,
    "M/I": 0.00457825549461005,
    "V/I": 0.01130152021608925,
    "V/L": 0.00542274697459697,
    "V/F": 0.001541965415951568,
    "V/D": 0.0008399621963252672,
    "V/A": 0.007266073211863351,
    "V/G": 0.002016181535676809,
    "V/E": 0.0009089890228645556,
    "V/M": 0.009369916496307215,
    "S/T": 0.006142933082697494,
    "S/P": 0.009452036927390637,
    "S/A": 0.002746853133818652,
    "S/Y": 0.00281706781776001,
    "S/C": 0.004736841117327826,
    "S/F": 0.008271080400390401,
    "S/L": 0.014457841846155825,
    "S/W": 0.0009073801525043391,
    "S/R": 0.006914125999796716,
    "S/G": 0.006311674854711804,
    "S/N": 0.010148682945421858,
    "S/I": 0.0022745628785627654,
    "P/T": 0.006998413084727194,
    "P/A": 0.004776448299712774,
    "P/S": 0.01887502942183656,
    "P/H": 0.002791845760890899,
    "P/R": 0.004718526147896538,
    "P/L": 0.0322020540931435,
    "P/Q": 0.0026182918386587874,
    "T/P": 0.0027183974260408367,
    "T/A": 0.009709072519756555,
    "T/S": 0.004659214416713178,
    "T/N": 0.0031067430107753107,
    "T/I": 0.014143888097796816,
    "T/K": 0.0024286870547232586,
    "T/R": 0.0023337409761556268,
    "T/M": 0.016565744545386715,
    "A/T": 0.0281193831561483,
    "A/P": 0.004466690793789557,
    "A/S": 0.006055127010529841,
    "A/D": 0.0030975229319383482,
    "A/G": 0.004659695300652718,
    "A/V": 0.02968074224983748,
    "A/E": 0.0034154035971654417,
    "Y/N": 0.00045653302091724847,
    "Y/H": 0.0022159954919626452,
    "Y/D": 0.00042696443367322765,
    "Y/S": 0.00046593081864738483,
    "Y/C": 0.002946387387412233,
    "Y/F": 0.00047025790940744596,
    "H/N": 0.0015344407194141467,
    "H/D": 0.0012459384007510372,
    "H/Y": 0.0046998363428173125,
    "H/P": 0.0012452823759069758,
    "H/R": 0.0062178196590208235,
    "H/L": 0.0011830036375132258,
    "H/Q": 0.0032653028882728735,
    "Q/K": 0.0035954533321098524,
    "Q/E": 0.002873706628984111,
    "Q/P": 0.002421158637747957,
    "Q/R": 0.008904524830719273,
    "Q/L": 0.0016168256755768598,
    "Q/H": 0.005800471583904279,
    "N/H": 0.001889692686279114,
    "N/D": 0.004409917870366036,
    "N/Y": 0.0012488118844196372,
    "N/T": 0.0017709325985766978,
    "N/S": 0.008051408650662695,
    "N/I": 0.0017903443251577626,
    "N/K": 0.005810861980708872,
    "K/Q": 0.011161676481509912,
    "K/E": 0.026560768644266212,
    "K/T": 0.010543989799272757,
    "K/R": 0.0275624109677174,
    "K/I": 0.003507565490348556,
    "K/N": 0.026419210163361035,
    "K/M": 0.004147301666668343,
    "D/N": 0.02053418888802298,
    "D/H": 0.005230190666543221,
    "D/Y": 0.004409262581454198,
    "D/A": 0.0027650458652291056,
    "D/G": 0.011247357858960022,
    "D/V": 0.004354290279617339,
    "D/E": 0.009841961120977388,
    "E/K": 0.0394762056570026,
    "E/Q": 0.010443709536868118,
    "E/A": 0.00514301500404525,
    "E/G": 0.014627871249569165,
    "E/V": 0.003825248929197707,
    "E/D": 0.014314884413717293,
    "C/S": 0.0006227422335014346,
    "C/R": 0.0013068253810193742,
    "C/G": 0.00029429488504996844,
    "C/Y": 0.001491492914446134,
    "C/F": 0.0004956854786351871,
    "C/W": 0.00035356675854442067,
    "W/R": 0.0011934773279855032,
    "W/G": 0.00021823280799782724,
    "W/S": 0.00018453072500162918,
    "W/L": 0.00025443074999320165,
    "W/C": 0.0006412528255070077,
    "R/S": 0.007216537320768457,
    "R/G": 0.012294561732860396,
    "R/C": 0.03534923672618052,
    "R/H": 0.03852851807409458,
    "R/P": 0.005590521600199993,
    "R/L": 0.006283815068283459,
    "R/Q": 0.054968310803941794,
    "R/W": 0.03599718437389199,
    "R/K": 0.008671709305288638,
    "R/T": 0.003391249837107229,
    "R/I": 0.0017135254457872817,
    "R/M": 0.0010070951298052782,
    "G/S": 0.013609164066173482,
    "G/R": 0.01728900130226019,
    "G/C": 0.0021634138395943943,
    "G/D": 0.007946993190598956,
    "G/A": 0.004231927542055275,
    "G/V": 0.00568381055948354,
    "G/E": 0.008262630836705044,
    "G/W": 0.0011182577239080501
}