{
    "K/T": 0.009298862913661355,
    "K/R": 0.028592989070175455,
    "K/I": 0.002412482457680118,
    "N/T": 0.006179395194617209,
    "N/S": 0.032629817577514784,
    "N/I": 0.005381555932104717,
    "K/M": 0.0033695367416226875,
    "T/K": 0.00489950047940922,
    "T/R": 0.004869068799412889,
    "T/I": 0.035063910938380696,
    "T/N": 0.009096867124700203,
    "T/S": 0.01716920102285728,
    "T/M": 0.013337014537522262,
    "R/K": 0.013777612339208265,
    "R/T": 0.005935059676965512,
    "R/I": 0.002498043992742265,
    "S/N": 0.019734282919359577,
    "S/T": 0.013908600874844645,
    "S/I": 0.0057154223343833,
    "R/M": 0.0016944712253029275,
    "I/K": 0.0012565196566600835,
    "I/T": 0.03275066221981905,
    "I/R": 0.0010452620520478757,
    "I/N": 0.007020897302341828,
    "I/S": 0.004810410633622861,
    "Q/P": 0.00767892725240741,
    "Q/R": 0.02581797268558253,
    "Q/L": 0.0057489412862633165,
    "H/P": 0.006073986911731368,
    "H/R": 0.020516244783613115,
    "H/L": 0.004982415781428207,
    "P/Q": 0.0036143132981149117,
    "P/R": 0.011402618182972902,
    "P/L": 0.03622648932200863,
    "P/H": 0.005467999544847916,
    "R/Q": 0.03758136064010613,
    "R/P": 0.00714262402232715,
    "R/L": 0.013009763717851576,
    "R/H": 0.03092828973076343,
    "L/Q": 0.006351841381263082,
    "L/P": 0.0337024240376753,
    "L/R": 0.01268383601470247,
    "L/H": 0.00441656294903267,
    "E/A": 0.009451021313643008,
    "E/G": 0.02275319378276367,
    "E/V": 0.008522634554334663,
    "D/A": 0.0065273748397926415,
    "D/G": 0.022767307025660523,
    "D/V": 0.011389828056597632,
    "A/E": 0.006109711057814018,
    "A/G": 0.0146958552051845,
    "A/V": 0.053082552768092074,
    "A/D": 0.010040249204586451,
    "G/E": 0.018450859893427374,
    "G/A": 0.012870836483085719,
    "G/V": 0.017166995828654646,
    "G/D": 0.02112928877194499,
    "V/E": 0.004615471466110134,
    "V/A": 0.02882894484985715,
    "V/G": 0.013681906910814008,
    "V/D": 0.003938035807061385,
    "Y/S": 0.004872156071296574,
    "Y/C": 0.027615205960728136,
    "Y/F": 0.005971224861888687,
    "S/L": 0.012592982013554006,
    "S/Y": 0.005788634781910704,
    "S/C": 0.013465797878956009,
    "S/F": 0.017126861294166733,
    "S/W": 0.0011281773540668632,
    "C/Y": 0.017244618664587315,
    "C/S": 0.008637304652871559,
    "C/F": 0.0065944127435526734,
    "W/S": 0.0017438675754418988,
    "W/L": 0.0020596513852588942,
    "L/S": 0.008108940121920778,
    "F/Y": 0.004718233515952816,
    "F/S": 0.01164563058410302,
    "F/C": 0.00629494737083516,
    "L/W": 0.0025752257898344075
}