{
    "K/T": 0.009366770409384726,
    "K/R": 0.028872128464691147,
    "K/I": 0.002427561736445853,
    "N/T": 0.00620625029032477,
    "N/S": 0.032850024476611436,
    "N/I": 0.0053727948717032506,
    "K/M": 0.0033923332821170662,
    "T/K": 0.00488728252441408,
    "T/R": 0.004834577412196856,
    "T/I": 0.03525525353838897,
    "T/N": 0.009139423781261279,
    "T/S": 0.017335515384532926,
    "T/M": 0.013353152837678975,
    "R/K": 0.013872610850463984,
    "R/T": 0.005951657799105978,
    "R/I": 0.0025088526722385203,
    "S/N": 0.019889926713094808,
    "S/T": 0.014037872643009515,
    "S/I": 0.005730117666396292,
    "R/M": 0.0017008565027388793,
    "I/K": 0.001245269939505251,
    "I/T": 0.03286610400237262,
    "I/R": 0.001035789451116455,
    "I/N": 0.006957521466166891,
    "I/S": 0.004798845132727552,
    "Q/P": 0.007647154459924462,
    "Q/R": 0.02600193311631929,
    "Q/L": 0.005789075927520644,
    "H/P": 0.006045455032712902,
    "H/R": 0.02057911305335901,
    "H/L": 0.0049935860558352595,
    "P/Q": 0.0036116401473599204,
    "P/R": 0.011356611722331603,
    "P/L": 0.03622315165851375,
    "P/H": 0.00547195194723057,
    "R/Q": 0.03748852100522049,
    "R/P": 0.006857471083652839,
    "R/L": 0.012849327697161786,
    "R/H": 0.030814624507341196,
    "L/Q": 0.00633801307086783,
    "L/P": 0.033247546085707444,
    "L/R": 0.012556769659006857,
    "L/H": 0.004412489860965701,
    "E/A": 0.00951237944822214,
    "E/G": 0.0228842917326225,
    "E/V": 0.00855832758639172,
    "D/A": 0.006537667182402567,
    "D/G": 0.02278379469661508,
    "D/V": 0.01136286487123873,
    "A/E": 0.006075380816768444,
    "A/G": 0.014808796572559754,
    "A/V": 0.053379112338713425,
    "A/D": 0.009988512072150619,
    "G/E": 0.01836415837975552,
    "G/A": 0.012881486748684159,
    "G/V": 0.016974172708399588,
    "G/D": 0.021000753951096802,
    "V/E": 0.004591151258312221,
    "V/A": 0.029041410138676976,
    "V/G": 0.01370154256250469,
    "V/D": 0.0038988383435944528,
    "Y/S": 0.004848870323984578,
    "Y/C": 0.02754556758939323,
    "Y/F": 0.006013295981190528,
    "S/L": 0.01259384189895626,
    "S/Y": 0.005777909590186487,
    "S/C": 0.0135662065540147,
    "S/F": 0.01715372741273284,
    "S/W": 0.001105020742588232,
    "C/Y": 0.01690136818898088,
    "C/S": 0.00848686302745311,
    "C/F": 0.006430470343994655,
    "W/S": 0.0017030897702057107,
    "W/L": 0.002045672999617665,
    "L/S": 0.00810899417206522,
    "F/Y": 0.0047568597043511195,
    "F/S": 0.011586191617921883,
    "F/C": 0.00628486130515724,
    "L/W": 0.002573617428776634
}