{
    "K/T": 0.003964634060767665,
    "K/R": 0.006666198863237668,
    "K/I": 0.0012279840011227283,
    "N/T": 0.00406988983229247,
    "N/S": 0.015332257385446635,
    "N/I": 0.006069749491263771,
    "K/M": 0.0015788365728720791,
    "T/K": 0.005859237948214161,
    "T/R": 0.00757841554978598,
    "T/I": 0.02003368184688794,
    "T/N": 0.005753982176689355,
    "T/S": 0.004104975089467406,
    "T/M": 0.012069328468177671,
    "R/K": 0.0063153462914883165,
    "R/T": 0.004631253947091432,
    "R/I": 0.0016490070872219494,
    "S/N": 0.00750824503543611,
    "S/T": 0.003754122517718055,
    "S/I": 0.004561083432741562,
    "R/M": 0.001192898743947793,
    "I/K": 0.0021402006876710404,
    "I/T": 0.023682548593081186,
    "I/R": 0.0017893481159216896,
    "I/N": 0.011999157953827801,
    "I/S": 0.00571889691951442,
    "Q/P": 0.010174724580731176,
    "Q/R": 0.01136762332467897,
    "Q/L": 0.0025963090309451967,
    "H/P": 0.008315205950459616,
    "H/R": 0.01557785418567118,
    "H/L": 0.004104975089467406,
    "P/Q": 0.003824293032067925,
    "P/R": 0.01501649007087222,
    "P/L": 0.036488667461932495,
    "P/H": 0.005157532804715459,
    "R/Q": 0.044874043926741984,
    "R/P": 0.02954178654129535,
    "R/L": 0.025612237737702617,
    "R/H": 0.03985685215072626,
    "L/Q": 0.0074380745210862395,
    "L/P": 0.06943372394919654,
    "L/R": 0.02266507613500807,
    "L/H": 0.0047365097186162376,
    "E/A": 0.004631253947091432,
    "E/G": 0.012455266297101957,
    "E/V": 0.00571889691951442,
    "D/A": 0.00571889691951442,
    "D/G": 0.021472177391060276,
    "D/V": 0.01350782401235001,
    "A/E": 0.008806399550908709,
    "A/G": 0.005824152691039225,
    "A/V": 0.029787383341519893,
    "A/D": 0.014104273384323907,
    "G/E": 0.025261385165953266,
    "G/A": 0.012034243211002736,
    "G/V": 0.03231352185811522,
    "G/D": 0.031225878885692233,
    "V/E": 0.006525857834537927,
    "V/A": 0.012139498982527542,
    "V/G": 0.012139498982527542,
    "V/D": 0.0070170514349870185,
    "Y/S": 0.006701284120412603,
    "Y/C": 0.033085397515963795,
    "Y/F": 0.002666479545295067,
    "S/L": 0.012525436811451829,
    "S/Y": 0.006631113606062732,
    "S/C": 0.00557855589081468,
    "S/F": 0.01501649007087222,
    "S/W": 0.0029471616026945477,
    "C/Y": 0.04420742404041822,
    "C/S": 0.02045470493298716,
    "C/F": 0.019472317732088976,
    "W/S": 0.004947021261665848,
    "W/L": 0.0031576731457441582,
    "L/S": 0.008104694407410006,
    "F/Y": 0.0016840923443968844,
    "F/S": 0.01631464458634482,
    "F/C": 0.007087221949336889,
    "L/W": 0.002701564802470002
}