{
    "F/I": 0.0003828666891512046,
    "F/L": 0.002739774834179168,
    "F/V": 0.0004589357530775735,
    "F/Y": 0.00029080694866273735,
    "F/S": 0.0010472500569990838,
    "F/C": 0.0004878446378817614,
    "L/I": 0.0014067947673095309,
    "L/V": 0.0030861681037203494,
    "L/S": 0.0016943933779483798,
    "L/F": 0.0050489366823994785,
    "L/M": 0.0011339383176721415,
    "L/W": 0.0003930748468429094,
    "L/H": 0.0005505208224614394,
    "L/P": 0.005894478275444746,
    "L/R": 0.0013514460050858823,
    "L/Q": 0.0006792355621813614,
    "I/L": 0.0016246628645234884,
    "I/V": 0.008011057811210455,
    "I/F": 0.0013160472423415794,
    "I/N": 0.0014593236630200295,
    "I/T": 0.005941513161982609,
    "I/S": 0.0008095561893332068,
    "I/M": 0.002474730447360677,
    "I/K": 0.00028533323878708096,
    "I/R": 0.00026235059640731287,
    "M/L": 0.0018618541231900712,
    "M/V": 0.005159115653683246,
    "M/K": 0.0011148157335012713,
    "M/T": 0.006295976778917099,
    "M/R": 0.0010046861347647886,
    "M/I": 0.005555307625262749,
    "V/I": 0.016247015664843677,
    "V/L": 0.007539892640890747,
    "V/F": 0.0023894109936540707,
    "V/D": 0.0012504391122885265,
    "V/A": 0.009702936644429418,
    "V/G": 0.0027205487930927865,
    "V/E": 0.0011686123626139903,
    "V/M": 0.017586551582578883,
    "S/T": 0.009677952028071729,
    "S/P": 0.015361673689427268,
    "S/A": 0.0046947348204053035,
    "S/Y": 0.005512103121460714,
    "S/C": 0.008850044375572299,
    "S/F": 0.01670876911285642,
    "S/L": 0.021263843492871165,
    "S/W": 0.0013646163955538418,
    "S/R": 0.011895590809392462,
    "S/G": 0.011910450630109076,
    "S/N": 0.01707377636701737,
    "S/I": 0.003831577712604533,
    "P/T": 0.012265391424071573,
    "P/A": 0.008862247567056825,
    "P/S": 0.03444867500738351,
    "P/H": 0.005481223525502189,
    "P/R": 0.008564364435243733,
    "P/L": 0.05579811950284245,
    "P/Q": 0.004220824429192203,
    "T/P": 0.01274568212075547,
    "T/A": 0.04600995198114105,
    "T/S": 0.021828480150739016,
    "T/N": 0.01719766315660197,
    "T/I": 0.06546530598985909,
    "T/K": 0.00949640096401413,
    "T/R": 0.009120261433253101,
    "T/M": 0.06600373150511452,
    "A/T": 0.03922989717862509,
    "A/P": 0.005964370964594019,
    "A/S": 0.008235561882672002,
    "A/D": 0.004935551071383058,
    "A/G": 0.005832113928413574,
    "A/V": 0.03243999183570196,
    "A/E": 0.003148171818597201,
    "Y/N": 0.000221914583593879,
    "Y/H": 0.0009688623303282799,
    "Y/D": 0.00019622565443401583,
    "Y/S": 0.0002198919546616709,
    "Y/C": 0.0013492101828903996,
    "Y/F": 0.00021800198890257374,
    "H/N": 0.0012363690172673037,
    "H/D": 0.001019781485514136,
    "H/Y": 0.0038576165081349923,
    "H/P": 0.0010723716551986312,
    "H/R": 0.005045582311956281,
    "H/L": 0.0009713319580063515,
    "H/Q": 0.002963442768348841,
    "Q/K": 0.002455008617709615,
    "Q/E": 0.0020084842959664393,
    "Q/P": 0.0016890037783529523,
    "Q/R": 0.006480997707369305,
    "Q/L": 0.0011739692280774417,
    "Q/H": 0.004228773926865449,
    "N/H": 0.001077439386830032,
    "N/D": 0.0025924537821494053,
    "N/Y": 0.0006966267533706061,
    "N/T": 0.0010196913225978303,
    "N/S": 0.004219236646987067,
    "N/I": 0.0009818398241513103,
    "N/K": 0.00333464314221344,
    "K/Q": 0.0012494218048107527,
    "K/E": 0.002977075060692679,
    "K/T": 0.0011169686797529593,
    "K/R": 0.002857175987705721,
    "K/I": 0.00039250316739084835,
    "K/N": 0.0027116023433110033,
    "K/M": 0.00041065611900462166,
    "D/N": 0.007586875320187288,
    "D/H": 0.0018999878379975577,
    "D/Y": 0.0016052134294513613,
    "D/A": 0.0010625825954835005,
    "D/G": 0.00411209849328039,
    "D/V": 0.0015058195030113795,
    "D/E": 0.0038578977290137746,
    "E/K": 0.018012071303367447,
    "E/Q": 0.004401762865781935,
    "E/A": 0.0021330576568270522,
    "E/G": 0.006095892598973219,
    "E/V": 0.0016124903561932388,
    "E/D": 0.005991954776814679,
    "C/S": 0.0003142001906125593,
    "C/R": 0.0006819998415773091,
    "C/G": 0.00014629744164198016,
    "C/Y": 0.0007424433709061773,
    "C/F": 0.00027725389904004096,
    "C/W": 0.00020845249903533487,
    "W/R": 0.0009629199620129663,
    "W/G": 0.00018144804717282783,
    "W/S": 0.00016147290018981862,
    "W/L": 0.00022263864783769863,
    "W/C": 0.0005607929990992691,
    "R/S": 0.002831939404967829,
    "R/G": 0.004568948566300099,
    "R/C": 0.01480008272341247,
    "R/H": 0.016069757671372708,
    "R/P": 0.0018081671453265594,
    "R/L": 0.0021548998035824385,
    "R/Q": 0.01480216845854399,
    "R/W": 0.010737486373767782,
    "R/K": 0.003251794961292299,
    "R/T": 0.0012319241191340712,
    "R/I": 0.0005845115161476396,
    "R/M": 0.00040667626878415213,
    "G/S": 0.015002644019850991,
    "G/R": 0.01988999917393891,
    "G/C": 0.00226781520805645,
    "G/D": 0.00820478761113578,
    "G/A": 0.004372731136432684,
    "G/V": 0.005952159819094545,
    "G/E": 0.008556896289702711,
    "G/W": 0.0012854923213048487
}