{
    "F/I": 0.000327597631345357,
    "F/L": 0.0025768123849248857,
    "F/V": 0.0003924540537123222,
    "F/Y": 0.0002425178508187078,
    "F/S": 0.0009182596851837103,
    "F/C": 0.00040855008925894473,
    "L/I": 0.0010913452786707118,
    "L/V": 0.00311938049482382,
    "L/S": 0.001145845928253851,
    "L/F": 0.004251592502421723,
    "L/M": 0.001533025487987676,
    "L/W": 0.00033463683407439893,
    "L/H": 0.0004899322713198284,
    "L/P": 0.007012892090772418,
    "L/R": 0.001569761257160943,
    "L/Q": 0.0009409725514705679,
    "I/L": 0.0006274742903185706,
    "I/V": 0.0031609004991918527,
    "I/F": 0.0005888274240150739,
    "I/N": 0.0006200650279339964,
    "I/T": 0.0024000691487267014,
    "I/S": 0.0003526056527290888,
    "I/M": 0.0010312961085543997,
    "I/K": 9.201078411938504e-05,
    "I/R": 8.459962180444769e-05,
    "M/L": 0.0009501600354021845,
    "M/V": 0.0023410418453575794,
    "M/K": 0.0005575303241946763,
    "M/T": 0.0031486799739069175,
    "M/R": 0.0005024534275902994,
    "M/I": 0.002704181517804942,
    "V/I": 0.011068684895919884,
    "V/L": 0.0045591314174976555,
    "V/F": 0.0011958801038074328,
    "V/D": 0.0005407283332336557,
    "V/A": 0.005110136594912951,
    "V/G": 0.0014119563329147147,
    "V/E": 0.0007045491226274378,
    "V/M": 0.013103107257407366,
    "S/T": 0.004483014421921994,
    "S/P": 0.007111376429082049,
    "S/A": 0.002108097708198985,
    "S/Y": 0.0022983306077096442,
    "S/C": 0.0036964943274810876,
    "S/F": 0.007331440698884995,
    "S/L": 0.019889286749703396,
    "S/W": 0.001538164399052591,
    "S/R": 0.006395894384348199,
    "S/G": 0.005187084017589636,
    "S/N": 0.007785114684237786,
    "S/I": 0.0017484191473181479,
    "P/T": 0.011806098844048098,
    "P/A": 0.008419089805691499,
    "P/S": 0.03273009752953963,
    "P/H": 0.0052125510090726595,
    "P/R": 0.009617071509746122,
    "P/L": 0.08724443802165116,
    "P/Q": 0.005927003413915818,
    "T/P": 0.001852709456687291,
    "T/A": 0.006646417096257523,
    "T/S": 0.0031650077242521457,
    "T/N": 0.0025112067901311434,
    "T/I": 0.008918415894822822,
    "T/K": 0.0018329819995913021,
    "T/R": 0.0017347546217019133,
    "T/M": 0.019184409960229635,
    "A/T": 0.043508257257580535,
    "A/P": 0.004903158867641584,
    "A/S": 0.0070849150277629246,
    "A/D": 0.0034138379317519237,
    "A/G": 0.004991856811950846,
    "A/V": 0.03931442537929675,
    "A/E": 0.0036120897160824912,
    "Y/N": 0.0002815353244791594,
    "Y/H": 0.0013846875165535006,
    "Y/D": 0.00026694381376755677,
    "Y/S": 0.0003056541565357736,
    "Y/C": 0.0018152157218026758,
    "Y/F": 0.0002972958791515725,
    "H/N": 0.001112611539439951,
    "H/D": 0.0008391966555272935,
    "H/Y": 0.003263174951010471,
    "H/P": 0.0009114545339460831,
    "H/R": 0.004052625950278966,
    "H/L": 0.0007893797328522021,
    "H/Q": 0.0029624674315761185,
    "Q/K": 0.0028502577819216426,
    "Q/E": 0.002085492863665269,
    "Q/P": 0.0017992373693224138,
    "Q/R": 0.007373465426560729,
    "Q/L": 0.0013309368079296954,
    "Q/H": 0.004641041065113218,
    "N/H": 0.0007324103132198106,
    "N/D": 0.001764070593486251,
    "N/Y": 0.0004474785715147733,
    "N/T": 0.0007185096501048197,
    "N/S": 0.0028829081466334033,
    "N/I": 0.000681236021514679,
    "N/K": 0.002559833829397176,
    "K/Q": 0.002270620233353886,
    "K/E": 0.005534706595267183,
    "K/T": 0.0020167940854599106,
    "K/R": 0.005760405095076247,
    "K/I": 0.0005076524440274225,
    "K/N": 0.005369727502366889,
    "K/M": 0.0010169911722588926,
    "D/N": 0.013822897975281705,
    "D/H": 0.0024363378030164786,
    "D/Y": 0.0020400320082113576,
    "D/A": 0.001242969646009815,
    "D/G": 0.004743853602252253,
    "D/V": 0.00170859046942136,
    "D/E": 0.005076092923538785,
    "E/K": 0.03153167636937954,
    "E/Q": 0.005249453564394434,
    "E/A": 0.002220035296130637,
    "E/G": 0.006497947910868238,
    "E/V": 0.0018156906593429078,
    "E/D": 0.0067068120232971085,
    "C/S": 0.0005132032788873369,
    "C/R": 0.0010741050838655648,
    "C/G": 0.0002444911175141541,
    "C/Y": 0.0012406835417268682,
    "C/F": 0.00046643124277045875,
    "C/W": 0.0003563081346870052,
    "W/R": 0.001025555123819088,
    "W/G": 0.0002007311089455002,
    "W/S": 0.00017889849878258553,
    "W/L": 0.00024666504300305145,
    "W/C": 0.0006381572893843048,
    "R/S": 0.0074343952466617595,
    "R/G": 0.012107692126391944,
    "R/C": 0.05840359024581873,
    "R/H": 0.062200143175675224,
    "R/P": 0.007915775766499628,
    "R/L": 0.009725290126244342,
    "R/Q": 0.07501367938067299,
    "R/W": 0.05655159334705305,
    "R/K": 0.005343541481337242,
    "R/T": 0.0018773109720284843,
    "R/I": 0.0007458106544193686,
    "R/M": 0.0007756431375067087,
    "G/S": 0.021219126074584514,
    "G/R": 0.023765699976267842,
    "G/C": 0.002670122907795042,
    "G/D": 0.008050882402379996,
    "G/A": 0.003978000316119508,
    "G/V": 0.005322540205071646,
    "G/E": 0.006975866023410716,
    "G/W": 0.0016044995673096427
}