{
    "F/I": 0.00037631096695861055,
    "F/L": 0.002750962918285739,
    "F/V": 0.00043153079021314244,
    "F/Y": 0.0002645311092395614,
    "F/S": 0.0009460115182368815,
    "F/C": 0.0004435131598673185,
    "L/I": 0.0013544306723131518,
    "L/V": 0.0036721741867748988,
    "L/S": 0.0016832942762979998,
    "L/F": 0.0046812284614318215,
    "L/M": 0.0017340230495063076,
    "L/W": 0.0004238729420502701,
    "L/H": 0.0004931315611129025,
    "L/P": 0.007879261661188111,
    "L/R": 0.0017272344885306545,
    "L/Q": 0.0010879274981781403,
    "I/L": 0.0010580363237594691,
    "I/V": 0.004510886085639111,
    "I/F": 0.0007575394841673771,
    "I/N": 0.0007504702507298889,
    "I/T": 0.004092148078813644,
    "I/S": 0.0004631062421694612,
    "I/M": 0.001773016124327822,
    "I/K": 0.00024951647342932176,
    "I/R": 0.00022941875224876914,
    "M/L": 0.0017216828724106732,
    "M/V": 0.004070834320193711,
    "M/K": 0.0010532780237877484,
    "M/T": 0.005948439531512778,
    "M/R": 0.0009492275671679947,
    "M/I": 0.005061428687067431,
    "V/I": 0.011143150883461862,
    "V/L": 0.005746584265016631,
    "V/F": 0.001395694577038411,
    "V/D": 0.0006828013998839075,
    "V/A": 0.006919997520835197,
    "V/G": 0.0019019496722192397,
    "V/E": 0.0009615076829063399,
    "V/M": 0.01185764519379187,
    "S/T": 0.004170962470297073,
    "S/P": 0.0057668280862868005,
    "S/A": 0.0016680993894673693,
    "S/Y": 0.0017382331384015477,
    "S/C": 0.003118894761064455,
    "S/F": 0.005225891932612438,
    "S/L": 0.011310821137883321,
    "S/W": 0.0007997009596393547,
    "S/R": 0.005972079123260485,
    "S/G": 0.004855537854892331,
    "S/N": 0.007806218957692332,
    "S/I": 0.0017505441523931267,
    "P/T": 0.007344580534317687,
    "P/A": 0.005092699545013531,
    "P/S": 0.019978945076917762,
    "P/H": 0.002842310327393453,
    "P/R": 0.005185804125950563,
    "P/L": 0.04043961865682618,
    "P/Q": 0.0031424732078025167,
    "T/P": 0.002204547261294459,
    "T/A": 0.007783628172644973,
    "T/S": 0.0036560347497336483,
    "T/N": 0.0023847645444314233,
    "T/I": 0.010832277350194177,
    "T/K": 0.002307302549042664,
    "T/R": 0.002201196917918019,
    "T/M": 0.019737671100933357,
    "A/T": 0.03615680174732872,
    "A/P": 0.005401841760570365,
    "A/S": 0.007498944677091524,
    "A/D": 0.0036838713124413072,
    "A/G": 0.005581667164699557,
    "A/V": 0.03870804752141414,
    "A/E": 0.004117858570168476,
    "Y/N": 0.00030144069263437736,
    "Y/H": 0.0015169769023960665,
    "Y/D": 0.00028873213072095667,
    "Y/S": 0.0003183235076574466,
    "Y/C": 0.001990412516314177,
    "Y/F": 0.00031913279013028023,
    "H/N": 0.0010079748054894761,
    "H/D": 0.0007706668175987063,
    "H/Y": 0.0029324842626325173,
    "H/P": 0.0007986357493433802,
    "H/R": 0.0037975656948098942,
    "H/L": 0.0007295163359087118,
    "H/Q": 0.0026099134351796355,
    "Q/K": 0.005195840268466646,
    "Q/E": 0.003872623791101068,
    "Q/P": 0.003244379318945738,
    "Q/R": 0.012695820780409046,
    "Q/L": 0.0022972580576283343,
    "Q/H": 0.007864096544937948,
    "N/H": 0.0010098925049564045,
    "N/D": 0.0023517235648660827,
    "N/Y": 0.0006326963163909902,
    "N/T": 0.0009503278613234875,
    "N/S": 0.004192679148199744,
    "N/I": 0.0009456949138275163,
    "N/K": 0.0034665772355226823,
    "K/Q": 0.0037798565472046543,
    "K/E": 0.00907761178755292,
    "K/T": 0.0034634288179733116,
    "K/R": 0.009473040298152586,
    "K/I": 0.0010119284800355636,
    "K/N": 0.008592028301332827,
    "K/M": 0.0015544297718992693,
    "D/N": 0.022349439782535063,
    "D/H": 0.0047200830270520515,
    "D/Y": 0.003984603228481852,
    "D/A": 0.002416808171062379,
    "D/G": 0.00963070708025106,
    "D/V": 0.003646400479036659,
    "D/E": 0.0095542835384938,
    "E/K": 0.07681136036197064,
    "E/Q": 0.016635949624157015,
    "E/A": 0.0077407610108713755,
    "E/G": 0.02236093513713556,
    "E/V": 0.006065888768389648,
    "E/D": 0.022112185390435746,
    "C/S": 0.0006448586883761283,
    "C/R": 0.001368534381470769,
    "C/G": 0.0003048144799020192,
    "C/Y": 0.0015272697232160666,
    "C/F": 0.000522195182325298,
    "C/W": 0.0003866208837206791,
    "W/R": 0.001686001776825337,
    "W/G": 0.0003316963230085862,
    "W/S": 0.0002793296041196602,
    "W/L": 0.000385139334768462,
    "W/C": 0.0009808877232728326,
    "R/S": 0.006914219899557447,
    "R/G": 0.01078542371405335,
    "R/C": 0.039609671929303994,
    "R/H": 0.042735154284767346,
    "R/P": 0.00559976838347067,
    "R/L": 0.006706387765622021,
    "R/Q": 0.05443901930454255,
    "R/W": 0.04209749045156217,
    "R/K": 0.006757239594286683,
    "R/T": 0.0024522357105852062,
    "R/I": 0.001057375516250094,
    "R/M": 0.0009237112497113637,
    "G/S": 0.014741152967125247,
    "G/R": 0.021994608110550956,
    "G/C": 0.002151883579256624,
    "G/D": 0.007144767673595156,
    "G/A": 0.004330698305139159,
    "G/V": 0.0056361233068304975,
    "G/E": 0.00918792978683434,
    "G/W": 0.0015201767037507639
}