{
    "F/I": 0.000550939484850402,
    "F/L": 0.004012629429686624,
    "F/V": 0.0006578956569522445,
    "F/Y": 0.0004111338584670187,
    "F/S": 0.0014265041752676059,
    "F/C": 0.0006876372358459067,
    "L/I": 0.0013479467340923135,
    "L/V": 0.0035036357315117194,
    "L/S": 0.0019285568432767838,
    "L/F": 0.00495229270854643,
    "L/M": 0.001576015646775343,
    "L/W": 0.0005006183194535787,
    "L/H": 0.0005046034735999296,
    "L/P": 0.007080365505887343,
    "L/R": 0.0015730362969799284,
    "L/Q": 0.000932730923754804,
    "I/L": 0.001151230622686245,
    "I/V": 0.005539909059536809,
    "I/F": 0.0009357654090896457,
    "I/N": 0.0009270817229033876,
    "I/T": 0.004533258485126368,
    "I/S": 0.0005812230488986599,
    "I/M": 0.001811663006417968,
    "I/K": 0.00021774134891864967,
    "I/R": 0.00020020300822354444,
    "M/L": 0.0016166918458021887,
    "M/V": 0.0039487898477242565,
    "M/K": 0.0009725696186477313,
    "M/T": 0.005492634837198779,
    "M/R": 0.0008764921247388769,
    "M/I": 0.004586754455846178,
    "V/I": 0.011181217658767421,
    "V/L": 0.006176923313385773,
    "V/F": 0.0015385772662389566,
    "V/D": 0.0007759835005279257,
    "V/A": 0.007437326120728997,
    "V/G": 0.0020566400266639594,
    "V/E": 0.0010050659078796361,
    "V/M": 0.014791523913615797,
    "S/T": 0.004925519773698956,
    "S/P": 0.007022403833475524,
    "S/A": 0.002083985533361143,
    "S/Y": 0.0021890982903493687,
    "S/C": 0.0038452441892934857,
    "S/F": 0.0065224518346695135,
    "S/L": 0.01377564510790351,
    "S/W": 0.0009614529600071399,
    "S/R": 0.006876447731494049,
    "S/G": 0.005930515708358561,
    "S/N": 0.009146400602205635,
    "S/I": 0.002049980621161324,
    "P/T": 0.005621812096279903,
    "P/A": 0.0040206589927480425,
    "P/S": 0.015647329248229886,
    "P/H": 0.0023287935079118814,
    "P/R": 0.00402105452714786,
    "P/L": 0.029618450168787117,
    "P/Q": 0.002294616525912723,
    "T/P": 0.0020957337882366194,
    "T/A": 0.00753322751485306,
    "T/S": 0.003515847809772282,
    "T/N": 0.002315254678337635,
    "T/I": 0.010516943193786156,
    "T/K": 0.0019865823002301053,
    "T/R": 0.0019011115265143424,
    "T/M": 0.015513855436383521,
    "A/T": 0.02425774779341389,
    "A/P": 0.003917998214243473,
    "A/S": 0.005468846682658014,
    "A/D": 0.0026530635893370316,
    "A/G": 0.004240604027438697,
    "A/V": 0.03014457247575663,
    "A/E": 0.003202738547490182,
    "Y/N": 0.0005631635372921905,
    "Y/H": 0.0027976060570237384,
    "Y/D": 0.000535576984954366,
    "Y/S": 0.000596401440702144,
    "Y/C": 0.0037875923929034023,
    "Y/F": 0.000603477714294179,
    "H/N": 0.0013242428565528887,
    "H/D": 0.0010241100282618852,
    "H/Y": 0.0038827878206269227,
    "H/P": 0.001088336830722731,
    "H/R": 0.005237746092663993,
    "H/L": 0.0010037579852289064,
    "H/Q": 0.0031875632920258835,
    "Q/K": 0.003370484279058423,
    "Q/E": 0.0025687923168107906,
    "Q/P": 0.002204111327328819,
    "Q/R": 0.008510122020935398,
    "Q/L": 0.0015409996026118573,
    "Q/H": 0.005305404676261068,
    "N/H": 0.0015435479839013275,
    "N/D": 0.0036299473959751504,
    "N/Y": 0.000993467867389429,
    "N/T": 0.001403542867337755,
    "N/S": 0.00643763521265366,
    "N/I": 0.0014255792918968615,
    "N/K": 0.004942233325020851,
    "K/Q": 0.00273746333233534,
    "K/E": 0.006565667881430144,
    "K/T": 0.0025460209298780456,
    "K/R": 0.006633424597694138,
    "K/I": 0.0008543051602140027,
    "K/N": 0.005995595265628549,
    "K/M": 0.0009913687652197713,
    "D/N": 0.049779438221765185,
    "D/H": 0.010406097651124185,
    "D/Y": 0.00878055612996855,
    "D/A": 0.005279562633785157,
    "D/G": 0.02162457362687037,
    "D/V": 0.008432754548887485,
    "D/E": 0.021803966766813752,
    "E/K": 0.09660531151445699,
    "E/Q": 0.021761487413780086,
    "E/A": 0.010405124518321514,
    "E/G": 0.029920468585277145,
    "E/V": 0.008031005879816495,
    "E/D": 0.02774646094490805,
    "C/S": 0.0008122486142230693,
    "C/R": 0.0016870950036517404,
    "C/G": 0.000394560030694812,
    "C/Y": 0.001958362936038455,
    "C/F": 0.0006725694282156503,
    "C/W": 0.0004979120542616559,
    "W/R": 0.0015232579458636405,
    "W/G": 0.00029436806215709077,
    "W/S": 0.0002544594530050603,
    "W/L": 0.00035084839920487815,
    "W/C": 0.0009048904116709257,
    "R/S": 0.004044765321669885,
    "R/G": 0.007106754024718941,
    "R/C": 0.02086044300513634,
    "R/H": 0.022548668972055222,
    "R/P": 0.0035416396441959046,
    "R/L": 0.0040949427571873925,
    "R/Q": 0.03785406997490977,
    "R/W": 0.027440165982169057,
    "R/K": 0.004413818413221751,
    "R/T": 0.001638395785272805,
    "R/I": 0.0007441075164348973,
    "R/M": 0.0005766455214108678,
    "G/S": 0.01903310266090379,
    "G/R": 0.026040788013425395,
    "G/C": 0.0027320419946293825,
    "G/D": 0.009212861037763288,
    "G/A": 0.0051618506064650335,
    "G/V": 0.00686340387424448,
    "G/E": 0.010359572270610767,
    "G/W": 0.0018247077100154061
}