{
    "F/I": 0.00026624708503230975,
    "F/L": 0.002300888240417307,
    "F/V": 0.0003220112534861418,
    "F/Y": 0.00019241969876003021,
    "F/S": 0.00077338499612988,
    "F/C": 0.0003258633370630168,
    "L/I": 0.0005970482138602529,
    "L/V": 0.0019765800865218907,
    "L/S": 0.00043036275478722534,
    "L/F": 0.002438163486015472,
    "L/M": 0.0011096788284187056,
    "L/W": 0.00014911709987326625,
    "L/H": 0.0002931902183150879,
    "L/P": 0.004937583944097087,
    "L/R": 0.0010935448826292476,
    "L/Q": 0.0007060180889156463,
    "I/L": 0.00027086306157152217,
    "I/V": 0.001476200052078246,
    "I/F": 0.00030996895287376214,
    "I/N": 0.00034023264169656534,
    "I/T": 0.0009771123608587555,
    "I/S": 0.0001760647210301233,
    "I/M": 0.0004836480826258543,
    "I/K": 1.9256377302170616e-05,
    "I/R": 1.7705340223746295e-05,
    "M/L": 0.0006871734580907894,
    "M/V": 0.0017757397135973285,
    "M/K": 0.0003824421020921116,
    "M/T": 0.002159860613457539,
    "M/R": 0.0003446616923098931,
    "M/I": 0.0018235145527036132,
    "V/I": 0.007547382423108887,
    "V/L": 0.0029900031927622486,
    "V/F": 0.0007465021303094797,
    "V/D": 0.00029838962651760237,
    "V/A": 0.0028056981546296946,
    "V/G": 0.0007751762935007953,
    "V/E": 0.00039422611688988017,
    "V/M": 0.011825152613154399,
    "S/T": 0.003571710886342486,
    "S/P": 0.0053069195987821,
    "S/A": 0.0016028932731023536,
    "S/Y": 0.0016918574752259456,
    "S/C": 0.002856223001162727,
    "S/F": 0.005746800096638544,
    "S/L": 0.029004338843668896,
    "S/W": 0.0024315136178962955,
    "S/R": 0.00721257167395436,
    "S/G": 0.00509529319146936,
    "S/N": 0.007123036955924307,
    "S/I": 0.001602268068593657,
    "P/T": 0.008644181877176454,
    "P/A": 0.006355194579843104,
    "P/S": 0.02442404492712943,
    "P/H": 0.0037390532745650465,
    "P/R": 0.008828185047898908,
    "P/L": 0.1079358206774355,
    "P/Q": 0.006619307616699943,
    "T/P": 0.0012166623075511524,
    "T/A": 0.004370229832297181,
    "T/S": 0.0020571197058547905,
    "T/N": 0.0017829801290329206,
    "T/I": 0.005163952069760591,
    "T/K": 0.0014661293795455537,
    "T/R": 0.0013673242930640293,
    "T/M": 0.020434162493160758,
    "A/T": 0.0955199477129272,
    "A/P": 0.007902530562032838,
    "A/S": 0.011965413924948756,
    "A/D": 0.004026961422754758,
    "A/G": 0.008063685306342218,
    "A/V": 0.08496848335021155,
    "A/E": 0.0075536050984409625,
    "Y/N": 0.00021641775903054252,
    "Y/H": 0.001116290882498936,
    "Y/D": 0.000210596074187056,
    "Y/S": 0.0002466690985955501,
    "Y/C": 0.0013349539543476051,
    "Y/F": 0.00022755378918399373,
    "H/N": 0.0012728192560806097,
    "H/D": 0.0008747731692519153,
    "H/Y": 0.0035090851639146933,
    "H/P": 0.0010149699945784826,
    "H/R": 0.004089326139421952,
    "H/L": 0.0008140195203494566,
    "H/Q": 0.0039684824234065596,
    "Q/K": 0.002137316728546069,
    "Q/E": 0.001484677186374841,
    "Q/P": 0.001274061381789781,
    "Q/R": 0.005424014008780009,
    "Q/L": 0.000977155482411769,
    "Q/H": 0.003379832887241212,
    "N/H": 0.0005055410023336753,
    "N/D": 0.0012676459466322623,
    "N/Y": 0.00028652452445973126,
    "N/T": 0.0005024288482035405,
    "N/S": 0.0018166235424659264,
    "N/I": 0.00045291653563285983,
    "N/K": 0.0020864302638506165,
    "K/Q": 0.0006308429140838262,
    "K/E": 0.0015795780550823546,
    "K/T": 0.0005122694298663534,
    "K/R": 0.0015539134388377594,
    "K/I": 9.86084157864939e-05,
    "K/N": 0.0014153561446801255,
    "K/M": 0.0002998894771715869,
    "D/N": 0.01209199336059478,
    "D/H": 0.0014683546141428003,
    "D/Y": 0.0011866268343406973,
    "D/A": 0.0006259694339156124,
    "D/G": 0.0022854397095380106,
    "D/V": 0.0007778898107878434,
    "D/E": 0.0031688073753396062,
    "E/K": 0.018696988813509362,
    "E/Q": 0.00221256035965452,
    "E/A": 0.0007348640132716656,
    "E/G": 0.0021889322975017582,
    "E/V": 0.0006350641844974276,
    "E/D": 0.002332935333359513,
    "C/S": 0.0004690449742389094,
    "C/R": 0.001016186360387432,
    "C/G": 0.0002356576383790349,
    "C/Y": 0.0011065677343685327,
    "C/F": 0.0004487239232278821,
    "C/W": 0.0003990030145788329,
    "W/R": 0.0006104101811875076,
    "W/G": 0.00011326708876187788,
    "W/S": 0.00010332510359056678,
    "W/L": 0.0001424645332068199,
    "W/C": 0.0003636316825111687,
    "R/S": 0.00341132458692062,
    "R/G": 0.0048734793142578515,
    "R/C": 0.035252959454765156,
    "R/H": 0.036253999543298714,
    "R/P": 0.003846284750060573,
    "R/L": 0.005065736302247641,
    "R/Q": 0.031224724982557087,
    "R/W": 0.0247839651867122,
    "R/K": 0.0012215934761940113,
    "R/T": 0.00037887483923551297,
    "R/I": 9.706808983408195e-05,
    "R/M": 0.00021404456328495483,
    "G/S": 0.08999605645100477,
    "G/R": 0.056204093037669024,
    "G/C": 0.007805247718030775,
    "G/D": 0.016590386891411905,
    "G/A": 0.006830549053712592,
    "G/V": 0.00928040241861226,
    "G/E": 0.009302982403758996,
    "G/W": 0.003180456363318737
}