{
    "F/I": 0.00020370726330979405,
    "F/L": 0.0016949080217593606,
    "F/V": 0.0002436898432839577,
    "F/Y": 0.0001465784165980453,
    "F/S": 0.0005735032401971227,
    "F/C": 0.00024763461949123397,
    "L/I": 0.00069028166632851,
    "L/V": 0.0020559505123141316,
    "L/S": 0.0006158801706212369,
    "L/F": 0.002766800664019192,
    "L/M": 0.001057900521131714,
    "L/W": 0.00018857351737035135,
    "L/H": 0.0003245617125120847,
    "L/P": 0.0048004400985552104,
    "L/R": 0.0010739091363864935,
    "L/Q": 0.0006564570582791269,
    "I/L": 0.00035735872363559085,
    "I/V": 0.0018516569077641372,
    "I/F": 0.00034828622769201157,
    "I/N": 0.0003703953485500953,
    "I/T": 0.0012892365796774875,
    "I/S": 0.00020303455984261519,
    "I/M": 0.0005879461529780198,
    "I/K": 4.191672119698106e-05,
    "I/R": 3.8540468864453034e-05,
    "M/L": 0.000593960395498151,
    "M/V": 0.0014694995667888966,
    "M/K": 0.00034212040864965547,
    "M/T": 0.0019321418632000365,
    "M/R": 0.0003083232687350488,
    "M/I": 0.0016325910023026336,
    "V/I": 0.01046964743560237,
    "V/L": 0.004021771907462188,
    "V/F": 0.001060198683030468,
    "V/D": 0.0004327642231999166,
    "V/A": 0.004113915079839109,
    "V/G": 0.0011373924574594083,
    "V/E": 0.000574313717905153,
    "V/M": 0.013132520351957047,
    "S/T": 0.003425949059345668,
    "S/P": 0.0052023359045903555,
    "S/A": 0.0015617808575625197,
    "S/Y": 0.0015994131961285924,
    "S/C": 0.0026996099184230836,
    "S/F": 0.005241859128089994,
    "S/L": 0.02327756964770858,
    "S/W": 0.0019031563636425384,
    "S/R": 0.006136795688848032,
    "S/G": 0.004393516938802363,
    "S/N": 0.00648606110676545,
    "S/I": 0.001457952527372193,
    "P/T": 0.007342107060861397,
    "P/A": 0.0053859374692429235,
    "P/S": 0.02072051298276175,
    "P/H": 0.0033320662311696965,
    "P/R": 0.006845248009619214,
    "P/L": 0.07439620261803133,
    "P/Q": 0.0046627525661040335,
    "T/P": 0.0014969106588298743,
    "T/A": 0.0053531527814322175,
    "T/S": 0.0025481926554123827,
    "T/N": 0.0020391725760153245,
    "T/I": 0.006692377677967374,
    "T/K": 0.0017106401902450888,
    "T/R": 0.001605017613612939,
    "T/M": 0.021412533468865375,
    "A/T": 0.10628389369933519,
    "A/P": 0.01016522172941903,
    "A/S": 0.015081482235976103,
    "A/D": 0.005724266453463641,
    "A/G": 0.010677590091144726,
    "A/V": 0.10342819602763181,
    "A/E": 0.009460584869445109,
    "Y/N": 0.00011819574445368314,
    "Y/H": 0.0006155023733275595,
    "Y/D": 0.00011448457484072143,
    "Y/S": 0.00013443146913872685,
    "Y/C": 0.0007570766235143024,
    "Y/F": 0.00012682592206874612,
    "H/N": 0.0007544240280288505,
    "H/D": 0.0005390908866056191,
    "H/Y": 0.002119402344113847,
    "H/P": 0.0006024189378422056,
    "H/R": 0.002598961941476747,
    "H/L": 0.0005095184570740679,
    "H/Q": 0.0022023221205944646,
    "Q/K": 0.0020100200791944483,
    "Q/E": 0.0014424984449057515,
    "Q/P": 0.001240524849840389,
    "Q/R": 0.005240577142284913,
    "Q/L": 0.0009444751332250783,
    "Q/H": 0.003278786958032593,
    "N/H": 0.00047321444527333086,
    "N/D": 0.0011581847066680798,
    "N/Y": 0.00027756898449513717,
    "N/T": 0.00047772314918395213,
    "N/S": 0.001808965581749832,
    "N/I": 0.0004402544591820407,
    "N/K": 0.001917551511622694,
    "K/Q": 0.0013667908827882402,
    "K/E": 0.003392605089705982,
    "K/T": 0.001175628540239958,
    "K/R": 0.003459686761423112,
    "K/I": 0.000261882598116248,
    "K/N": 0.0031391306868651975,
    "K/M": 0.0006394684197537754,
    "D/N": 0.015629473027624536,
    "D/H": 0.0022302664800853376,
    "D/Y": 0.00183308666525212,
    "D/A": 0.001029485888869826,
    "D/G": 0.003842916026891684,
    "D/V": 0.0013464614449879913,
    "D/E": 0.0050349881279660915,
    "E/K": 0.0330929673434427,
    "E/Q": 0.004571168889082334,
    "E/A": 0.0017126027656024895,
    "E/G": 0.0050633469737563375,
    "E/V": 0.0014460202021773303,
    "E/D": 0.005276984927485108,
    "C/S": 0.0004653988456014824,
    "C/R": 0.0009925463479968585,
    "C/G": 0.0002279846948899312,
    "C/Y": 0.001105948048878927,
    "C/F": 0.000426365227502127,
    "C/W": 0.0003956821590175233,
    "W/R": 0.0007424147497300615,
    "W/G": 0.00013546988747322893,
    "W/S": 0.00012629846562123875,
    "W/L": 0.00017414017817747463,
    "W/C": 0.00043992825753897503,
    "R/S": 0.004756814662688884,
    "R/G": 0.007315330066805744,
    "R/C": 0.04162797761456535,
    "R/H": 0.04383972676928829,
    "R/P": 0.005058393632796994,
    "R/L": 0.006477774399535627,
    "R/Q": 0.045350185816117855,
    "R/W": 0.0366801352739122,
    "R/K": 0.002702890913474527,
    "R/T": 0.0009080948243614063,
    "R/I": 0.00031667159470323997,
    "R/M": 0.00042263368241321817,
    "G/S": 0.040399157691457584,
    "G/R": 0.04166252552617655,
    "G/C": 0.004073197022231818,
    "G/D": 0.010081695460821558,
    "G/A": 0.0049054374018872625,
    "G/V": 0.006500747919141182,
    "G/E": 0.008356899392214458,
    "G/W": 0.0024832023442692554
}