{
    "F/I": 0.000289189333503725,
    "F/L": 0.0022231240604601676,
    "F/V": 0.00035020752106597656,
    "F/Y": 0.000215223867975986,
    "F/S": 0.0007905014794618671,
    "F/C": 0.0003616388542673134,
    "L/I": 0.0009494881496810018,
    "L/V": 0.0026738800554622494,
    "L/S": 0.0006932952181473055,
    "L/F": 0.0034641039130121924,
    "L/M": 0.0013120886811984818,
    "L/W": 0.0001922914990403543,
    "L/H": 0.00042926575303786266,
    "L/P": 0.006159373606603048,
    "L/R": 0.0013796654740184328,
    "L/Q": 0.0008281804517162844,
    "I/L": 0.00041857041383098657,
    "I/V": 0.0020893040973996545,
    "I/F": 0.0003967758351051648,
    "I/N": 0.00042653779345278964,
    "I/T": 0.0015424305430966599,
    "I/S": 0.00023172470643003425,
    "I/M": 0.0006946962739615321,
    "I/K": 5.9561456007877984e-05,
    "I/R": 5.47639790337046e-05,
    "M/L": 0.0005638770068697012,
    "M/V": 0.0013480212047950115,
    "M/K": 0.00032884341372364014,
    "M/T": 0.0018571593802335765,
    "M/R": 0.00029635787184240016,
    "M/I": 0.0015658071338073914,
    "V/I": 0.00872056892858755,
    "V/L": 0.004392495356682034,
    "V/F": 0.0010899278557984326,
    "V/D": 0.0004999741883591856,
    "V/A": 0.0047358660020749566,
    "V/G": 0.0013100540111146567,
    "V/E": 0.0006603654108704477,
    "V/M": 0.014478508465869889,
    "S/T": 0.0037686856048741737,
    "S/P": 0.005498640154993097,
    "S/A": 0.0016336610100378252,
    "S/Y": 0.0017165173890371936,
    "S/C": 0.0029433703791180467,
    "S/F": 0.005565935745564358,
    "S/L": 0.019244585908103892,
    "S/W": 0.0015246593355021675,
    "S/R": 0.0062392534554196275,
    "S/G": 0.004881450550814767,
    "S/N": 0.007232948282817627,
    "S/I": 0.001624788735945306,
    "P/T": 0.009170663423770832,
    "P/A": 0.006481425810093243,
    "P/S": 0.025232700895363835,
    "P/H": 0.00408430802268724,
    "P/R": 0.007516875054455422,
    "P/L": 0.07093661911270538,
    "P/Q": 0.004652954352535089,
    "T/P": 0.0016623922679054961,
    "T/A": 0.005956656355319647,
    "T/S": 0.0027999239491549267,
    "T/N": 0.0021680823668874688,
    "T/I": 0.007821725926770358,
    "T/K": 0.0017556656192458315,
    "T/R": 0.0016593554423128788,
    "T/M": 0.018935032200365656,
    "A/T": 0.05702786318110202,
    "A/P": 0.006216010378334047,
    "A/S": 0.009032886729435852,
    "A/D": 0.003994626060890807,
    "A/G": 0.006516933974097302,
    "A/V": 0.057062933173092835,
    "A/E": 0.005237886511966779,
    "Y/N": 0.00020417388483818093,
    "Y/H": 0.0009830746701533974,
    "Y/D": 0.00019789586825482813,
    "Y/S": 0.0002244246065208625,
    "Y/C": 0.0012768401285975387,
    "Y/F": 0.0002129602323470558,
    "H/N": 0.0007200810231790068,
    "H/D": 0.0005252390408907872,
    "H/Y": 0.0020431808525808283,
    "H/P": 0.0005767526435135068,
    "H/R": 0.0025296509907205317,
    "H/L": 0.0004941674709036173,
    "H/Q": 0.0020249710164816402,
    "Q/K": 0.0021146901689755057,
    "Q/E": 0.0015712222367647842,
    "Q/P": 0.001319876319281745,
    "Q/R": 0.005449167668705202,
    "Q/L": 0.0009832180829185207,
    "Q/H": 0.0034104647147646257,
    "N/H": 0.0005666968221760368,
    "N/D": 0.0013967410600025138,
    "N/Y": 0.00035532150164794776,
    "N/T": 0.0005463095018812187,
    "N/S": 0.002248494022428351,
    "N/I": 0.0005246179834427037,
    "N/K": 0.0020727911523566686,
    "K/Q": 0.002243508450394053,
    "K/E": 0.005494958344378295,
    "K/T": 0.0019280204622654758,
    "K/R": 0.005739164569105266,
    "K/I": 0.00040765589477143586,
    "K/N": 0.005428948141727594,
    "K/M": 0.0010786367176772891,
    "D/N": 0.020875836171939034,
    "D/H": 0.0032584959676827895,
    "D/Y": 0.00271914941725324,
    "D/A": 0.0015795797540991226,
    "D/G": 0.006032034714413117,
    "D/V": 0.0021740793073170657,
    "D/E": 0.007488359105990546,
    "E/K": 0.04655316935800349,
    "E/Q": 0.007162676404542161,
    "E/A": 0.0029123641430550485,
    "E/G": 0.008562948796245286,
    "E/V": 0.002416474711676132,
    "E/D": 0.00866470200984774,
    "C/S": 0.0004929318653839212,
    "C/R": 0.0010702320101229825,
    "C/G": 0.00023856532892410406,
    "C/Y": 0.0011630412468865243,
    "C/F": 0.0004426990486248911,
    "C/W": 0.00037065015674400464,
    "W/R": 0.000906295892531811,
    "W/G": 0.0001753559495353678,
    "W/S": 0.00015954538855199907,
    "W/L": 0.00021998099702303482,
    "W/C": 0.0005570867793119345,
    "R/S": 0.006795489989460949,
    "R/G": 0.010923271229885269,
    "R/C": 0.055148327303679266,
    "R/H": 0.058202834820970606,
    "R/P": 0.007487935304906793,
    "R/L": 0.00935694034631952,
    "R/Q": 0.07333795625218002,
    "R/W": 0.05926429868147339,
    "R/K": 0.00445710403799794,
    "R/T": 0.0014561639457934324,
    "R/I": 0.00046190625751570623,
    "R/M": 0.0007270796827143764,
    "G/S": 0.02677302627405776,
    "G/R": 0.0261851123827812,
    "G/C": 0.002950941830239516,
    "G/D": 0.007853490965768421,
    "G/A": 0.0038975801371439207,
    "G/V": 0.005178810521743265,
    "G/E": 0.006793624856255549,
    "G/W": 0.0017862078004402078
}