{
    "F/I": 0.00034758715084336146,
    "F/L": 0.0027507151952857953,
    "F/V": 0.00042051820415697826,
    "F/Y": 0.0002574279268302786,
    "F/S": 0.000971913867700994,
    "F/C": 0.0004335610436253329,
    "L/I": 0.0007533005487363551,
    "L/V": 0.0021595350561517657,
    "L/S": 0.0007287844355136791,
    "L/F": 0.0030913257761994153,
    "L/M": 0.001078710791010578,
    "L/W": 0.00022426617676978147,
    "L/H": 0.00035744703956064946,
    "L/P": 0.004919716816806288,
    "L/R": 0.0011094820462204395,
    "L/Q": 0.0006546714036634758,
    "I/L": 0.00038169073148074453,
    "I/V": 0.001970176253265247,
    "I/F": 0.000393492377329238,
    "I/N": 0.00041577936575988713,
    "I/T": 0.0014401207997766455,
    "I/S": 0.00023051605578650752,
    "I/M": 0.0006274786575606299,
    "I/K": 4.2884297386489625e-05,
    "I/R": 3.943011001339928e-05,
    "M/L": 0.0008477537041730139,
    "M/V": 0.002115682699974551,
    "M/K": 0.000488283203229384,
    "M/T": 0.0027576034466362813,
    "M/R": 0.0004400470404040456,
    "M/I": 0.0023428523215238517,
    "V/I": 0.009426240254637069,
    "V/L": 0.003140964318428354,
    "V/F": 0.0008775791623713477,
    "V/D": 0.00036346728398706083,
    "V/A": 0.003222303852197601,
    "V/G": 0.0008916500036595922,
    "V/E": 0.0004315975491838863,
    "V/M": 0.010170016221553122,
    "S/T": 0.004321793939899957,
    "S/P": 0.005612116049765815,
    "S/A": 0.0016763651893972997,
    "S/Y": 0.0018078701770889202,
    "S/C": 0.0033121093382005237,
    "S/F": 0.005916623889386131,
    "S/L": 0.02126667331899751,
    "S/W": 0.0017191419958958252,
    "S/R": 0.008214330232352214,
    "S/G": 0.006333633912584596,
    "S/N": 0.009211478460269559,
    "S/I": 0.0020695252299396815,
    "P/T": 0.005830973892613784,
    "P/A": 0.004293117527765462,
    "P/S": 0.01649865420264642,
    "P/H": 0.0027247123340149505,
    "P/R": 0.005131540168024488,
    "P/L": 0.05080581882762922,
    "P/Q": 0.0032256844295302364,
    "T/P": 0.0013255171553213335,
    "T/A": 0.004771507710084163,
    "T/S": 0.0022584681189612424,
    "T/N": 0.0018042345732848573,
    "T/I": 0.0060639457716960485,
    "T/K": 0.001460256331150333,
    "T/R": 0.001373180806942194,
    "T/M": 0.01750201455889746,
    "A/T": 0.04449274223769772,
    "A/P": 0.004493608336236837,
    "A/S": 0.006632650984637891,
    "A/D": 0.0027245351756756643,
    "A/G": 0.004729185303970728,
    "A/V": 0.04397110917426909,
    "A/E": 0.004006500817794755,
    "Y/N": 0.00027137069956695466,
    "Y/H": 0.0013714387513665814,
    "Y/D": 0.00026139147932798256,
    "Y/S": 0.0003019694777602278,
    "Y/C": 0.0017559288630977605,
    "Y/F": 0.00029015174853886495,
    "H/N": 0.0010578934976114814,
    "H/D": 0.0007653961563918303,
    "H/Y": 0.0030156843654557544,
    "H/P": 0.0008661413298636012,
    "H/R": 0.003686177560802064,
    "H/L": 0.000724814629396061,
    "H/Q": 0.0030829968321603018,
    "Q/K": 0.0020277987213155662,
    "Q/E": 0.0014518543070809534,
    "Q/P": 0.001257685162850625,
    "Q/R": 0.005221822108704981,
    "Q/L": 0.0009419237515045968,
    "Q/H": 0.0033245913583244465,
    "N/H": 0.0006774126258184641,
    "N/D": 0.0016696700301953753,
    "N/Y": 0.00040844275717670276,
    "N/T": 0.0006702958620752285,
    "N/S": 0.002586979384417337,
    "N/I": 0.000623466172199858,
    "N/K": 0.0025764089330730542,
    "K/Q": 0.0015375481564014212,
    "K/E": 0.0037934692567760595,
    "K/T": 0.0013285090298158788,
    "K/R": 0.003891465823322568,
    "K/I": 0.0003019960216875633,
    "K/N": 0.0036017928709278987,
    "K/M": 0.0007143244011446981,
    "D/N": 0.018708493972512712,
    "D/H": 0.0028067409049413986,
    "D/Y": 0.0023219309151027104,
    "D/A": 0.0013250943734396657,
    "D/G": 0.00502740161389398,
    "D/V": 0.001797661510669498,
    "D/E": 0.006017531574840722,
    "E/K": 0.029327406917421146,
    "E/Q": 0.0043707246471746146,
    "E/A": 0.0017300168095312788,
    "E/G": 0.005089438689772487,
    "E/V": 0.0014379839112786548,
    "E/D": 0.005276002830855154,
    "C/S": 0.0007579164605116456,
    "C/R": 0.001605965025975477,
    "C/G": 0.0003618989817954933,
    "C/Y": 0.0018200669148740471,
    "C/F": 0.0006916041509006094,
    "C/W": 0.0005766372367075804,
    "W/R": 0.001030556102592302,
    "W/G": 0.00019793216864322284,
    "W/S": 0.00017700527508112833,
    "W/L": 0.00024405466835534698,
    "W/C": 0.0006339060972969424,
    "R/S": 0.006305566138316487,
    "R/G": 0.010653655386791869,
    "R/C": 0.05364242629887349,
    "R/H": 0.05740385633642889,
    "R/P": 0.007290465866549332,
    "R/L": 0.008965336959456454,
    "R/Q": 0.06946468194903112,
    "R/W": 0.05319993996783721,
    "R/K": 0.004044344312027414,
    "R/T": 0.0014537149880844643,
    "R/I": 0.000612425410880432,
    "R/M": 0.0005630795243137751,
    "G/S": 0.08419984513476364,
    "G/R": 0.057447594509631876,
    "G/C": 0.008115172604120742,
    "G/D": 0.02009158777250561,
    "G/A": 0.008580826572322838,
    "G/V": 0.011798857719646,
    "G/E": 0.012773401791088374,
    "G/W": 0.0031022435149934344
}