{
    "F/I": 0.000346224989151237,
    "F/L": 0.002738473444755818,
    "F/V": 0.0004188666588160909,
    "F/Y": 0.00025624626881872847,
    "F/S": 0.0009677123513033803,
    "F/C": 0.0004315808017273458,
    "L/I": 0.0007556508297981829,
    "L/V": 0.00215699594007141,
    "L/S": 0.0007268520259577701,
    "L/F": 0.0030983100101976786,
    "L/M": 0.0010744122415080979,
    "L/W": 0.00022390644704985382,
    "L/H": 0.00035879572280642113,
    "L/P": 0.004913082416280839,
    "L/R": 0.0011085041704669018,
    "L/Q": 0.0006524292505128758,
    "I/L": 0.00038686997266970544,
    "I/V": 0.0020014756555414444,
    "I/F": 0.0004021373714157994,
    "I/N": 0.0004245466528391734,
    "I/T": 0.0014630028652901634,
    "I/S": 0.00023540664366522574,
    "I/M": 0.0006442097095472943,
    "I/K": 4.2610650780478816e-05,
    "I/R": 3.917850473040825e-05,
    "M/L": 0.0008532548367412454,
    "M/V": 0.0021336853707503533,
    "M/K": 0.0004912320395064311,
    "M/T": 0.002774257144792126,
    "M/R": 0.00044270456920652836,
    "M/I": 0.0023587557498655222,
    "V/I": 0.009452632204629186,
    "V/L": 0.00314554020432989,
    "V/F": 0.0008796224766867818,
    "V/D": 0.0003642493963163366,
    "V/A": 0.0032219357227329277,
    "V/G": 0.0008914058968280864,
    "V/E": 0.00043111244628319626,
    "V/M": 0.01024707893473235,
    "S/T": 0.004305695103671031,
    "S/P": 0.005592544221902983,
    "S/A": 0.0016705510933193457,
    "S/Y": 0.0018010812765831257,
    "S/C": 0.0032989950163099372,
    "S/F": 0.005896592987280382,
    "S/L": 0.021222618286980955,
    "S/W": 0.0017157639503636531,
    "S/R": 0.008176845370156012,
    "S/G": 0.006311433707152563,
    "S/N": 0.009175831148029433,
    "S/I": 0.0020615084228861645,
    "P/T": 0.005873455402304054,
    "P/A": 0.004327608461242942,
    "P/S": 0.01662824783639409,
    "P/H": 0.0027495979949151805,
    "P/R": 0.005168051286837259,
    "P/L": 0.05107744552504874,
    "P/Q": 0.003242721923799833,
    "T/P": 0.0013413637143509696,
    "T/A": 0.0048264161523538735,
    "T/S": 0.0022866655629595898,
    "T/N": 0.0018377900778158637,
    "T/I": 0.006135297623702061,
    "T/K": 0.0014704777332409853,
    "T/R": 0.0013826130829545768,
    "T/M": 0.01766969621274742,
    "A/T": 0.04445508351443397,
    "A/P": 0.0044882204997781,
    "A/S": 0.00662418707930204,
    "A/D": 0.002720041672701694,
    "A/G": 0.0047237929193866286,
    "A/V": 0.043933090990162266,
    "A/E": 0.004001075862485157,
    "Y/N": 0.00028285016652768673,
    "Y/H": 0.00143158798351544,
    "Y/D": 0.00027184837191970097,
    "Y/S": 0.0003152211508407937,
    "Y/C": 0.0018313927987548963,
    "Y/F": 0.0003027331379226418,
    "H/N": 0.0010511430322247385,
    "H/D": 0.0007605121295285075,
    "H/Y": 0.0029964411496005545,
    "H/P": 0.0008606144435745062,
    "H/R": 0.003662655898092383,
    "H/L": 0.0007201895550586255,
    "H/Q": 0.0030633240924658766,
    "Q/K": 0.0020224576865797107,
    "Q/E": 0.0014480736347856603,
    "Q/P": 0.0012549981252104215,
    "Q/R": 0.005208417663426206,
    "Q/L": 0.0009395266016897172,
    "Q/H": 0.003315117182693859,
    "N/H": 0.0006793939077706293,
    "N/D": 0.001675177824515974,
    "N/Y": 0.00040914333273102627,
    "N/T": 0.0006725822552554013,
    "N/S": 0.002594916210199389,
    "N/I": 0.0006254884185450168,
    "N/K": 0.002581496983209666,
    "K/Q": 0.0015339029099802472,
    "K/E": 0.0037844194794882592,
    "K/T": 0.0013255551629667492,
    "K/R": 0.003883049228315197,
    "K/I": 0.0003012457127276065,
    "K/N": 0.0035927865352382987,
    "K/M": 0.0007128441763710959,
    "D/N": 0.018884512177694247,
    "D/H": 0.002832654350441519,
    "D/Y": 0.0023429265744141434,
    "D/A": 0.0013379085544730092,
    "D/G": 0.0050731588488533074,
    "D/V": 0.0018127664559002706,
    "D/E": 0.006071533539672367,
    "E/K": 0.029731847868404902,
    "E/Q": 0.004416464783100495,
    "E/A": 0.0017454183355857945,
    "E/G": 0.005132420080051466,
    "E/V": 0.0014487013399812365,
    "E/D": 0.0053129303702481616,
    "C/S": 0.0007551522560911576,
    "C/R": 0.0015993579945147735,
    "C/G": 0.00036032688025751527,
    "C/Y": 0.001813937113461123,
    "C/F": 0.0006887034543408142,
    "C/W": 0.0005739865538638675,
    "W/R": 0.001023980078337164,
    "W/G": 0.00019666915468542298,
    "W/S": 0.00017587579656046077,
    "W/L": 0.00024249734467869573,
    "W/C": 0.0006298611143398586,
    "R/S": 0.0062724149468964905,
    "R/G": 0.010598625940226267,
    "R/C": 0.05336997229102343,
    "R/H": 0.0570872981797962,
    "R/P": 0.007252151267122637,
    "R/L": 0.008919364390129938,
    "R/Q": 0.06912507925821187,
    "R/W": 0.052957102282542336,
    "R/K": 0.004022918986016141,
    "R/T": 0.0014455592848719625,
    "R/I": 0.0006085174971372771,
    "R/M": 0.0005604283853100323,
    "G/S": 0.08388657126710419,
    "G/R": 0.05741975426682978,
    "G/C": 0.00809323628463125,
    "G/D": 0.020056060555347817,
    "G/A": 0.008577384126006239,
    "G/V": 0.01179039197305263,
    "G/E": 0.012792469857738483,
    "G/W": 0.0031026506956705465
}