{
    "F/I": 0.0006571927206827918,
    "F/L": 0.004852791870161844,
    "F/V": 0.0008001264149933179,
    "F/Y": 0.0005164578089435391,
    "F/S": 0.001846517666069582,
    "F/C": 0.0008658773607272105,
    "L/I": 0.0015425675825681163,
    "L/V": 0.0035692938946410096,
    "L/S": 0.0018274672508132046,
    "L/F": 0.005714571266685493,
    "L/M": 0.0013918384406916625,
    "L/W": 0.000456592869025593,
    "L/H": 0.0006469270230881722,
    "L/P": 0.007141010900035535,
    "L/R": 0.0016388949693411177,
    "L/Q": 0.000852615580664157,
    "I/L": 0.0011426059675030617,
    "I/V": 0.0057033007837068795,
    "I/F": 0.0009265776887893384,
    "I/N": 0.0010019502716406105,
    "I/T": 0.004366707790561577,
    "I/S": 0.0005857773481624459,
    "I/M": 0.0018169385767192385,
    "I/K": 0.00020426534736033605,
    "I/R": 0.00018781245372299582,
    "M/L": 0.001402701968575019,
    "M/V": 0.003756023866921896,
    "M/K": 0.0008468744885478504,
    "M/T": 0.004782765397299154,
    "M/R": 0.0007632140729282902,
    "M/I": 0.004195478015981457,
    "V/I": 0.015229668491638012,
    "V/L": 0.005556698325946993,
    "V/F": 0.001740817724587583,
    "V/D": 0.000861629795150329,
    "V/A": 0.006864268291936988,
    "V/G": 0.0019114199827309443,
    "V/E": 0.0008359662875415894,
    "V/M": 0.01361501888459013,
    "S/T": 0.011818769711118617,
    "S/P": 0.018124357524568015,
    "S/A": 0.005439331416710089,
    "S/Y": 0.006160774497253201,
    "S/C": 0.010051675730832498,
    "S/F": 0.019050321312258346,
    "S/L": 0.031914102804879656,
    "S/W": 0.0022055846442084136,
    "S/R": 0.015472625416073886,
    "S/G": 0.014411053054375402,
    "S/N": 0.02114865217408927,
    "S/I": 0.004745816962753428,
    "P/T": 0.008575794547030089,
    "P/A": 0.006263481228669429,
    "P/S": 0.024207716452310842,
    "P/H": 0.0038727475336831456,
    "P/R": 0.006344291972309897,
    "P/L": 0.04581396093173699,
    "P/Q": 0.0033846435785093495,
    "T/P": 0.0038014236834321025,
    "T/A": 0.013792244402576917,
    "T/S": 0.006571562133560356,
    "T/N": 0.004874952885350883,
    "T/I": 0.01931275165979119,
    "T/K": 0.0032795410910158684,
    "T/R": 0.0031318050502386154,
    "T/M": 0.027280093806169754,
    "A/T": 0.03580872521450784,
    "A/P": 0.0047039233872926516,
    "A/S": 0.006759044993941157,
    "A/D": 0.003509203847708552,
    "A/G": 0.0047168656833399365,
    "A/V": 0.030332627977135436,
    "A/E": 0.003082890310609909,
    "Y/N": 0.00047967191478811834,
    "Y/H": 0.002327895000735586,
    "Y/D": 0.00044536690301806786,
    "Y/S": 0.0005166560889691249,
    "Y/C": 0.003099039942161901,
    "Y/F": 0.000505452610181163,
    "H/N": 0.0024959685763263836,
    "H/D": 0.0020042287945594255,
    "H/Y": 0.0076021388366482165,
    "H/P": 0.0021412731780865754,
    "H/R": 0.010020451142182713,
    "H/L": 0.0019311731651843267,
    "H/Q": 0.006253113256520015,
    "Q/K": 0.0038327445085107803,
    "Q/E": 0.003065584881248118,
    "Q/P": 0.0026473960864910376,
    "Q/R": 0.010187953371920473,
    "Q/L": 0.0018451535646427828,
    "Q/H": 0.006566795064576238,
    "N/H": 0.001957786196193541,
    "N/D": 0.00473271907035621,
    "N/Y": 0.0012614036718405347,
    "N/T": 0.0018673405374832266,
    "N/S": 0.007862758478398131,
    "N/I": 0.0018140431771588642,
    "N/K": 0.006218141301013563,
    "K/Q": 0.001626767838362222,
    "K/E": 0.0039646367656177624,
    "K/T": 0.0014877529237547241,
    "K/R": 0.0039058389391566878,
    "K/I": 0.0004893030315223892,
    "K/N": 0.0036721314282274348,
    "K/M": 0.0005928747156740059,
    "D/N": 0.017723306011419714,
    "D/H": 0.0033677772789820213,
    "D/Y": 0.002790182411233889,
    "D/A": 0.0017125221293845746,
    "D/G": 0.0066680981171929705,
    "D/V": 0.0024593804308800753,
    "D/E": 0.006303628453909112,
    "E/K": 0.01940730417754099,
    "E/Q": 0.003830291621361237,
    "E/A": 0.00174699846891524,
    "E/G": 0.00502733498883803,
    "E/V": 0.0013517483296466004,
    "E/D": 0.00506792670385461,
    "C/S": 0.0010147033546864322,
    "C/R": 0.0021196566536624173,
    "C/G": 0.0004786370256733154,
    "C/Y": 0.0024682696651406703,
    "C/F": 0.0008938864746136812,
    "C/W": 0.0006329779033966627,
    "W/R": 0.0013361306172863122,
    "W/G": 0.0002567759319467077,
    "W/S": 0.00022733222673162185,
    "W/L": 0.0003134454110254023,
    "W/C": 0.0008196272393208276,
    "R/S": 0.005230828083202954,
    "R/G": 0.00840910712814433,
    "R/C": 0.03127563302935785,
    "R/H": 0.03468692068379176,
    "R/P": 0.004167201387148165,
    "R/L": 0.004872232469873675,
    "R/Q": 0.03583335632949698,
    "R/W": 0.023174515377133952,
    "R/K": 0.005241759706379341,
    "R/T": 0.0020014291467473407,
    "R/I": 0.0009650095600121871,
    "R/M": 0.0006441425488389419,
    "G/S": 0.028713516077112453,
    "G/R": 0.030338688717163685,
    "G/C": 0.0037536319344495246,
    "G/D": 0.01231233118967858,
    "G/A": 0.006309824917977665,
    "G/V": 0.00844912184080984,
    "G/E": 0.011769721259154459,
    "G/W": 0.0018289489636561058
}