{
    "F/I": 0.000368870037202241,
    "F/L": 0.0026470056779874167,
    "F/V": 0.0004433847316500755,
    "F/Y": 0.000285111384547097,
    "F/S": 0.001020357239666688,
    "F/C": 0.00047804656456396804,
    "L/I": 0.0014138749293031154,
    "L/V": 0.0030787082336882145,
    "L/S": 0.001735046225933491,
    "L/F": 0.00511283577208847,
    "L/M": 0.0011251333937645552,
    "L/W": 0.0003970473597412859,
    "L/H": 0.0005636188061931725,
    "L/P": 0.006001926385823149,
    "L/R": 0.001377028158193403,
    "L/Q": 0.0006886252843002957,
    "I/L": 0.0015970283370806135,
    "I/V": 0.00785391313478366,
    "I/F": 0.001278442776963423,
    "I/N": 0.001453396309302129,
    "I/T": 0.0059964779369908565,
    "I/S": 0.0008098856032363565,
    "I/M": 0.0024847502480289238,
    "I/K": 0.00029195961005871486,
    "I/R": 0.0002684432355352301,
    "M/L": 0.0018460971752156969,
    "M/V": 0.0051268798067191056,
    "M/K": 0.0011206516359913818,
    "M/T": 0.006328935325749187,
    "M/R": 0.0010099455244015274,
    "M/I": 0.005548479471449124,
    "V/I": 0.015652437902584044,
    "V/L": 0.007466208540852037,
    "V/F": 0.0023500553670237037,
    "V/D": 0.0012681257855637776,
    "V/A": 0.00985369127250294,
    "V/G": 0.0027623091392510275,
    "V/E": 0.0011885445258965253,
    "V/M": 0.016866848224004097,
    "S/T": 0.009639598859246198,
    "S/P": 0.015223402728123623,
    "S/A": 0.0046544315820353,
    "S/Y": 0.005457861483721171,
    "S/C": 0.008732370820899747,
    "S/F": 0.01660011297578561,
    "S/L": 0.02150759304531263,
    "S/W": 0.0013775293067735585,
    "S/R": 0.011749769001750355,
    "S/G": 0.011693038360346202,
    "S/N": 0.017049581652226267,
    "S/I": 0.0038255191253567665,
    "P/T": 0.01223297256144599,
    "P/A": 0.008809784303822328,
    "P/S": 0.03426913174681311,
    "P/H": 0.00548336088283626,
    "P/R": 0.008601167048648443,
    "P/L": 0.055958712521956985,
    "P/Q": 0.004279150916310809,
    "T/P": 0.012461748296507189,
    "T/A": 0.04492634357062766,
    "T/S": 0.02145422538361083,
    "T/N": 0.016868402918792838,
    "T/I": 0.06421966652854287,
    "T/K": 0.009413600702293886,
    "T/R": 0.009033329444173014,
    "T/M": 0.06729208922199682,
    "A/T": 0.038829723896433826,
    "A/P": 0.005954302133226718,
    "A/S": 0.008198503001785732,
    "A/D": 0.004956162618085023,
    "A/G": 0.005916527947177766,
    "A/V": 0.03287401255141486,
    "A/E": 0.003251127055730793,
    "Y/N": 0.0002164416910661263,
    "Y/H": 0.000922771058703816,
    "Y/D": 0.00019070544820040398,
    "Y/S": 0.0002137321409333656,
    "Y/C": 0.0013205319152986225,
    "Y/F": 0.000212762894661982,
    "H/N": 0.0012243281900580574,
    "H/D": 0.0010079777830643692,
    "H/Y": 0.0038134381843565003,
    "H/P": 0.0010832160618062605,
    "H/R": 0.0051080087572937,
    "H/L": 0.0009829047708913312,
    "H/Q": 0.0029681729898603615,
    "Q/K": 0.00248141256460755,
    "Q/E": 0.002032853878039142,
    "Q/P": 0.0017387940813670326,
    "Q/R": 0.006650130376129437,
    "Q/L": 0.0012048251374289314,
    "Q/H": 0.004312152969235176,
    "N/H": 0.001094229716823857,
    "N/D": 0.0026355278647720326,
    "N/Y": 0.0007107647852779135,
    "N/T": 0.0010529652058934972,
    "N/S": 0.004361886168670095,
    "N/I": 0.0010144633396487507,
    "N/K": 0.0034337810731227478,
    "K/Q": 0.0012451549321820991,
    "K/E": 0.002973906176145475,
    "K/T": 0.0011441784111367902,
    "K/R": 0.0029179897299393977,
    "K/I": 0.00040500204865427663,
    "K/N": 0.002771078726072865,
    "K/M": 0.00041663455650772747,
    "D/N": 0.007817711657336754,
    "D/H": 0.0019538604110132963,
    "D/Y": 0.001649904135414921,
    "D/A": 0.0011029310570267452,
    "D/G": 0.004270364932188543,
    "D/V": 0.0015646894281749416,
    "D/E": 0.003994500711917382,
    "E/K": 0.017889810229157546,
    "E/Q": 0.004452303133478381,
    "E/A": 0.002202902658637166,
    "E/G": 0.006292085547011732,
    "E/V": 0.0016622349352380307,
    "E/D": 0.006177715602205641,
    "C/S": 0.0002836086043414546,
    "C/R": 0.0005960347830950441,
    "C/G": 0.0001264276005828991,
    "C/Y": 0.0006852213079148459,
    "C/F": 0.0002509124259670823,
    "C/W": 0.00018814498180262716,
    "W/R": 0.0009793757209666883,
    "W/G": 0.00018304934428070536,
    "W/S": 0.000165793281046273,
    "W/L": 0.00022859558396068984,
    "W/C": 0.0005749518220689627,
    "R/S": 0.0028991897647990374,
    "R/G": 0.004603255840612032,
    "R/C": 0.015105815021274454,
    "R/H": 0.016552931558482614,
    "R/P": 0.0018562979268195163,
    "R/L": 0.0022093499067219933,
    "R/Q": 0.015135961754657192,
    "R/W": 0.010439618712114337,
    "R/K": 0.003331802936390372,
    "R/T": 0.0012621566918315375,
    "R/I": 0.0005987791166516234,
    "R/M": 0.0004167391783380909,
    "G/S": 0.015122007251408444,
    "G/R": 0.019942601647931463,
    "G/C": 0.0022708683345585953,
    "G/D": 0.008309852980041586,
    "G/A": 0.004499751830257221,
    "G/V": 0.006098523475443888,
    "G/E": 0.008906932358361807,
    "G/W": 0.0013267289229842586
}