{
    "F/I": 0.00025385011107652186,
    "F/L": 0.002009420949743167,
    "F/V": 0.0003024859120147584,
    "F/Y": 0.00018584728011383645,
    "F/S": 0.0006945744276800917,
    "F/C": 0.0003127342716258565,
    "L/I": 0.0007092748263560456,
    "L/V": 0.002245440953080288,
    "L/S": 0.0006031012867739368,
    "L/F": 0.002820013141808879,
    "L/M": 0.0012311624387074654,
    "L/W": 0.0001992120385254122,
    "L/H": 0.0003331851626793891,
    "L/P": 0.005507126401537367,
    "L/R": 0.0012190076108283979,
    "L/Q": 0.0007810735587359802,
    "I/L": 0.0003271856674359343,
    "I/V": 0.001737407424635724,
    "I/F": 0.00037255901280304346,
    "I/N": 0.0004051239141601346,
    "I/T": 0.0012460337584705246,
    "I/S": 0.0002151166428376435,
    "I/M": 0.0006281607867097773,
    "I/K": 2.9044845337810153e-05,
    "I/R": 2.670537974939103e-05,
    "M/L": 0.0005796120398805542,
    "M/V": 0.0014144018134493231,
    "M/K": 0.000332249661711642,
    "M/T": 0.0018763963335624828,
    "M/R": 0.00029942762590334066,
    "M/I": 0.0015686604097521,
    "V/I": 0.009914686130166347,
    "V/L": 0.004145710475817435,
    "V/F": 0.0009484681731820168,
    "V/D": 0.00038265164393655536,
    "V/A": 0.004115384656306054,
    "V/G": 0.0011355658875722787,
    "V/E": 0.0006048822894949711,
    "V/M": 0.013739260844557117,
    "S/T": 0.0030760175300604594,
    "S/P": 0.004248398492022108,
    "S/A": 0.0012788814460460267,
    "S/Y": 0.0012734739149269096,
    "S/C": 0.002334899146812769,
    "S/F": 0.0041258103891824716,
    "S/L": 0.02120014163801607,
    "S/W": 0.001745658383472737,
    "S/R": 0.006332381933053951,
    "S/G": 0.004343883833227407,
    "S/N": 0.0063905527059830046,
    "S/I": 0.00143658945569926,
    "P/T": 0.006531014463263417,
    "P/A": 0.004792397099615564,
    "P/S": 0.01842760574776449,
    "P/H": 0.002823541706760115,
    "P/R": 0.006255680998847365,
    "P/L": 0.07141456570962523,
    "P/Q": 0.004529967735607098,
    "T/P": 0.0012616076937446705,
    "T/A": 0.004500834292924334,
    "T/S": 0.002147660712652085,
    "T/N": 0.0017265587023150382,
    "T/I": 0.005479911001060809,
    "T/K": 0.001566765140221725,
    "T/R": 0.0014658284807988876,
    "T/M": 0.020667245373790305,
    "A/T": 0.07857858004336153,
    "A/P": 0.0077940343853324864,
    "A/S": 0.011501280561767285,
    "A/D": 0.004156166419227236,
    "A/G": 0.008915711721114238,
    "A/V": 0.09323232599999302,
    "A/E": 0.008583833060939357,
    "Y/N": 0.00016059974762248615,
    "Y/H": 0.0008265607982665736,
    "Y/D": 0.00015662739837963638,
    "Y/S": 0.0001822630768472532,
    "Y/C": 0.001044939300810147,
    "Y/F": 0.00017371131797430274,
    "H/N": 0.0005657990668758205,
    "H/D": 0.00040467576472058743,
    "H/Y": 0.001602396366165928,
    "H/P": 0.000454883651290489,
    "H/R": 0.0019266679003857282,
    "H/L": 0.00037924075944675205,
    "H/Q": 0.0017270771153934722,
    "Q/K": 0.001875428492293765,
    "Q/E": 0.001311534883046565,
    "Q/P": 0.0011326020939007055,
    "Q/R": 0.004740562212481382,
    "Q/L": 0.000854761182086709,
    "Q/H": 0.002907536087697496,
    "N/H": 0.0004134873803195319,
    "N/D": 0.001018291620548441,
    "N/Y": 0.0002529841816686638,
    "N/T": 0.0004095822713834527,
    "N/S": 0.0016176711622376623,
    "N/I": 0.0003853092508335874,
    "N/K": 0.0016507228339395792,
    "K/Q": 0.0009293785278237393,
    "K/E": 0.0023000598537889745,
    "K/T": 0.0007817244971966904,
    "K/R": 0.002374480433850733,
    "K/I": 0.00014940562662909968,
    "K/N": 0.0021632045195191327,
    "K/M": 0.0004590998986786116,
    "D/N": 0.0335199690260129,
    "D/H": 0.0042853411567077525,
    "D/Y": 0.0034864473307950777,
    "D/A": 0.001855512002785973,
    "D/G": 0.006938177473297228,
    "D/V": 0.002436246948107422,
    "D/E": 0.010471593112462048,
    "E/K": 0.05856844704012163,
    "E/Q": 0.00814555341628143,
    "E/A": 0.0031072998365422318,
    "E/G": 0.0091733920631276,
    "E/V": 0.002611613860152321,
    "E/D": 0.00914421702748796,
    "C/S": 0.00037421852072332546,
    "C/R": 0.0008145890948928771,
    "C/G": 0.00019254514800830396,
    "C/Y": 0.0008807726679639053,
    "C/F": 0.0003654577985216673,
    "C/W": 0.00036655903287303673,
    "W/R": 0.0008317166156163895,
    "W/G": 0.00016042946679430627,
    "W/S": 0.00014226095565044862,
    "W/L": 0.00019614924094929815,
    "W/C": 0.0005197609390460114,
    "R/S": 0.003788431905077074,
    "R/G": 0.006441469759270302,
    "R/C": 0.0337230196407649,
    "R/H": 0.03453068826258321,
    "R/P": 0.004668391336610297,
    "R/L": 0.005995585807916661,
    "R/Q": 0.04830967667775644,
    "R/W": 0.04029417302438942,
    "R/K": 0.002108111606807423,
    "R/T": 0.0006902881594507988,
    "R/I": 0.00022074134474095477,
    "R/M": 0.0003427574196326441,
    "G/S": 0.04778043804720561,
    "G/R": 0.0453808255205231,
    "G/C": 0.004686004252177284,
    "G/D": 0.011232124007056869,
    "G/A": 0.005394536573536355,
    "G/V": 0.007122998221528099,
    "G/E": 0.008991306984669035,
    "G/W": 0.0027848806913296294
}