{
    "F/I": 0.0002533008625164865,
    "F/L": 0.0020050732204533474,
    "F/V": 0.00030183143149906935,
    "F/Y": 0.00018544516742396554,
    "F/S": 0.0006930715959396493,
    "F/C": 0.0003120576170140631,
    "L/I": 0.0007100062834898714,
    "L/V": 0.002245864642342493,
    "L/S": 0.0006017963729729885,
    "L/F": 0.002823887954326821,
    "L/M": 0.0012304149113836573,
    "L/W": 0.000198781008872371,
    "L/H": 0.0003336668238769526,
    "L/P": 0.005506570915532767,
    "L/R": 0.0012191082723807026,
    "L/Q": 0.0007807045728401989,
    "I/L": 0.000326477744733276,
    "I/V": 0.0017336482435893615,
    "I/F": 0.0003717529170308475,
    "I/N": 0.00040424735859927744,
    "I/T": 0.0012433377492204476,
    "I/S": 0.00021465120082614643,
    "I/M": 0.0006268016523524675,
    "I/K": 2.8982001798326995e-05,
    "I/R": 2.6647598047778428e-05,
    "M/L": 0.0005783579491222974,
    "M/V": 0.0014113415108319481,
    "M/K": 0.0003315307821827205,
    "M/T": 0.0018723364260056408,
    "M/R": 0.0002987797625178776,
    "M/I": 0.0015652663420182432,
    "V/I": 0.009893233994269685,
    "V/L": 0.004144444085548401,
    "V/F": 0.0009464159984709231,
    "V/D": 0.00038182371101371356,
    "V/A": 0.004113996639554644,
    "V/G": 0.0011351616160442132,
    "V/E": 0.0006051684838384957,
    "V/M": 0.013720686168223951,
    "S/T": 0.0030716037861798066,
    "S/P": 0.004239206348105748,
    "S/A": 0.0012761143651504625,
    "S/Y": 0.0012707185341589047,
    "S/C": 0.002331080946547657,
    "S/F": 0.004116883485799892,
    "S/L": 0.0211542714699163,
    "S/W": 0.0017418813500518337,
    "S/R": 0.006325684730075824,
    "S/G": 0.004338559547311213,
    "S/N": 0.006385477122937831,
    "S/I": 0.0014354534928368208,
    "P/T": 0.006529680595347272,
    "P/A": 0.004791840193249516,
    "P/S": 0.018424751065139904,
    "P/H": 0.0028212650971132236,
    "P/R": 0.00625737715198111,
    "P/L": 0.07148401125911277,
    "P/Q": 0.004533305017374212,
    "T/P": 0.0012588779875957145,
    "T/A": 0.004491095960552279,
    "T/S": 0.002143013877758587,
    "T/N": 0.0017228229943531963,
    "T/I": 0.005468054267125612,
    "T/K": 0.001563375173230846,
    "T/R": 0.0014626569077043426,
    "T/M": 0.020622528218799462,
    "A/T": 0.0784594880594765,
    "A/P": 0.007790047726224467,
    "A/S": 0.011493858956103966,
    "A/D": 0.004153946259247204,
    "A/G": 0.008917569393707449,
    "A/V": 0.09325776335323882,
    "A/E": 0.008590268960394274,
    "Y/N": 0.00016147150606675502,
    "Y/H": 0.0008315597137688041,
    "Y/D": 0.00015741901736384526,
    "Y/S": 0.0001834090743306669,
    "Y/C": 0.0010501413017145371,
    "Y/F": 0.00017467332143670698,
    "H/N": 0.0005645748628704215,
    "H/D": 0.0004038001788084466,
    "H/Y": 0.0015989293048635314,
    "H/P": 0.00045389943194390145,
    "H/R": 0.0019224992216112123,
    "H/L": 0.00037842020656162823,
    "H/Q": 0.0017233402857553953,
    "Q/K": 0.001873621051193756,
    "Q/E": 0.0013102380347790482,
    "Q/P": 0.0011317293886830655,
    "Q/R": 0.004737573450678987,
    "Q/L": 0.0008542161980694492,
    "Q/H": 0.002905359917567746,
    "N/H": 0.00041259272895510996,
    "N/D": 0.0010160883707491385,
    "N/Y": 0.00025243680669646476,
    "N/T": 0.00040869606939670014,
    "N/S": 0.001614171051275718,
    "N/I": 0.00038447556771920477,
    "N/K": 0.0016471512099772581,
    "K/Q": 0.0009273676568575214,
    "K/E": 0.0022950832770314094,
    "K/T": 0.0007800331012283813,
    "K/R": 0.002369342835314361,
    "K/I": 0.00014908236175070663,
    "K/N": 0.0021585240529147687,
    "K/M": 0.00045810655675257406,
    "D/N": 0.03344744278349171,
    "D/H": 0.004276069080955647,
    "D/Y": 0.0034789037998194266,
    "D/A": 0.0018514972820858852,
    "D/G": 0.006923165527979113,
    "D/V": 0.002430975707049209,
    "D/E": 0.010448936012120807,
    "E/K": 0.058477248538797204,
    "E/Q": 0.008137345522595575,
    "E/A": 0.0031061114210429452,
    "E/G": 0.009169830140377158,
    "E/V": 0.0026105671381087756,
    "E/D": 0.009140781704257478,
    "C/S": 0.0003809901819654657,
    "C/R": 0.0008276066017989371,
    "C/G": 0.00019565205993250792,
    "C/Y": 0.0008972957761643954,
    "C/F": 0.0003710504352715241,
    "C/W": 0.0003741831680386219,
    "W/R": 0.0008299170530652939,
    "W/G": 0.00016008234993368986,
    "W/S": 0.00014195314950173787,
    "W/L": 0.000195724838187816,
    "W/C": 0.0005186363464818286,
    "R/S": 0.003795291028026322,
    "R/G": 0.006459289797578932,
    "R/C": 0.033747128470827996,
    "R/H": 0.03455520982639154,
    "R/P": 0.004682022725202278,
    "R/L": 0.006010307883180523,
    "R/Q": 0.048501558098777604,
    "R/W": 0.04040867166365854,
    "R/K": 0.0021122926417483307,
    "R/T": 0.0006910301804560834,
    "R/I": 0.00022026373271539734,
    "R/M": 0.0003438950124730035,
    "G/S": 0.04771196030397512,
    "G/R": 0.04552113794227685,
    "G/C": 0.004687162308756513,
    "G/D": 0.011244719108628488,
    "G/A": 0.005400633736563281,
    "G/V": 0.007130258441570804,
    "G/E": 0.00899981541210387,
    "G/W": 0.002794152708769439
}