{
    "F/I": 0.0006648713217496166,
    "F/L": 0.0048594036502876735,
    "F/V": 0.0008089349442183483,
    "F/Y": 0.0005104282749641982,
    "F/S": 0.0018245843133489108,
    "F/C": 0.0008557540986247175,
    "L/I": 0.001565913945763245,
    "L/V": 0.0036306986172632157,
    "L/S": 0.0018061058579233531,
    "L/F": 0.005746802927358393,
    "L/M": 0.0014199110048286286,
    "L/W": 0.0004522729704165841,
    "L/H": 0.0006406708270002544,
    "L/P": 0.007100416670202221,
    "L/R": 0.0016286358372933397,
    "L/Q": 0.0008496373717421143,
    "I/L": 0.001175606080582128,
    "I/V": 0.005853274767954838,
    "I/F": 0.0009496960369171286,
    "I/N": 0.0009959681582766336,
    "I/T": 0.004330974920361614,
    "I/S": 0.0005817190258409663,
    "I/M": 0.001805315071321935,
    "I/K": 0.00020223599576723098,
    "I/R": 0.00018594655964407857,
    "M/L": 0.001426024761526456,
    "M/V": 0.0038083744342963743,
    "M/K": 0.0008383957845886603,
    "M/T": 0.004734881498966745,
    "M/R": 0.0007555729569549722,
    "M/I": 0.004151750915709102,
    "V/I": 0.015433304154204505,
    "V/L": 0.005646163847849822,
    "V/F": 0.001772050252391596,
    "V/D": 0.0008575379718484643,
    "V/A": 0.006822463361379649,
    "V/G": 0.001900299005455188,
    "V/E": 0.0008295283443357255,
    "V/M": 0.01395824785599055,
    "S/T": 0.011752934925526112,
    "S/P": 0.018082234625022186,
    "S/A": 0.005427463197070702,
    "S/Y": 0.006088799483330055,
    "S/C": 0.009971750886310365,
    "S/F": 0.018838837458256777,
    "S/L": 0.03162334073309478,
    "S/W": 0.0021879536522268115,
    "S/R": 0.01539325390314162,
    "S/G": 0.014434983943395627,
    "S/N": 0.020976608386385327,
    "S/I": 0.004707311027041308,
    "P/T": 0.008628708919001317,
    "P/A": 0.006302470778202184,
    "P/S": 0.02435949827617927,
    "P/H": 0.003856371068644652,
    "P/R": 0.0063203318593350166,
    "P/L": 0.04573526238930794,
    "P/Q": 0.0033717036515594876,
    "T/P": 0.003841120817210861,
    "T/A": 0.013930189811396395,
    "T/S": 0.006610709101580908,
    "T/N": 0.004896110939200997,
    "T/I": 0.019304167343912205,
    "T/K": 0.0032428672069875295,
    "T/R": 0.003097279417898356,
    "T/M": 0.026850249333667312,
    "A/T": 0.036064766634536685,
    "A/P": 0.004751958817020926,
    "A/S": 0.006830674848329875,
    "A/D": 0.003480134860424386,
    "A/G": 0.00468191029500362,
    "A/V": 0.030167161580804364,
    "A/E": 0.003062571560782459,
    "Y/N": 0.0004851915949798497,
    "Y/H": 0.0023592908121910093,
    "Y/D": 0.00045092580019962094,
    "Y/S": 0.0005120863116970607,
    "Y/C": 0.0030673299378199373,
    "Y/F": 0.0005005727143098568,
    "H/N": 0.002501969598509713,
    "H/D": 0.0020058533440571913,
    "H/Y": 0.007613701551186937,
    "H/P": 0.002113812233400167,
    "H/R": 0.009887899230697453,
    "H/L": 0.001905786002237046,
    "H/Q": 0.006193582808232412,
    "Q/K": 0.003835450239907221,
    "Q/E": 0.0030647948099862105,
    "Q/P": 0.0026165565173882793,
    "Q/R": 0.010071747669297873,
    "Q/L": 0.0018240827328964801,
    "Q/H": 0.006493079359614405,
    "N/H": 0.0019674466651399686,
    "N/D": 0.004758814847141259,
    "N/Y": 0.0012694178847598644,
    "N/T": 0.0018467585847512273,
    "N/S": 0.007777803277931308,
    "N/I": 0.001794249704760395,
    "N/K": 0.006151451539104312,
    "K/Q": 0.0016501144584228189,
    "K/E": 0.004020740706614309,
    "K/T": 0.0014745669158213106,
    "K/R": 0.00387056633471496,
    "K/I": 0.0004851852573014431,
    "K/N": 0.003638511105027196,
    "K/M": 0.000587320022299442,
    "D/N": 0.017710514908219503,
    "D/H": 0.0033687013453513547,
    "D/Y": 0.0027930350799443074,
    "D/A": 0.001696226957545009,
    "D/G": 0.006604456378193528,
    "D/V": 0.0024358250580686657,
    "D/E": 0.006251764148247421,
    "E/K": 0.019669423972413357,
    "E/Q": 0.0038585876398454034,
    "E/A": 0.0017331934328605543,
    "E/G": 0.004987564672233798,
    "E/V": 0.0013410275881002688,
    "E/D": 0.005028734591521322,
    "C/S": 0.0010225178654448977,
    "C/R": 0.0021656765915857436,
    "C/G": 0.0004889061531557568,
    "C/Y": 0.0024651454825200415,
    "C/F": 0.0008931002563155329,
    "C/W": 0.000633048565158799,
    "W/R": 0.001365834146080547,
    "W/G": 0.00026194205963965767,
    "W/S": 0.00022859470493870297,
    "W/L": 0.00031518611451570276,
    "W/C": 0.0008227330923355257,
    "R/S": 0.005236907689025972,
    "R/G": 0.00849698919499448,
    "R/C": 0.03171046047135505,
    "R/H": 0.03456857747055349,
    "R/P": 0.0041538826463371125,
    "R/L": 0.004857636071766153,
    "R/Q": 0.03574075735784635,
    "R/W": 0.023564169275122344,
    "R/K": 0.005193634276936792,
    "R/T": 0.0019792770036416506,
    "R/I": 0.0009506360169510762,
    "R/M": 0.0006409859593808874,
    "G/S": 0.029025475666603816,
    "G/R": 0.030505095753801243,
    "G/C": 0.0037924025184995734,
    "G/D": 0.012264860592122874,
    "G/A": 0.006261877501907267,
    "G/V": 0.008388978692029748,
    "G/E": 0.011637576308822024,
    "G/W": 0.0018393520287305041
}