{
    "F/I": 0.0005101808913278255,
    "F/L": 0.003729000164024232,
    "F/V": 0.0006158759372810814,
    "F/Y": 0.00039096680229098383,
    "F/S": 0.0013886693372180804,
    "F/C": 0.0006551330233379364,
    "L/I": 0.0018841200005822443,
    "L/V": 0.00461298239737538,
    "L/S": 0.002271836953808171,
    "L/F": 0.006913297662392917,
    "L/M": 0.0019193918909036767,
    "L/W": 0.0006023357513655655,
    "L/H": 0.0007668761889429197,
    "L/P": 0.009438888305724718,
    "L/R": 0.0021320396917397363,
    "L/Q": 0.0011827092422504527,
    "I/L": 0.0011586034322470802,
    "I/V": 0.005510693096307777,
    "I/F": 0.0009124769584430983,
    "I/N": 0.0009648859745333775,
    "I/T": 0.0044703990096980235,
    "I/S": 0.0005698635182214095,
    "I/M": 0.0019453051989106044,
    "I/K": 0.0002303720715562938,
    "I/R": 0.00021181636820616505,
    "M/L": 0.001497336078002567,
    "M/V": 0.003819586010482877,
    "M/K": 0.0009064586361819728,
    "M/T": 0.0051192698066133396,
    "M/R": 0.0008169120655030533,
    "M/I": 0.0044499473171492505,
    "V/I": 0.016591239134958604,
    "V/L": 0.007236969592636927,
    "V/F": 0.002113469838579829,
    "V/D": 0.0010510152637282302,
    "V/A": 0.009019225959684766,
    "V/G": 0.002502356230706874,
    "V/E": 0.0011461926670551534,
    "V/M": 0.017252999502126425,
    "S/T": 0.007450109278812125,
    "S/P": 0.011130991499443538,
    "S/A": 0.003326536649885758,
    "S/Y": 0.0036479914402456366,
    "S/C": 0.006123969228843229,
    "S/F": 0.011004384920581447,
    "S/L": 0.02062355160247983,
    "S/W": 0.001428289161888261,
    "S/R": 0.009956668730295317,
    "S/G": 0.00862336157753127,
    "S/N": 0.013463018935328995,
    "S/I": 0.0030193049186153604,
    "P/T": 0.01037003229346843,
    "P/A": 0.007483647464390704,
    "P/S": 0.029024557984054136,
    "P/H": 0.004531173773006933,
    "P/R": 0.007515907933046128,
    "P/L": 0.053839307014006084,
    "P/Q": 0.004072267066361424,
    "T/P": 0.0034259175280646303,
    "T/A": 0.012290290387971303,
    "T/S": 0.005812819475076947,
    "T/N": 0.00399805600513608,
    "T/I": 0.017390306291200287,
    "T/K": 0.0031720378366337666,
    "T/R": 0.003034995470003957,
    "T/M": 0.024914431454801617,
    "A/T": 0.03806476629443325,
    "A/P": 0.005478645376368259,
    "A/S": 0.007760950603942874,
    "A/D": 0.004046147541746979,
    "A/G": 0.0056421126632934145,
    "A/V": 0.036483092484706346,
    "A/E": 0.003775373411237103,
    "Y/N": 0.0003287110630583045,
    "Y/H": 0.0016436464636363395,
    "Y/D": 0.0003115887576540839,
    "Y/S": 0.00035422806479664233,
    "Y/C": 0.002165827559099903,
    "Y/F": 0.0003504562590430687,
    "H/N": 0.0015809968874929106,
    "H/D": 0.00122163322143352,
    "H/Y": 0.004642987092286913,
    "H/P": 0.0013183133089087926,
    "H/R": 0.006336658704013732,
    "H/L": 0.001214653301193068,
    "H/Q": 0.003933078569954663,
    "Q/K": 0.004477406695023889,
    "Q/E": 0.003444757953142985,
    "Q/P": 0.0030083685130757806,
    "Q/R": 0.011693444159354943,
    "Q/L": 0.0021166548526509376,
    "Q/H": 0.007284656310076195,
    "N/H": 0.0013371230806214372,
    "N/D": 0.0031769130283351645,
    "N/Y": 0.0008499704486810897,
    "N/T": 0.0012669314403308692,
    "N/S": 0.005515280111449814,
    "N/I": 0.0012520251381310573,
    "N/K": 0.004459262854280735,
    "K/Q": 0.002131656061169002,
    "K/E": 0.005179193629430452,
    "K/T": 0.0019418261477985787,
    "K/R": 0.0052535754315001515,
    "K/I": 0.0005866178648666915,
    "K/N": 0.004791792881115942,
    "K/M": 0.0008451166419189714,
    "D/N": 0.02709296185891414,
    "D/H": 0.005637411693775393,
    "D/Y": 0.004747665873616318,
    "D/A": 0.0029688688457196757,
    "D/G": 0.011679338541020663,
    "D/V": 0.004358773079706998,
    "D/E": 0.011424235660699566,
    "E/K": 0.04484547777378775,
    "E/Q": 0.009393208218342835,
    "E/A": 0.0043841954537599545,
    "E/G": 0.012634618442728842,
    "E/V": 0.003408612878644004,
    "E/D": 0.012538366831717123,
    "C/S": 0.0010311036636858147,
    "C/R": 0.0021357428166064864,
    "C/G": 0.0004752184647167125,
    "C/Y": 0.0025013788316210297,
    "C/F": 0.0008534478933779605,
    "C/W": 0.0005987746695883008,
    "W/R": 0.0014327337632080131,
    "W/G": 0.000274847982866703,
    "W/S": 0.0002471784527353853,
    "W/L": 0.00034080936446257375,
    "W/C": 0.0008747641872509995,
    "R/S": 0.004546439502876762,
    "R/G": 0.007289437828770988,
    "R/C": 0.021911139231237428,
    "R/H": 0.024668264037248578,
    "R/P": 0.003238203711297629,
    "R/L": 0.003795490792892509,
    "R/Q": 0.030741835443672736,
    "R/W": 0.021796957818152843,
    "R/K": 0.005153350967778764,
    "R/T": 0.0019164790365582848,
    "R/I": 0.0008739956696072965,
    "R/M": 0.000670654887957275,
    "G/S": 0.022440375434544035,
    "G/R": 0.02826900678204336,
    "G/C": 0.003137816379857739,
    "G/D": 0.010632085826790516,
    "G/A": 0.005767085084742074,
    "G/V": 0.007680885755572536,
    "G/E": 0.011240548695568842,
    "G/W": 0.001898147105748871
}