{
    "F/I": 0.0006919644034172125,
    "F/L": 0.005105952376864902,
    "F/V": 0.0008380139750443496,
    "F/Y": 0.0005305143512401589,
    "F/S": 0.0018946186526780547,
    "F/C": 0.0008893618828033504,
    "L/I": 0.0017690527811446645,
    "L/V": 0.004265872642971152,
    "L/S": 0.0022561143654493327,
    "L/F": 0.006520675818460155,
    "L/M": 0.0017503767943923094,
    "L/W": 0.0005673051769929834,
    "L/H": 0.0007088833003872825,
    "L/P": 0.008566386634655464,
    "L/R": 0.0019402086076213006,
    "L/Q": 0.0010650742771774993,
    "I/L": 0.0013414708121380142,
    "I/V": 0.006385890922963602,
    "I/F": 0.001020897521906064,
    "I/N": 0.0010597476680355446,
    "I/T": 0.005197524959443545,
    "I/S": 0.0006413540133635467,
    "I/M": 0.0021639023231430476,
    "I/K": 0.00027859186089426643,
    "I/R": 0.00025615221405864293,
    "M/L": 0.001506748257360857,
    "M/V": 0.003907651367597592,
    "M/K": 0.0009138964592034376,
    "M/T": 0.005161275278568562,
    "M/R": 0.0008236151263210287,
    "M/I": 0.0044767044576636324,
    "V/I": 0.016113465021929185,
    "V/L": 0.006476345079006204,
    "V/F": 0.0019222676981897214,
    "V/D": 0.0009451144837462175,
    "V/A": 0.007978524625963417,
    "V/G": 0.0022129533693149876,
    "V/E": 0.001001994339152341,
    "V/M": 0.015315618797171372,
    "S/T": 0.0066621292354492505,
    "S/P": 0.010074889651755771,
    "S/A": 0.0030186422769050672,
    "S/Y": 0.003341760078291198,
    "S/C": 0.005532500505741493,
    "S/F": 0.010229851283687065,
    "S/L": 0.02048334829266049,
    "S/W": 0.001461240790673555,
    "S/R": 0.008891009865393533,
    "S/G": 0.007877843645310474,
    "S/N": 0.011995553156309787,
    "S/I": 0.0026910313293578357,
    "P/T": 0.00919293603762378,
    "P/A": 0.006617041977706389,
    "P/S": 0.025678948659548548,
    "P/H": 0.00408837662375376,
    "P/R": 0.006987174936404077,
    "P/L": 0.054658669219808706,
    "P/Q": 0.003938142641124632,
    "T/P": 0.0029232843101961274,
    "T/A": 0.010560407988501296,
    "T/S": 0.00503867301328572,
    "T/N": 0.0036416108295787425,
    "T/I": 0.014909835484380726,
    "T/K": 0.002635904269761293,
    "T/R": 0.0025182354983847993,
    "T/M": 0.021656341589836977,
    "A/T": 0.04362847100650948,
    "A/P": 0.005372311994431135,
    "A/S": 0.007730895167174933,
    "A/D": 0.003742033484524109,
    "A/G": 0.005601844833436584,
    "A/V": 0.041931874994779635,
    "A/E": 0.004099975463949902,
    "Y/N": 0.0005472745216969975,
    "Y/H": 0.002648752027035923,
    "Y/D": 0.0005094016991262709,
    "Y/S": 0.0005793468651045636,
    "Y/C": 0.0035529555980335146,
    "Y/F": 0.0005741967012689884,
    "H/N": 0.0015830982003469296,
    "H/D": 0.0012489292162901774,
    "H/Y": 0.004743213163627998,
    "H/P": 0.00133646080793142,
    "H/R": 0.006362799118891052,
    "H/L": 0.0012219976289561132,
    "H/Q": 0.003890421641026403,
    "Q/K": 0.0033472576307028265,
    "Q/E": 0.0026204478460697296,
    "Q/P": 0.0022928495308151883,
    "Q/R": 0.008780853550885223,
    "Q/L": 0.0015907375959032005,
    "Q/H": 0.005579323248173354,
    "N/H": 0.0016039353279355606,
    "N/D": 0.0038260219349536446,
    "N/Y": 0.001048310670277437,
    "N/T": 0.0015216307631526712,
    "N/S": 0.006625364067295642,
    "N/I": 0.0015038821111522935,
    "N/K": 0.005119118938728521,
    "K/Q": 0.002610187721269387,
    "K/E": 0.0063089153618066,
    "K/T": 0.0024235974866151175,
    "K/R": 0.006335530473970187,
    "K/I": 0.0008061843170800569,
    "K/N": 0.005906327627051052,
    "K/M": 0.0009533500333379391,
    "D/N": 0.01965002154590418,
    "D/H": 0.003981210302056862,
    "D/Y": 0.0033385644157284075,
    "D/A": 0.002067235054207219,
    "D/G": 0.008205408052697549,
    "D/V": 0.0030932416416974123,
    "D/E": 0.007945609774084003,
    "E/K": 0.030906856992488102,
    "E/Q": 0.0063645738002841,
    "E/A": 0.0029655526273975764,
    "E/G": 0.00851971580707416,
    "E/V": 0.002281848843019193,
    "E/D": 0.008334186782812725,
    "C/S": 0.0014068160997978728,
    "C/R": 0.002944594843327398,
    "C/G": 0.000665390235978265,
    "C/Y": 0.0034023105768441115,
    "C/F": 0.0012089858309872132,
    "C/W": 0.0008734904732387103,
    "W/R": 0.0014653130042698416,
    "W/G": 0.00028070083639605365,
    "W/S": 0.00025051076860313135,
    "W/L": 0.00034540395772305807,
    "W/C": 0.0008949404879814121,
    "R/S": 0.005403218664459239,
    "R/G": 0.008840737867570019,
    "R/C": 0.03256906062372364,
    "R/H": 0.03590047225372823,
    "R/P": 0.0046123460816597135,
    "R/L": 0.005461831473070916,
    "R/Q": 0.04295123083995239,
    "R/W": 0.029957070674300996,
    "R/K": 0.005362140755291423,
    "R/T": 0.0020166089839457144,
    "R/I": 0.0009422292009082001,
    "R/M": 0.0006814116762412452,
    "G/S": 0.028086890692199645,
    "G/R": 0.0299162441395129,
    "G/C": 0.0035496457182410458,
    "G/D": 0.011287225843304565,
    "G/A": 0.005687630087913063,
    "G/V": 0.007654948932865546,
    "G/E": 0.010392782931861097,
    "G/W": 0.0018562435434679822
}