{
    "F/I": 0.0005196661852504097,
    "F/L": 0.003754790937226006,
    "F/V": 0.0006270075896151325,
    "F/Y": 0.0003886226628969693,
    "F/S": 0.001378121529146453,
    "F/C": 0.0006511202595670216,
    "L/I": 0.0019319734854003694,
    "L/V": 0.004703086112847864,
    "L/S": 0.0022535321448461207,
    "L/F": 0.007043015794339362,
    "L/M": 0.0019447774229679627,
    "L/W": 0.0005951786383589903,
    "L/H": 0.000774155236916116,
    "L/P": 0.009427196956787183,
    "L/R": 0.0021320982015282076,
    "L/Q": 0.0011752027073428678,
    "I/L": 0.0011788600248070782,
    "I/V": 0.005611551121579692,
    "I/F": 0.0009268830356044293,
    "I/N": 0.000955885198115363,
    "I/T": 0.004428806150360275,
    "I/S": 0.0005647287787447763,
    "I/M": 0.0019212341141852099,
    "I/K": 0.00022802490658546882,
    "I/R": 0.00020965825955895825,
    "M/L": 0.0015151093632758488,
    "M/V": 0.0038644587300158293,
    "M/K": 0.0009048184054253818,
    "M/T": 0.0051100065226057706,
    "M/R": 0.0008154338686590122,
    "M/I": 0.004439820952089496,
    "V/I": 0.016742433138304706,
    "V/L": 0.007337147234858224,
    "V/F": 0.00215662575750579,
    "V/D": 0.0010534528082074346,
    "V/A": 0.008993035975819614,
    "V/G": 0.002496911076363613,
    "V/E": 0.0011385617060686627,
    "V/M": 0.017442520639011253,
    "S/T": 0.007381093948428078,
    "S/P": 0.01118589695955566,
    "S/A": 0.0033446205422313245,
    "S/Y": 0.003608542268683605,
    "S/C": 0.006059341138020288,
    "S/F": 0.010885125062997335,
    "S/L": 0.020365337533835598,
    "S/W": 0.0014045284636870078,
    "S/R": 0.009766749849418938,
    "S/G": 0.008532213256101205,
    "S/N": 0.013155483835425339,
    "S/I": 0.0029503300303041595,
    "P/T": 0.010514794714601188,
    "P/A": 0.007584171871623351,
    "P/S": 0.029427567003261892,
    "P/H": 0.004523753677223392,
    "P/R": 0.007545269757903692,
    "P/L": 0.054198629432664326,
    "P/Q": 0.00411524219345146,
    "T/P": 0.003454846427613144,
    "T/A": 0.0123891873920337,
    "T/S": 0.0058419237071448615,
    "T/N": 0.003987713768518761,
    "T/I": 0.01734139539416811,
    "T/K": 0.003151866339183638,
    "T/R": 0.0030157479292285934,
    "T/M": 0.02474279798937965,
    "A/T": 0.03836886727402539,
    "A/P": 0.00554950073364591,
    "A/S": 0.007847491772660552,
    "A/D": 0.0040218536096417665,
    "A/G": 0.005608228849563763,
    "A/V": 0.03630411502879936,
    "A/E": 0.0037483439719340665,
    "Y/N": 0.00033452290863864704,
    "Y/H": 0.0016727936736404378,
    "Y/D": 0.00031709224032930024,
    "Y/S": 0.0003519921443093667,
    "Y/C": 0.0021624522957552953,
    "Y/F": 0.00034922410430477334,
    "H/N": 0.001608188653641401,
    "H/D": 0.0012441274826292675,
    "H/Y": 0.004725931903895545,
    "H/P": 0.0013201894144258448,
    "H/R": 0.006363439989354177,
    "H/L": 0.0012191083536666036,
    "H/Q": 0.003932083273337845,
    "Q/K": 0.004538992553994636,
    "Q/E": 0.0034981262262257936,
    "Q/P": 0.0030106693761761936,
    "Q/R": 0.011684932258960305,
    "Q/L": 0.0021152863893793158,
    "Q/H": 0.007275231267816091,
    "N/H": 0.0013437012842550508,
    "N/D": 0.003200573252395128,
    "N/Y": 0.0008584771727826006,
    "N/T": 0.001254662880921835,
    "N/S": 0.005489194143534945,
    "N/I": 0.0012431155553960607,
    "N/K": 0.004408100221856368,
    "K/Q": 0.0021172613108319683,
    "K/E": 0.005147548981380575,
    "K/T": 0.0019002034858113484,
    "K/R": 0.005154642265688873,
    "K/I": 0.0005694725964196874,
    "K/N": 0.004708086409884114,
    "K/M": 0.0008332660025526639,
    "D/N": 0.027092573951779126,
    "D/H": 0.005636666943591331,
    "D/Y": 0.004748341951075502,
    "D/A": 0.0029314826941719717,
    "D/G": 0.011540771261563129,
    "D/V": 0.0043106645458769015,
    "D/E": 0.01127694078554912,
    "E/K": 0.04503945621200186,
    "E/Q": 0.009433444147533603,
    "E/A": 0.00434702591088803,
    "E/G": 0.012532104003304437,
    "E/V": 0.0033838362214151834,
    "E/D": 0.012444673589231629,
    "C/S": 0.0010215922571727317,
    "C/R": 0.002142218615528105,
    "C/G": 0.00047740236740288707,
    "C/Y": 0.0024574194787442337,
    "C/F": 0.0008369182816407876,
    "C/W": 0.0005891084154947938,
    "W/R": 0.0014304928774000016,
    "W/G": 0.0002756881535416801,
    "W/S": 0.0002420163249737496,
    "W/L": 0.0003336918286812473,
    "W/C": 0.0008574295716400817,
    "R/S": 0.004548486675072847,
    "R/G": 0.007323904854090028,
    "R/C": 0.022271275210203747,
    "R/H": 0.024463674627766045,
    "R/P": 0.003214367571501918,
    "R/L": 0.003766120093383178,
    "R/Q": 0.03058187091603077,
    "R/W": 0.021994900839307205,
    "R/K": 0.005099883899239801,
    "R/T": 0.0018985489901768649,
    "R/I": 0.0008677801744327093,
    "R/M": 0.0006622702188920232,
    "G/S": 0.02257714483434521,
    "G/R": 0.028173466406545895,
    "G/C": 0.0031500759537638895,
    "G/D": 0.010508199584899803,
    "G/A": 0.005699925970681707,
    "G/V": 0.007593657079051688,
    "G/E": 0.011109821786300485,
    "G/W": 0.001901888490171976
}