{
    "F/I": 0.0005924985122975761,
    "F/L": 0.004222059789351787,
    "F/V": 0.0007074744006021776,
    "F/Y": 0.00044164529798855435,
    "F/S": 0.0015693109269414684,
    "F/C": 0.0007400779897092434,
    "L/I": 0.0017610265136166112,
    "L/V": 0.004027652333169265,
    "L/S": 0.002438565375748785,
    "L/F": 0.006370773068584249,
    "L/M": 0.001545443253469343,
    "L/W": 0.0006008159990395711,
    "L/H": 0.0006590658744691205,
    "L/P": 0.007490482267573326,
    "L/R": 0.0017034689004719196,
    "L/Q": 0.000900931377881852,
    "I/L": 0.001507177227226812,
    "I/V": 0.007066066487104527,
    "I/F": 0.0011195353982452149,
    "I/N": 0.0011767758807414398,
    "I/T": 0.005799494902249039,
    "I/S": 0.0006983115113964419,
    "I/M": 0.0023757903005107825,
    "I/K": 0.00033007194977781654,
    "I/R": 0.00030348575318332825,
    "M/L": 0.0016181587430687614,
    "M/V": 0.004097173089787274,
    "M/K": 0.000980146018344076,
    "M/T": 0.005535422927752701,
    "M/R": 0.0008833200726208573,
    "M/I": 0.0047558923663920975,
    "V/I": 0.01499900322961707,
    "V/L": 0.0065361628830954074,
    "V/F": 0.0019442525757332326,
    "V/D": 0.0009984682858836375,
    "V/A": 0.00837020740538498,
    "V/G": 0.002315611366987342,
    "V/E": 0.0010385620298102075,
    "V/M": 0.013322748343080806,
    "S/T": 0.0074358240264799655,
    "S/P": 0.011525632850153398,
    "S/A": 0.0033789566447998886,
    "S/Y": 0.0036183906767289268,
    "S/C": 0.0059805347952144915,
    "S/F": 0.01088737189175906,
    "S/L": 0.01843106924194322,
    "S/W": 0.0012240224221417054,
    "S/R": 0.008626821008226601,
    "S/G": 0.008028956007298865,
    "S/N": 0.01249314765046119,
    "S/I": 0.002801557698800773,
    "P/T": 0.010128498564298757,
    "P/A": 0.007074648872095847,
    "P/S": 0.02774109075848864,
    "P/H": 0.004280877759666278,
    "P/R": 0.006874367993618316,
    "P/L": 0.045659062338465124,
    "P/Q": 0.003586878955002505,
    "T/P": 0.003635212871589156,
    "T/A": 0.013000199446613814,
    "T/S": 0.006217589032001626,
    "T/N": 0.0043008066032506065,
    "T/I": 0.018553374014426527,
    "T/K": 0.003158240470473548,
    "T/R": 0.003028716951985552,
    "T/M": 0.023065079771994092,
    "A/T": 0.03020621727587339,
    "A/P": 0.004637490967916481,
    "A/S": 0.006447070925953774,
    "A/D": 0.003447486255551991,
    "A/G": 0.004669686256137799,
    "A/V": 0.028764309364468905,
    "A/E": 0.0030514336599922003,
    "Y/N": 0.00035480511096750025,
    "Y/H": 0.001746453888438413,
    "Y/D": 0.0003305998239917966,
    "Y/S": 0.0003621373227103805,
    "Y/C": 0.002222504914324004,
    "Y/F": 0.0003590730626231167,
    "H/N": 0.0019106380300314071,
    "H/D": 0.0015252898986609178,
    "H/Y": 0.005769113932849273,
    "H/P": 0.0015697954995653736,
    "H/R": 0.007631527627057382,
    "H/L": 0.0014595740629789519,
    "H/Q": 0.004320268357631782,
    "Q/K": 0.004382604064630433,
    "Q/E": 0.003502091864472809,
    "Q/P": 0.002950209532633712,
    "Q/R": 0.011030978974266014,
    "Q/L": 0.002001048185050337,
    "Q/H": 0.007154765527709432,
    "N/H": 0.001923160883920516,
    "N/D": 0.004493688960099757,
    "N/Y": 0.0012598742838375542,
    "N/T": 0.001810602857922153,
    "N/S": 0.00791599292728726,
    "N/I": 0.0017932967407225029,
    "N/K": 0.006070346746470881,
    "K/Q": 0.00531654892637059,
    "K/E": 0.012812776241315372,
    "K/T": 0.004865756416991807,
    "K/R": 0.012550459036466661,
    "K/I": 0.0016750719448667577,
    "K/N": 0.011756810953025306,
    "K/M": 0.00183653580096588,
    "D/N": 0.014927144025154798,
    "D/H": 0.003343924742455863,
    "D/Y": 0.0028118692657163897,
    "D/A": 0.0017268985986562194,
    "D/G": 0.006904447679715227,
    "D/V": 0.002623780224614863,
    "D/E": 0.006325351077771814,
    "E/K": 0.02657853542858175,
    "E/Q": 0.006260258859868168,
    "E/A": 0.0029616412255211904,
    "E/G": 0.008466368478717772,
    "E/V": 0.0022411294546314446,
    "E/D": 0.008409894097969923,
    "C/S": 0.0008405331255067765,
    "C/R": 0.0018088199128165451,
    "C/G": 0.00040465454020211736,
    "C/Y": 0.0019869415942636525,
    "C/F": 0.0006830619888858315,
    "C/W": 0.0004582823973511212,
    "W/R": 0.0012952666560105493,
    "W/G": 0.00024258205628140624,
    "W/S": 0.0002048014061416174,
    "W/L": 0.00028237994168079235,
    "W/C": 0.0007104820118147043,
    "R/S": 0.007532231354642743,
    "R/G": 0.012430406395367674,
    "R/C": 0.03892437256525876,
    "R/H": 0.04273487033808602,
    "R/P": 0.005528794821457702,
    "R/L": 0.0063385144210275825,
    "R/Q": 0.051032329270053745,
    "R/W": 0.034768794931423534,
    "R/K": 0.00850166516649707,
    "R/T": 0.003249483135191009,
    "R/I": 0.0015700413180316929,
    "R/M": 0.0010422999840516397,
    "G/S": 0.015035937201355067,
    "G/R": 0.021234785916348954,
    "G/C": 0.0023636052907452256,
    "G/D": 0.008429260121446593,
    "G/A": 0.004513120316806917,
    "G/V": 0.006011859575920036,
    "G/E": 0.008780009479582592,
    "G/W": 0.0013104125527370954
}