{
    "F/I": 0.0005923216151284793,
    "F/L": 0.004220799245385867,
    "F/V": 0.0007072631760740523,
    "F/Y": 0.00044151343976218325,
    "F/S": 0.00156884239131708,
    "F/C": 0.0007398570310088026,
    "L/I": 0.0017612987619166239,
    "L/V": 0.0040272395452893624,
    "L/S": 0.0024405575341515428,
    "L/F": 0.006370854312293505,
    "L/M": 0.0015449818438103074,
    "L/W": 0.000600636618590216,
    "L/H": 0.0006588691028570032,
    "L/P": 0.007488245898906061,
    "L/R": 0.0017029603104588083,
    "L/Q": 0.0009006623945730505,
    "I/L": 0.0015067272423250953,
    "I/V": 0.007063956832595234,
    "I/F": 0.0011192011482200372,
    "I/N": 0.0011764245409192397,
    "I/T": 0.005797763397090619,
    "I/S": 0.000698103022553095,
    "I/M": 0.002375080981297645,
    "I/K": 0.00032997340304343316,
    "I/R": 0.00030339514406029243,
    "M/L": 0.0016186831021199489,
    "M/V": 0.004099479765859417,
    "M/K": 0.0009805286798375357,
    "M/T": 0.005537584027389715,
    "M/R": 0.0008836649320314615,
    "M/I": 0.004757320563053164,
    "V/I": 0.015000077201418096,
    "V/L": 0.006535896467538702,
    "V/F": 0.0019449098614294695,
    "V/D": 0.0009991231272527127,
    "V/A": 0.008371284918767487,
    "V/G": 0.0023160689289270695,
    "V/E": 0.001038251955305054,
    "V/M": 0.013318770685048652,
    "S/T": 0.007434436213016203,
    "S/P": 0.011524968219847902,
    "S/A": 0.003378860696322194,
    "S/Y": 0.0036187366017198363,
    "S/C": 0.00598065795574412,
    "S/F": 0.010887553784452124,
    "S/L": 0.018425566436611807,
    "S/W": 0.001223656976327254,
    "S/R": 0.008624245372705185,
    "S/G": 0.008026558871172757,
    "S/N": 0.012489417679150535,
    "S/I": 0.0028007212618887927,
    "P/T": 0.010129125903854072,
    "P/A": 0.007075290711730845,
    "P/S": 0.027743472062978006,
    "P/H": 0.004280669165494527,
    "P/R": 0.006874414716129886,
    "P/L": 0.04565410523872824,
    "P/Q": 0.0035870640085111194,
    "T/P": 0.0036370718339606804,
    "T/A": 0.013008163713174155,
    "T/S": 0.006221726945546037,
    "T/N": 0.00430205201330679,
    "T/I": 0.018558970563615097,
    "T/K": 0.003161933010703943,
    "T/R": 0.003032083437051116,
    "T/M": 0.023135961367487877,
    "A/T": 0.03020173037319686,
    "A/P": 0.004637248854998965,
    "A/S": 0.006446635720900612,
    "A/D": 0.0034474019099746114,
    "A/G": 0.004669466793625445,
    "A/V": 0.028760327649401222,
    "A/E": 0.0030514373304104383,
    "Y/N": 0.00035469917986656325,
    "Y/H": 0.001745932464768293,
    "Y/D": 0.0003305011196545633,
    "Y/S": 0.00036202920249424136,
    "Y/C": 0.0022218413602061666,
    "Y/F": 0.00035896585727667526,
    "H/N": 0.0019100675873186135,
    "H/D": 0.001524834506015156,
    "H/Y": 0.005767391498274778,
    "H/P": 0.0015693268192663173,
    "H/R": 0.00762924914769399,
    "H/L": 0.0014591382905432932,
    "H/Q": 0.004318978492380915,
    "Q/K": 0.004381295588345322,
    "Q/E": 0.0035010462751187705,
    "Q/P": 0.0029493287140261826,
    "Q/R": 0.011027685550042302,
    "Q/L": 0.002000450749357564,
    "Q/H": 0.007152629391092827,
    "N/H": 0.0019235386721453058,
    "N/D": 0.004494408985079383,
    "N/Y": 0.0012600776094190403,
    "N/T": 0.0018108313652301286,
    "N/S": 0.007918290706719332,
    "N/I": 0.001793675868697024,
    "N/K": 0.006071043380451824,
    "K/Q": 0.005315384964129255,
    "K/E": 0.012810084622125486,
    "K/T": 0.004864832305951594,
    "K/R": 0.012547639840241962,
    "K/I": 0.0016748994097373546,
    "K/N": 0.011754142633656433,
    "K/M": 0.0018359874823163091,
    "D/N": 0.014926087489951044,
    "D/H": 0.0033444689966616067,
    "D/Y": 0.0028123058248794033,
    "D/A": 0.001727374540554801,
    "D/G": 0.00690582510070148,
    "D/V": 0.0026240845519664964,
    "D/E": 0.006327136713301807,
    "E/K": 0.026574000237967854,
    "E/Q": 0.006259932409356848,
    "E/A": 0.002961603701659008,
    "E/G": 0.008466108309866958,
    "E/V": 0.0022409641373999103,
    "E/D": 0.008408875857461754,
    "C/S": 0.000840282174783107,
    "C/R": 0.0018082798690605831,
    "C/G": 0.0004045337259871646,
    "C/Y": 0.001986348370253987,
    "C/F": 0.0006828580529608569,
    "C/W": 0.00045814557192952834,
    "W/R": 0.0012948799394198439,
    "W/G": 0.00024250963064971403,
    "W/S": 0.00020474026035268873,
    "W/L": 0.0002822956339378086,
    "W/C": 0.0007102698893300471,
    "R/S": 0.007532136533002456,
    "R/G": 0.012431490581145926,
    "R/C": 0.03891275125115797,
    "R/H": 0.042722111356539874,
    "R/P": 0.005527144136886968,
    "R/L": 0.006336621985461777,
    "R/Q": 0.051017092987779754,
    "R/W": 0.03475841431228505,
    "R/K": 0.008504234129439498,
    "R/T": 0.003251322646904698,
    "R/I": 0.0015717677707244315,
    "R/M": 0.0010419887935377372,
    "G/S": 0.015033384922767764,
    "G/R": 0.02123739994731158,
    "G/C": 0.002363513295666063,
    "G/D": 0.008429855659482099,
    "G/A": 0.004514561873499952,
    "G/V": 0.006013669128854295,
    "G/E": 0.00878494579698641,
    "G/W": 0.0013105457171830495
}