{
    "F/I": 0.00036990228960302756,
    "F/L": 0.0027464887143516855,
    "F/V": 0.0004247851245907467,
    "F/Y": 0.00027188331277901807,
    "F/S": 0.0009710986822265932,
    "F/C": 0.0004557938812084808,
    "L/I": 0.001346447406023401,
    "L/V": 0.0036492286622625725,
    "L/S": 0.0017508729843469864,
    "L/F": 0.004715843271241396,
    "L/M": 0.0017189457976394102,
    "L/W": 0.00044013371173158507,
    "L/H": 0.0004997961669330803,
    "L/P": 0.007980121701753511,
    "L/R": 0.0017495821608517514,
    "L/Q": 0.0011015022597708926,
    "I/L": 0.0010490484166287989,
    "I/V": 0.004553529714142819,
    "I/F": 0.0007635472846877902,
    "I/N": 0.0007770595586964865,
    "I/T": 0.004164266731359187,
    "I/S": 0.00047924762304366796,
    "I/M": 0.0017837126387371621,
    "I/K": 0.0002475499350101871,
    "I/R": 0.00022761061195179165,
    "M/L": 0.0016750058247097205,
    "M/V": 0.003994119988498011,
    "M/K": 0.0010461923360315672,
    "M/T": 0.00590842276081697,
    "M/R": 0.0009428418551350648,
    "M/I": 0.005007126073827928,
    "V/I": 0.011192886112781693,
    "V/L": 0.005769759236257796,
    "V/F": 0.0014206860988020017,
    "V/D": 0.0007099102916853033,
    "V/A": 0.007070726022366508,
    "V/G": 0.0019453072449855508,
    "V/E": 0.0009741361423056959,
    "V/M": 0.011938521323054108,
    "S/T": 0.004211688868108373,
    "S/P": 0.005831287007626449,
    "S/A": 0.0016916157703946828,
    "S/Y": 0.001800697141840813,
    "S/C": 0.0031883793915828177,
    "S/F": 0.005414534770440145,
    "S/L": 0.011360823987074647,
    "S/W": 0.0007992074816792637,
    "S/R": 0.005987895545135704,
    "S/G": 0.0048484491364893766,
    "S/N": 0.007899991976872215,
    "S/I": 0.001771607879654686,
    "P/T": 0.007297487727091479,
    "P/A": 0.00506378456733893,
    "P/S": 0.01985983914459038,
    "P/H": 0.002884483951102376,
    "P/R": 0.005198186144299295,
    "P/L": 0.04016687826872673,
    "P/Q": 0.0031131313849046163,
    "T/P": 0.0022295148663201937,
    "T/A": 0.00788083403740405,
    "T/S": 0.003720964179149746,
    "T/N": 0.002450691960079325,
    "T/I": 0.011173912592848851,
    "T/K": 0.0023188935079279356,
    "T/R": 0.002214764171285801,
    "T/M": 0.01920576282597601,
    "A/T": 0.03551816697990635,
    "A/P": 0.005375373232240461,
    "A/S": 0.007454753215474505,
    "A/D": 0.003777461129667868,
    "A/G": 0.005673356532522464,
    "A/V": 0.03906765466535905,
    "A/E": 0.004146034208076927,
    "Y/N": 0.0002855999357849518,
    "Y/H": 0.0014415532832183367,
    "Y/D": 0.00027534606731165196,
    "Y/S": 0.0003171477689059423,
    "Y/C": 0.0019691129656726775,
    "Y/F": 0.00031662647652951255,
    "H/N": 0.0009953103576110665,
    "H/D": 0.0007584650687129968,
    "H/Y": 0.0028974423144633096,
    "H/P": 0.0008029271686897127,
    "H/R": 0.0038254163511128826,
    "H/L": 0.0007345790059383944,
    "H/Q": 0.002611211672843759,
    "Q/K": 0.0050764215426648655,
    "Q/E": 0.003781378814039398,
    "Q/P": 0.0032143944061524547,
    "Q/R": 0.012545370307523429,
    "Q/L": 0.0022703593138796935,
    "Q/H": 0.007789846982482744,
    "N/H": 0.0010042955982328874,
    "N/D": 0.0023396962140942797,
    "N/Y": 0.0006308517681052087,
    "N/T": 0.0009659410200564822,
    "N/S": 0.0042658561367673355,
    "N/I": 0.0009617372288348278,
    "N/K": 0.003520488157359263,
    "K/Q": 0.0037943127536412273,
    "K/E": 0.009112171021066831,
    "K/T": 0.0035196459621490163,
    "K/R": 0.009584697576439276,
    "K/I": 0.0010424274723610468,
    "K/N": 0.008682784710897971,
    "K/M": 0.001560374525813494,
    "D/N": 0.022616238295171513,
    "D/H": 0.004773750620311017,
    "D/Y": 0.004026128540675122,
    "D/A": 0.0024752403580745874,
    "D/G": 0.009861576936997175,
    "D/V": 0.003732986354323229,
    "D/E": 0.00978612657721087,
    "E/K": 0.0757104767919247,
    "E/Q": 0.01653739941554976,
    "E/A": 0.007798680976849451,
    "E/G": 0.022521135095028916,
    "E/V": 0.006104905139933607,
    "E/D": 0.02224087054747133,
    "C/S": 0.0005970233283208853,
    "C/R": 0.0012661349321240179,
    "C/G": 0.00027910325433054144,
    "C/Y": 0.0014214336565566974,
    "C/F": 0.0004908620525090961,
    "C/W": 0.00036350751121842214,
    "W/R": 0.0016503804379867516,
    "W/G": 0.000317958673271692,
    "W/S": 0.0002718519833488334,
    "W/L": 0.0003748291999068033,
    "W/C": 0.0009646159844435875,
    "R/S": 0.0068331194096071515,
    "R/G": 0.010693071892249167,
    "R/C": 0.03892947953214761,
    "R/H": 0.0430098612283535,
    "R/P": 0.00563887519157339,
    "R/L": 0.006758294793825658,
    "R/Q": 0.05488439000396566,
    "R/W": 0.041951650492541424,
    "R/K": 0.0067124158702951955,
    "R/T": 0.0024476564866983135,
    "R/I": 0.0010674241869374212,
    "R/M": 0.0009090507612672886,
    "G/S": 0.014638257834527123,
    "G/R": 0.021930109934821473,
    "G/C": 0.002140008200294874,
    "G/D": 0.007198057672296017,
    "G/A": 0.00435507593019715,
    "G/V": 0.005660606150930934,
    "G/E": 0.009223018731882734,
    "G/W": 0.0015108208806699224
}