{
    "F/I": 0.000519489492837594,
    "F/L": 0.0039792889598103485,
    "F/V": 0.0006272217570902061,
    "F/Y": 0.00038402309092182497,
    "F/S": 0.0014402300508665298,
    "F/C": 0.0006464052961988413,
    "L/I": 0.001567693381890326,
    "L/V": 0.004074580193948212,
    "L/S": 0.001304698395105832,
    "L/F": 0.005836790291148157,
    "L/M": 0.001819907463979576,
    "L/W": 0.00038219533602228156,
    "L/H": 0.0006985671507091013,
    "L/P": 0.00886096544076921,
    "L/R": 0.0020061273934677453,
    "L/Q": 0.0011326580092582547,
    "I/L": 0.0008637320701673003,
    "I/V": 0.004151850050825467,
    "I/F": 0.0006987624900164217,
    "I/N": 0.0007217329187671993,
    "I/T": 0.0031594470316675272,
    "I/S": 0.00041704934058998407,
    "I/M": 0.0013819457484269076,
    "I/K": 0.00015508486516315704,
    "I/R": 0.00014259329562253618,
    "M/L": 0.0011262141332862947,
    "M/V": 0.0028541415592574066,
    "M/K": 0.0006615652068874999,
    "M/T": 0.0037362220994331154,
    "M/R": 0.0005962109886224643,
    "M/I": 0.0032468107669600503,
    "V/I": 0.012221596796891615,
    "V/L": 0.005243129107777926,
    "V/F": 0.0013095092408796796,
    "V/D": 0.0006305136995038824,
    "V/A": 0.0059324623407374065,
    "V/G": 0.0016360741963987908,
    "V/E": 0.0008109594970804111,
    "V/M": 0.014114458239087142,
    "S/T": 0.004762721129342976,
    "S/P": 0.007703315916730627,
    "S/A": 0.002315883232738014,
    "S/Y": 0.0026290895554868495,
    "S/C": 0.004171938650231114,
    "S/F": 0.00829715248892239,
    "S/L": 0.019275339655008692,
    "S/W": 0.0014715686248995944,
    "S/R": 0.006662273084884363,
    "S/G": 0.005759709608792735,
    "S/N": 0.008261227091141543,
    "S/I": 0.001855471216122719,
    "P/T": 0.019544596137470564,
    "P/A": 0.013821495536072202,
    "P/S": 0.05391408666918842,
    "P/H": 0.008013236550045868,
    "P/R": 0.015046983955811496,
    "P/L": 0.13262192734463266,
    "P/Q": 0.00939822367226884,
    "T/P": 0.0022151802268790635,
    "T/A": 0.008038842151959474,
    "T/S": 0.0038613387962618917,
    "T/N": 0.0030556741480621155,
    "T/I": 0.010933231735686453,
    "T/K": 0.0019371882267930356,
    "T/R": 0.0018393617860410123,
    "T/M": 0.018769850636730506,
    "A/T": 0.049463288320549643,
    "A/P": 0.005568016513185113,
    "A/S": 0.008064757143049921,
    "A/D": 0.0038778281745605716,
    "A/G": 0.005561959329526597,
    "A/V": 0.04308521761022725,
    "A/E": 0.003936722502606327,
    "Y/N": 0.0003903151590509605,
    "Y/H": 0.0019623682442335534,
    "Y/D": 0.0003727799588777427,
    "Y/S": 0.0004271373980971559,
    "Y/C": 0.002461517708046255,
    "Y/F": 0.0004083030960841229,
    "H/N": 0.0013978015018732434,
    "H/D": 0.0010636977840835558,
    "H/Y": 0.004099422756468921,
    "H/P": 0.0011597876019407943,
    "H/R": 0.005243760551575762,
    "H/L": 0.001017800420831751,
    "H/Q": 0.0037326490003864524,
    "Q/K": 0.0030166603225827465,
    "Q/E": 0.00229104864702944,
    "Q/P": 0.0019648725720246667,
    "Q/R": 0.007870742203461087,
    "Q/L": 0.0014223963794583192,
    "Q/H": 0.004959118702156766,
    "N/H": 0.0009175247558181688,
    "N/D": 0.002225058920231436,
    "N/Y": 0.0005493924043323223,
    "N/T": 0.0008807231586301756,
    "N/S": 0.003528744981993417,
    "N/I": 0.0008344439028013833,
    "N/K": 0.0031127369207394895,
    "K/Q": 0.0013443740401211436,
    "K/E": 0.003280590357855672,
    "K/T": 0.0011425200745303215,
    "K/R": 0.003298936798973641,
    "K/I": 0.0002756709173534763,
    "K/N": 0.0030267472711415933,
    "K/M": 0.0005924576205717732,
    "D/N": 0.013919392768310453,
    "D/H": 0.002403713612150185,
    "D/Y": 0.002003785015957819,
    "D/A": 0.0011949652845574768,
    "D/G": 0.004599949897237668,
    "D/V": 0.0016739308310941697,
    "D/E": 0.004777270071629793,
    "E/K": 0.021899840989842812,
    "E/Q": 0.003762424778812907,
    "E/A": 0.001598472169342457,
    "E/G": 0.004665103563518843,
    "E/V": 0.0012951963119904458,
    "E/D": 0.004760942621887697,
    "C/S": 0.0006903578049842682,
    "C/R": 0.0014632788640182933,
    "C/G": 0.00032594956898162063,
    "C/Y": 0.0016538423455435788,
    "C/F": 0.0006142902640801976,
    "C/W": 0.0004752473575835446,
    "W/R": 0.0009713691785119971,
    "W/G": 0.00018140196917818896,
    "W/S": 0.00016034538859702302,
    "W/L": 0.0002210840361589198,
    "W/C": 0.0005763182556750442,
    "R/S": 0.004269141154218353,
    "R/G": 0.007069517502963091,
    "R/C": 0.033326443715985324,
    "R/H": 0.03563395873014564,
    "R/P": 0.004460187083594604,
    "R/L": 0.00545300537242656,
    "R/Q": 0.04146693279958356,
    "R/W": 0.031048740455147272,
    "R/K": 0.003132884426602966,
    "R/T": 0.0011108889674135514,
    "R/I": 0.00045220396452804904,
    "R/M": 0.0004472831494631213,
    "G/S": 0.025631804702104945,
    "G/R": 0.02902398461012564,
    "G/C": 0.0031458964934578315,
    "G/D": 0.009464885528236093,
    "G/A": 0.00482257500101022,
    "G/V": 0.0064230675506836915,
    "G/E": 0.008783680160329427,
    "G/W": 0.0018447387389924246
}