{
    "K/T": 0.008312659851458152,
    "K/R": 0.024112320371124204,
    "K/I": 0.0023563929062435196,
    "N/T": 0.005051498091383191,
    "N/S": 0.0231100085254111,
    "N/I": 0.004218158357591072,
    "K/M": 0.0028341231499473883,
    "T/K": 0.0054263089578260966,
    "T/R": 0.005328765965944439,
    "T/I": 0.03530979500610604,
    "T/N": 0.009421731349703148,
    "T/S": 0.016941758385241056,
    "T/M": 0.010612984738746074,
    "R/K": 0.015211330348159356,
    "R/T": 0.0067327706049969665,
    "R/I": 0.0024969469811596096,
    "S/N": 0.02981512914845736,
    "S/T": 0.022040875889983793,
    "S/I": 0.009081482960698623,
    "R/M": 0.0019255140208450142,
    "I/K": 0.0008248911281960691,
    "I/T": 0.014903340271430657,
    "I/R": 0.0007534620081567447,
    "I/N": 0.003182820144547961,
    "I/S": 0.0022803554558790775,
    "Q/P": 0.009255063402944724,
    "Q/R": 0.025099271115753576,
    "Q/L": 0.005769629567047366,
    "H/P": 0.006171322360386792,
    "H/R": 0.015977849292237268,
    "H/L": 0.004047650135561717,
    "P/Q": 0.009265816173703331,
    "P/R": 0.02482584351646326,
    "P/L": 0.07577093526063948,
    "P/H": 0.012051551855236983,
    "R/Q": 0.02977826250585642,
    "R/P": 0.007227398059892933,
    "R/L": 0.01088641233803639,
    "R/H": 0.021373436047895912,
    "L/Q": 0.004387130469512055,
    "L/P": 0.024248266115715175,
    "L/R": 0.008857210884876229,
    "L/H": 0.0030246008033855865,
    "E/A": 0.01006152120984032,
    "E/G": 0.025180684951497324,
    "E/V": 0.009033863547339073,
    "D/A": 0.006577623484051337,
    "D/G": 0.02202551478890007,
    "D/V": 0.01092558314579989,
    "A/E": 0.00757532699943932,
    "A/G": 0.016076928394227297,
    "A/V": 0.05747432775981382,
    "A/D": 0.010554612554627916,
    "G/E": 0.025282068218649912,
    "G/A": 0.016772018218265884,
    "G/V": 0.02325670704076068,
    "G/D": 0.02763308473951413,
    "V/E": 0.0032081659613361086,
    "V/A": 0.018162965921397246,
    "V/G": 0.009395617477860814,
    "V/D": 0.0028571648015729765,
    "Y/S": 0.00253611778892311,
    "Y/C": 0.01198396301046859,
    "Y/F": 0.0025184525226768254,
    "S/L": 0.021323512469373803,
    "S/Y": 0.009697463114156023,
    "S/C": 0.02109540011828048,
    "S/F": 0.02711848785320932,
    "S/W": 0.002022288957672486,
    "C/Y": 0.009550764598806442,
    "C/S": 0.004676687224940284,
    "C/F": 0.0037888155823009393,
    "W/S": 0.000965445203112159,
    "W/L": 0.001016136836688454,
    "L/S": 0.005993133587815574,
    "F/Y": 0.002323366538913509,
    "F/S": 0.005884069770121123,
    "F/C": 0.003168995153572608,
    "L/W": 0.0019800459296922404
}