{
    "K/T": 0.00833463036218696,
    "K/R": 0.02416942638449483,
    "K/I": 0.002360849350997582,
    "N/T": 0.005063806114476537,
    "N/S": 0.023166990024949183,
    "N/I": 0.004224718339268845,
    "K/M": 0.0028393374211573403,
    "T/K": 0.005430569917046658,
    "T/R": 0.005334255893262487,
    "T/I": 0.035378837728591704,
    "T/N": 0.009448020477131969,
    "T/S": 0.016989023283337366,
    "T/M": 0.010631527201391853,
    "R/K": 0.015240731123607106,
    "R/T": 0.006743522689272467,
    "R/I": 0.0025033941061981544,
    "S/N": 0.029883544787562083,
    "S/T": 0.0220905844951373,
    "S/I": 0.009098207942747863,
    "R/M": 0.0019301330366347726,
    "I/K": 0.0008267595801633177,
    "I/T": 0.014923280101214482,
    "I/R": 0.000755101946467895,
    "I/N": 0.0031822153458289865,
    "I/S": 0.0022768635222577857,
    "Q/P": 0.009263097551466362,
    "Q/R": 0.02515722301242528,
    "Q/L": 0.005783464500191858,
    "H/P": 0.006179507765992366,
    "H/R": 0.016008931777309648,
    "H/L": 0.004052894120837886,
    "P/Q": 0.009279278307462103,
    "P/R": 0.024855182233838122,
    "P/L": 0.07587849947374017,
    "P/H": 0.012073926021583588,
    "R/Q": 0.029791853836919555,
    "R/P": 0.007197354369343477,
    "R/L": 0.010878861614469602,
    "R/H": 0.02138248379227608,
    "L/Q": 0.004388837435797072,
    "L/P": 0.02423646094504861,
    "L/R": 0.008853185066240932,
    "L/H": 0.003028112907774314,
    "E/A": 0.01008754559505886,
    "E/G": 0.02523966781678453,
    "E/V": 0.009050436186950913,
    "D/A": 0.006588649739027521,
    "D/G": 0.02205437042219445,
    "D/V": 0.010937420540930378,
    "A/E": 0.007582610464480158,
    "A/G": 0.0161144919473771,
    "A/V": 0.05761659005207121,
    "A/D": 0.010571427250550531,
    "G/E": 0.0249830872574235,
    "G/A": 0.01658681592001467,
    "G/V": 0.022828735173419178,
    "G/D": 0.0271466854877111,
    "V/E": 0.003210724296869101,
    "V/A": 0.018207973568349824,
    "V/G": 0.009405642306666934,
    "V/D": 0.002860141250294721,
    "Y/S": 0.0025357556181896355,
    "Y/C": 0.011984546607511878,
    "Y/F": 0.002521886398764715,
    "S/L": 0.021363220987519242,
    "S/Y": 0.009715388207156825,
    "S/C": 0.02113360835481778,
    "S/F": 0.027160554707136023,
    "S/W": 0.0020233650116578492,
    "C/Y": 0.009545105013106412,
    "C/S": 0.004673156434007943,
    "C/F": 0.0037824443420519356,
    "W/S": 0.0009662222866027964,
    "W/L": 0.0010193876277316584,
    "L/S": 0.006006913035371132,
    "F/Y": 0.002330028863386648,
    "F/S": 0.005895959279971768,
    "F/C": 0.0031721986873554328,
    "L/W": 0.0019817573533830878
}