{
    "K/T": 0.001445086705202312,
    "K/R": 0.006262042389210019,
    "K/I": 0.0009633911368015414,
    "N/T": 0.0012042389210019267,
    "N/S": 0.0052986512524084775,
    "N/I": 0.002167630057803468,
    "K/M": 0.0012042389210019267,
    "T/K": 0.004094412331406551,
    "T/R": 0.0036127167630057803,
    "T/I": 0.013728323699421965,
    "T/N": 0.0012042389210019267,
    "T/S": 0.002167630057803468,
    "T/M": 0.004816955684007707,
    "R/K": 0.006021194605009634,
    "R/T": 0.003371868978805395,
    "R/I": 0.0004816955684007707,
    "S/N": 0.008429672447013488,
    "S/T": 0.006502890173410405,
    "S/I": 0.0038535645472061657,
    "R/M": 0.0004816955684007707,
    "I/K": 0.00024084778420038535,
    "I/T": 0.008670520231213872,
    "I/R": 0.00024084778420038535,
    "I/N": 0.003371868978805395,
    "I/S": 0.003371868978805395,
    "Q/P": 0.00674373795761079,
    "Q/R": 0.006984585741811176,
    "Q/L": 0.001445086705202312,
    "H/P": 0.0036127167630057803,
    "H/R": 0.006262042389210019,
    "H/L": 0.0024084778420038534,
    "P/Q": 0.0050578034682080926,
    "P/R": 0.01565510597302505,
    "P/L": 0.04214836223506744,
    "P/H": 0.0050578034682080926,
    "R/Q": 0.025529865125240848,
    "R/P": 0.016618497109826588,
    "R/L": 0.013246628131021194,
    "R/H": 0.01854527938342967,
    "L/Q": 0.0038535645472061657,
    "L/P": 0.027938342967244702,
    "L/R": 0.010115606936416185,
    "L/H": 0.0019267822736030828,
    "E/A": 0.0019267822736030828,
    "E/G": 0.00674373795761079,
    "E/V": 0.0038535645472061657,
    "D/A": 0.0031310211946050095,
    "D/G": 0.01300578034682081,
    "D/V": 0.0072254335260115606,
    "A/E": 0.0052986512524084775,
    "A/G": 0.004335260115606936,
    "A/V": 0.01300578034682081,
    "A/D": 0.0052986512524084775,
    "G/E": 0.11873795761078998,
    "G/A": 0.07466281310211946,
    "G/V": 0.15703275529865124,
    "G/D": 0.17967244701348747,
    "V/E": 0.0024084778420038534,
    "V/A": 0.004094412331406551,
    "V/G": 0.006262042389210019,
    "V/D": 0.0019267822736030828,
    "Y/S": 0.0026493256262042388,
    "Y/C": 0.011801541425818882,
    "Y/F": 0.001445086705202312,
    "S/L": 0.008911368015414258,
    "S/Y": 0.004094412331406551,
    "S/C": 0.009152215799614644,
    "S/F": 0.013969171483622351,
    "S/W": 0.0016859344894026974,
    "C/Y": 0.011319845857418112,
    "C/S": 0.005780346820809248,
    "C/F": 0.005780346820809248,
    "W/S": 0.000722543352601156,
    "W/L": 0.0,
    "L/S": 0.0016859344894026974,
    "F/Y": 0.00024084778420038535,
    "F/S": 0.002167630057803468,
    "F/C": 0.002167630057803468,
    "L/W": 0.001445086705202312
}