{
    "F/I": 0.0005485410638437727,
    "F/L": 0.003951941300667687,
    "F/V": 0.000655878749652749,
    "F/Y": 0.00042036551432035493,
    "F/S": 0.0014759258518280624,
    "F/C": 0.0007037409313369588,
    "L/I": 0.0013485666527892218,
    "L/V": 0.003226833210222778,
    "L/S": 0.0019832712078385164,
    "L/F": 0.004752446552891834,
    "L/M": 0.001336323775509802,
    "L/W": 0.0004905771979930188,
    "L/H": 0.0004793312926526785,
    "L/P": 0.006330338910515988,
    "L/R": 0.001409540037974731,
    "L/Q": 0.0008137346066497875,
    "I/L": 0.0012910716500098385,
    "I/V": 0.006035545313827203,
    "I/F": 0.0010135917451388223,
    "I/N": 0.0010232823611311785,
    "I/T": 0.0051498879890793745,
    "I/S": 0.0006344406664588782,
    "I/M": 0.002094708985061561,
    "I/K": 0.00027106721147049704,
    "I/R": 0.00024923365009296656,
    "M/L": 0.0014390155447302217,
    "M/V": 0.0036586346747458356,
    "M/K": 0.0008871390389700153,
    "M/T": 0.005010161429534284,
    "M/R": 0.0007995009984856067,
    "M/I": 0.004227005213271947,
    "V/I": 0.01292077797032134,
    "V/L": 0.005767366468566713,
    "V/F": 0.0015488273282042184,
    "V/D": 0.0007828835102040759,
    "V/A": 0.007282490632252098,
    "V/G": 0.002011255378081732,
    "V/E": 0.0009522041072809698,
    "V/M": 0.011503230767527387,
    "S/T": 0.005764720525827918,
    "S/P": 0.008157494770519217,
    "S/A": 0.002390804383086554,
    "S/Y": 0.002511860638787901,
    "S/C": 0.004416242699259113,
    "S/F": 0.007421370221272155,
    "S/L": 0.014016048010753741,
    "S/W": 0.0009281131900965133,
    "S/R": 0.007582179724439497,
    "S/G": 0.006651566282426585,
    "S/N": 0.01052846681700287,
    "S/I": 0.002359139657122425,
    "P/T": 0.006045063493554058,
    "P/A": 0.004203255493111336,
    "P/S": 0.016516567294946053,
    "P/H": 0.0024713388760841367,
    "P/R": 0.00415780798807507,
    "P/L": 0.028928246102457356,
    "P/Q": 0.002285008218419177,
    "T/P": 0.0021346861056993193,
    "T/A": 0.00764965417377374,
    "T/S": 0.00361678776736319,
    "T/N": 0.0024191935397176287,
    "T/I": 0.011035506578228101,
    "T/K": 0.001980089435739415,
    "T/R": 0.0019002982041020006,
    "T/M": 0.014105073552199155,
    "A/T": 0.024908581337679713,
    "A/P": 0.003971052462212415,
    "A/S": 0.005452372993329519,
    "A/D": 0.0028679349045307467,
    "A/G": 0.004197490321286335,
    "A/V": 0.02763611670789675,
    "A/E": 0.0029489714787804835,
    "Y/N": 0.0005010901830961386,
    "Y/H": 0.002463986322700363,
    "Y/D": 0.0004658894714955869,
    "Y/S": 0.0005222722467391497,
    "Y/C": 0.0033012722089432816,
    "Y/F": 0.0005269894075820102,
    "H/N": 0.0009660269570647867,
    "H/D": 0.0007781717889206975,
    "H/Y": 0.0029078648982896896,
    "H/P": 0.0008035472638565002,
    "H/R": 0.003926354117254439,
    "H/L": 0.0007501854827524967,
    "H/Q": 0.00232250762059543,
    "Q/K": 0.0032496084666428894,
    "Q/E": 0.0025429370068164618,
    "Q/P": 0.0021590600466403747,
    "Q/R": 0.008109015584737865,
    "Q/L": 0.0014706251687249636,
    "Q/H": 0.005170464681328241,
    "N/H": 0.0014550422636237072,
    "N/D": 0.003422970730139804,
    "N/Y": 0.0009432148958066466,
    "N/T": 0.001347052752412559,
    "N/S": 0.0060722392892381466,
    "N/I": 0.0013556962872299455,
    "N/K": 0.004531751189594124,
    "K/Q": 0.005149956683858723,
    "K/E": 0.012344968018471297,
    "K/T": 0.0048373687667831065,
    "K/R": 0.012731555999050136,
    "K/I": 0.0015802940325989109,
    "K/N": 0.012049766720623765,
    "K/M": 0.0019423096766686785,
    "D/N": 0.03556413366691002,
    "D/H": 0.007385991159879775,
    "D/Y": 0.006191483356884253,
    "D/A": 0.0037248116118491514,
    "D/G": 0.015316316337001671,
    "D/V": 0.005997136998279558,
    "D/E": 0.014684356200654725,
    "E/K": 0.05991578498978043,
    "E/Q": 0.014234360893759315,
    "E/A": 0.006867079579247763,
    "E/G": 0.019647720265274865,
    "E/V": 0.005211648512490774,
    "E/D": 0.01839269079919103,
    "C/S": 0.000491685930880539,
    "C/R": 0.0009768299287002177,
    "C/G": 0.000232672821611086,
    "C/Y": 0.001208952453669885,
    "C/F": 0.0003985541705200487,
    "C/W": 0.000267985117151657,
    "W/R": 0.0013869253587443647,
    "W/G": 0.00025905342843149447,
    "W/S": 0.0002237435556447802,
    "W/L": 0.00030849735548562154,
    "W/C": 0.0007815717424749383,
    "R/S": 0.007485254205555507,
    "R/G": 0.012762588075639297,
    "R/C": 0.04374270205327514,
    "R/H": 0.047561744858925496,
    "R/P": 0.006681386035001152,
    "R/L": 0.007580849827589602,
    "R/Q": 0.06438104683466592,
    "R/W": 0.04214627861378063,
    "R/K": 0.007852366307408404,
    "R/T": 0.0029967396674836547,
    "R/I": 0.0014434602088225015,
    "R/M": 0.0009660330109150029,
    "G/S": 0.014307732081704208,
    "G/R": 0.01822861168850464,
    "G/C": 0.002207839156947589,
    "G/D": 0.007864559334605798,
    "G/A": 0.004129490633490936,
    "G/V": 0.005557909327451709,
    "G/E": 0.007935139153581553,
    "G/W": 0.001156443018937572
}