{
    "F/I": 0.0009319424760056665,
    "F/L": 0.006875443578297469,
    "F/V": 0.0011410974812534828,
    "F/Y": 0.0007183081026476365,
    "F/S": 0.0025519319436691176,
    "F/C": 0.001203672696913068,
    "L/I": 0.0008725721020359413,
    "L/V": 0.002012947815642671,
    "L/S": 0.0011107596629164342,
    "L/F": 0.003257093620998811,
    "L/M": 0.0007736836703631644,
    "L/W": 0.0002889557613622774,
    "L/H": 0.0003499017818450692,
    "L/P": 0.0038215888724662246,
    "L/R": 0.0008769640003067971,
    "L/Q": 0.00045426878741111425,
    "I/L": 0.0005806571230622335,
    "I/V": 0.0028200502721448042,
    "I/F": 0.00045371554260361497,
    "I/N": 0.00046827623294514906,
    "I/T": 0.002188373066500657,
    "I/S": 0.0002792524223675949,
    "I/M": 0.0009274000502007338,
    "I/K": 0.0001114886683542472,
    "I/R": 0.0001025086273149547,
    "M/L": 0.0012447333406492892,
    "M/V": 0.0032594945645182606,
    "M/K": 0.0007287660938417707,
    "M/T": 0.0041157424193140725,
    "M/R": 0.0006567732836618495,
    "M/I": 0.0036659202746358315,
    "V/I": 0.0073515612189500494,
    "V/L": 0.0029563399606679403,
    "V/F": 0.0008320569576435004,
    "V/D": 0.0004114254812429921,
    "V/A": 0.003436718175166624,
    "V/G": 0.0009539444389412371,
    "V/E": 0.0004294332349154919,
    "V/M": 0.00846371985365664,
    "S/T": 0.007553501364273871,
    "S/P": 0.011424996384685865,
    "S/A": 0.0034658801207758695,
    "S/Y": 0.003953990200002628,
    "S/C": 0.006582709033022401,
    "S/F": 0.011831014258739458,
    "S/L": 0.019962424363340472,
    "S/W": 0.0013984093522394284,
    "S/R": 0.010006735903623639,
    "S/G": 0.009316197811151774,
    "S/N": 0.013787909774669418,
    "S/I": 0.0030926228248534453,
    "P/T": 0.009749063615047461,
    "P/A": 0.007035450232388674,
    "P/S": 0.02732704825418302,
    "P/H": 0.004372632345575564,
    "P/R": 0.007113629760440071,
    "P/L": 0.051681163648059136,
    "P/Q": 0.0037597475846551506,
    "T/P": 0.0022815973564509723,
    "T/A": 0.008268017369097028,
    "T/S": 0.0038096842628778846,
    "T/N": 0.002852476207363055,
    "T/I": 0.011458959893729453,
    "T/K": 0.002095669949261272,
    "T/R": 0.00200237661341437,
    "T/M": 0.017152701054323163,
    "A/T": 0.024969910639168896,
    "A/P": 0.0031140732245863254,
    "A/S": 0.0045151235224837405,
    "A/D": 0.0022241055906338987,
    "A/G": 0.0030698909064635098,
    "A/V": 0.020724068470404592,
    "A/E": 0.002049569432092118,
    "Y/N": 0.002187818226286176,
    "Y/H": 0.01037074247476087,
    "Y/D": 0.0019965915448824953,
    "Y/S": 0.0022785972666293642,
    "Y/C": 0.01406749865538941,
    "Y/F": 0.0022672470840318457,
    "H/N": 0.0026712357419729467,
    "H/D": 0.0021474841097236545,
    "H/Y": 0.008155542543639082,
    "H/P": 0.002246767066116062,
    "H/R": 0.010949851797719172,
    "H/L": 0.0020931939956735173,
    "H/Q": 0.006513343789303095,
    "Q/K": 0.004311250242840665,
    "Q/E": 0.0034432488079310405,
    "Q/P": 0.0029697545797729673,
    "Q/R": 0.011309640949158695,
    "Q/L": 0.0020494886986106653,
    "Q/H": 0.007268423725250374,
    "N/H": 0.0017450142866104153,
    "N/D": 0.004181730027369303,
    "N/Y": 0.0010978183417038637,
    "N/T": 0.0016323484892064022,
    "N/S": 0.006853198035175317,
    "N/I": 0.0015833949957540629,
    "N/K": 0.00542298679166506,
    "K/Q": 0.0016169820072712772,
    "K/E": 0.003926916332538397,
    "K/T": 0.0014535838832921023,
    "K/R": 0.0037892526580988527,
    "K/I": 0.00048705028742091627,
    "K/N": 0.003561320216206781,
    "K/M": 0.0005669454459308386,
    "D/N": 0.021888556750420243,
    "D/H": 0.004089954549293307,
    "D/Y": 0.0033928586201840295,
    "D/A": 0.0020312470750576176,
    "D/G": 0.008028226506516684,
    "D/V": 0.003012027146550552,
    "D/E": 0.007381458381644644,
    "E/K": 0.018218399185105646,
    "E/Q": 0.0035251471438228128,
    "E/A": 0.0015825183892360843,
    "E/G": 0.004537353391967604,
    "E/V": 0.0012095642956005631,
    "E/D": 0.004531944681943246,
    "C/S": 0.0006088400037548633,
    "C/R": 0.0012899781613632418,
    "C/G": 0.0002924634291622198,
    "C/Y": 0.0014628002595662038,
    "C/F": 0.0005228137716654372,
    "C/W": 0.00038303936739405106,
    "W/R": 0.0023174216562648732,
    "W/G": 0.0004414088897040688,
    "W/S": 0.00039092567416255936,
    "W/L": 0.0005390078669441093,
    "W/C": 0.0014054345987889495,
    "R/S": 0.00694703336256929,
    "R/G": 0.011659045649283498,
    "R/C": 0.04682200861311497,
    "R/H": 0.05395786036751701,
    "R/P": 0.0061420397965279115,
    "R/L": 0.006873588078695891,
    "R/Q": 0.04833562185641671,
    "R/W": 0.026799609574912654,
    "R/K": 0.006588111066388179,
    "R/T": 0.0026865744611005078,
    "R/I": 0.0014626285957854558,
    "R/M": 0.0006846878559990004,
    "G/S": 0.05187018793766076,
    "G/R": 0.0397492774987691,
    "G/C": 0.006096106046101448,
    "G/D": 0.018973849620223606,
    "G/A": 0.008523070914136642,
    "G/V": 0.011835459961906257,
    "G/E": 0.014091913018990156,
    "G/W": 0.0019188378483394751
}