{
    "F/I": 0.0009307869859785817,
    "F/L": 0.006866918903555143,
    "F/V": 0.0011396826656468683,
    "F/Y": 0.0007174174920462817,
    "F/S": 0.0025487678729387577,
    "F/C": 0.0012021802960053226,
    "L/I": 0.0008714902237142917,
    "L/V": 0.002014107910024554,
    "L/S": 0.0011093824623423293,
    "L/F": 0.0032530552395608537,
    "L/M": 0.0007758797795270949,
    "L/W": 0.00028859749300439135,
    "L/H": 0.0003494679481806632,
    "L/P": 0.003828810930926994,
    "L/R": 0.0008782984804395033,
    "L/Q": 0.0004558807065036473,
    "I/L": 0.0005867600613419088,
    "I/V": 0.0028575555462435026,
    "I/F": 0.0004622858168667566,
    "I/N": 0.0004754834468347304,
    "I/T": 0.0022156891463676574,
    "I/S": 0.0002842948114567756,
    "I/M": 0.0009337457342159913,
    "I/K": 0.00011135043659881908,
    "I/R": 0.00010238152966718974,
    "M/L": 0.0012431900297706342,
    "M/V": 0.0032554532062159967,
    "M/K": 0.0007278625166627147,
    "M/T": 0.00411063942267854,
    "M/R": 0.0006559589684021999,
    "M/I": 0.0036613750001940172,
    "V/I": 0.007360578356749788,
    "V/L": 0.0029600030927354666,
    "V/F": 0.0008371997776059185,
    "V/D": 0.00041431159346534175,
    "V/A": 0.0034463940638297377,
    "V/G": 0.0009566916310459041,
    "V/E": 0.00042977621093564177,
    "V/M": 0.008458686036027355,
    "S/T": 0.00754649847876552,
    "S/P": 0.011414101354390487,
    "S/A": 0.003462517302296877,
    "S/Y": 0.0039504903648351795,
    "S/C": 0.006577101574962356,
    "S/F": 0.011819720885998343,
    "S/L": 0.019937673498494034,
    "S/W": 0.0013966755026704933,
    "S/R": 0.010003621174915952,
    "S/G": 0.009306883238576319,
    "S/N": 0.013775617903388203,
    "S/I": 0.0030898709181732763,
    "P/T": 0.009751386764876135,
    "P/A": 0.007037338088724134,
    "P/S": 0.027334255358981163,
    "P/H": 0.004376378117903389,
    "P/R": 0.007116972195572505,
    "P/L": 0.05170837926967832,
    "P/Q": 0.0037586916484188106,
    "T/P": 0.0022844298531299024,
    "T/A": 0.008281779127725373,
    "T/S": 0.0038158005893330193,
    "T/N": 0.00285728518086576,
    "T/I": 0.01148000253593516,
    "T/K": 0.002096233614908334,
    "T/R": 0.0020030180969270194,
    "T/M": 0.01713143388868137,
    "A/T": 0.024948123590711215,
    "A/P": 0.0031125156405992275,
    "A/S": 0.004513235316740444,
    "A/D": 0.0022243203994442673,
    "A/G": 0.003068519470169661,
    "A/V": 0.020708102094270875,
    "A/E": 0.0020470282269216544,
    "Y/N": 0.0021886907593582213,
    "Y/H": 0.010375282455884375,
    "Y/D": 0.00199748503011741,
    "Y/S": 0.002279432836423896,
    "Y/C": 0.014074981612337159,
    "Y/F": 0.0022682997279518825,
    "H/N": 0.002667923749720945,
    "H/D": 0.0021448215028181897,
    "H/Y": 0.008145430709145788,
    "H/P": 0.0022439813609841245,
    "H/R": 0.01093627537548703,
    "H/L": 0.002090598701597942,
    "H/Q": 0.006505268072201143,
    "Q/K": 0.004307010226390041,
    "Q/E": 0.003440172457035157,
    "Q/P": 0.002966938502481759,
    "Q/R": 0.01129960772923666,
    "Q/L": 0.0020476635546356797,
    "Q/H": 0.007262693122552511,
    "N/H": 0.0017445457606388274,
    "N/D": 0.004181449037032713,
    "N/Y": 0.0010980407040838682,
    "N/T": 0.001631837270025248,
    "N/S": 0.0068538688836724815,
    "N/I": 0.0015832305608887232,
    "N/K": 0.00542070817982725,
    "K/Q": 0.0016194986771009348,
    "K/E": 0.003933893568959504,
    "K/T": 0.001455996555951646,
    "K/R": 0.0037978397704847653,
    "K/I": 0.0004870907069465276,
    "K/N": 0.0035703386301771884,
    "K/M": 0.0005689388986387721,
    "D/N": 0.021861417726624706,
    "D/H": 0.004084883526333613,
    "D/Y": 0.0033886519074309697,
    "D/A": 0.0020287285872773054,
    "D/G": 0.008018272527701148,
    "D/V": 0.003008292616342138,
    "D/E": 0.00737230631296559,
    "E/K": 0.018309081454808127,
    "E/Q": 0.003535023826738314,
    "E/A": 0.0015852594682241221,
    "E/G": 0.004545126621827618,
    "E/V": 0.0012115824426288612,
    "E/D": 0.004539391440912512,
    "C/S": 0.0006080851196600378,
    "C/R": 0.0012883787526669014,
    "C/G": 0.0002921008117428138,
    "C/Y": 0.0014609865734696217,
    "C/F": 0.0005221655491466277,
    "C/W": 0.00038256444734222376,
    "W/R": 0.0023145483484360027,
    "W/G": 0.0004408615988754485,
    "W/S": 0.0003904409760943242,
    "W/L": 0.0005383395658087822,
    "W/C": 0.0014036920388086588,
    "R/S": 0.006946011399468216,
    "R/G": 0.011658562412507727,
    "R/C": 0.046820654787153394,
    "R/H": 0.053945425924055476,
    "R/P": 0.006140465162638532,
    "R/L": 0.006873686947344478,
    "R/Q": 0.04833244570125334,
    "R/W": 0.026815501250681766,
    "R/K": 0.006588089404809831,
    "R/T": 0.0026863125722570037,
    "R/I": 0.0014622543492518124,
    "R/M": 0.0006848703614906895,
    "G/S": 0.051870248509722446,
    "G/R": 0.039720710959097884,
    "G/C": 0.0060946441687753355,
    "G/D": 0.018966571665492253,
    "G/A": 0.008520562617432099,
    "G/V": 0.01183160019240453,
    "G/E": 0.014089305814140767,
    "G/W": 0.0019176657730749897
}