{
    "F/I": 0.00029427595980028757,
    "F/L": 0.0024023311899361746,
    "F/V": 0.0003509306516654765,
    "F/Y": 0.00021332386538409247,
    "F/S": 0.0008269684585870762,
    "F/C": 0.00036010358780640497,
    "L/I": 0.0009566424255713755,
    "L/V": 0.002776068926576019,
    "L/S": 0.000703200007482988,
    "L/F": 0.0037860056038696555,
    "L/M": 0.001401138103595102,
    "L/W": 0.00022613438006012984,
    "L/H": 0.00046057196711660284,
    "L/P": 0.00650611863471336,
    "L/R": 0.0014635339513522567,
    "L/Q": 0.0008766711789641087,
    "I/L": 0.00035143142916639223,
    "I/V": 0.001844631964546659,
    "I/F": 0.0003680653607274229,
    "I/N": 0.0003879685820860508,
    "I/T": 0.001288598049845852,
    "I/S": 0.00021262323129916515,
    "I/M": 0.0005607538551070778,
    "I/K": 3.4523343658161384e-05,
    "I/R": 3.174260327045832e-05,
    "M/L": 0.0005990955240782497,
    "M/V": 0.001490822417512836,
    "M/K": 0.0003447768157974663,
    "M/T": 0.0019471440534413289,
    "M/R": 0.00031071725668255993,
    "M/I": 0.0016980219328585106,
    "V/I": 0.009314388987546073,
    "V/L": 0.003702616264605932,
    "V/F": 0.0009627330202906462,
    "V/D": 0.00040513583019717944,
    "V/A": 0.0037822396779520506,
    "V/G": 0.0010471470462475898,
    "V/E": 0.0005298835548641408,
    "V/M": 0.012743662672644342,
    "S/T": 0.003770675663912759,
    "S/P": 0.005726519840039862,
    "S/A": 0.0017072999120482286,
    "S/Y": 0.0019056819502302294,
    "S/C": 0.003121506327751198,
    "S/F": 0.0062370788783512555,
    "S/L": 0.018538935044205295,
    "S/W": 0.0014778520718096394,
    "S/R": 0.006109216210265388,
    "S/G": 0.004737062380999093,
    "S/N": 0.007055431191621816,
    "S/I": 0.0015856809051668624,
    "P/T": 0.009188078745100794,
    "P/A": 0.006704180712516837,
    "P/S": 0.025824479454652074,
    "P/H": 0.004350994539750025,
    "P/R": 0.007877862345018386,
    "P/L": 0.07507255946734538,
    "P/Q": 0.004802441598973051,
    "T/P": 0.0016370337344197312,
    "T/A": 0.005846470094378443,
    "T/S": 0.002757592625339655,
    "T/N": 0.0022342155740933648,
    "T/I": 0.007429076329627349,
    "T/K": 0.00181203917822608,
    "T/R": 0.0017039809040784717,
    "T/M": 0.02171980184067789,
    "A/T": 0.05351999876680828,
    "A/P": 0.005562224326376222,
    "A/S": 0.008161013463669056,
    "A/D": 0.0036451257811836767,
    "A/G": 0.005728287131439182,
    "A/V": 0.05036001537276856,
    "A/E": 0.004518088574125223,
    "Y/N": 0.0001647975229664507,
    "Y/H": 0.0008553529721737491,
    "Y/D": 0.00016082948170118897,
    "Y/S": 0.000185363266539572,
    "Y/C": 0.0010366411425764101,
    "Y/F": 0.00017418446978011837,
    "H/N": 0.0011194697853852055,
    "H/D": 0.0008136927658324123,
    "H/Y": 0.0032137000054787406,
    "H/P": 0.000900609956459668,
    "H/R": 0.0038532012364579336,
    "H/L": 0.0007567794566297122,
    "H/Q": 0.0031507263859618852,
    "Q/K": 0.0023128342920692656,
    "Q/E": 0.0016634461632349334,
    "Q/P": 0.0014483905859037135,
    "Q/R": 0.00605684684653007,
    "Q/L": 0.0010921478847574241,
    "Q/H": 0.0037976464144146523,
    "N/H": 0.00048212403673299995,
    "N/D": 0.0011899595491221535,
    "N/Y": 0.0002820391904078207,
    "N/T": 0.00047671220440128226,
    "N/S": 0.0018361063864491766,
    "N/I": 0.00044296648355508696,
    "N/K": 0.0018595680360383887,
    "K/Q": 0.0009454812784127478,
    "K/E": 0.0023422656586266437,
    "K/T": 0.000789519080246503,
    "K/R": 0.002415291943384716,
    "K/I": 0.00014516784389375373,
    "K/N": 0.002197709202920336,
    "K/M": 0.00047152638546100453,
    "D/N": 0.013489053078726427,
    "D/H": 0.002102228695309028,
    "D/Y": 0.0017511883991276765,
    "D/A": 0.001026651971166086,
    "D/G": 0.0038229318593041707,
    "D/V": 0.0013352588593807382,
    "D/E": 0.004639448779682585,
    "E/K": 0.022983143125435316,
    "E/Q": 0.0033998840056528898,
    "E/A": 0.00133495114599142,
    "E/G": 0.003939316046215089,
    "E/V": 0.0011204411053697175,
    "E/D": 0.00413104588572002,
    "C/S": 0.0007730255714723626,
    "C/R": 0.001657422288466266,
    "C/G": 0.00036676791019321853,
    "C/Y": 0.0018353496106068288,
    "C/F": 0.0006936550610465239,
    "C/W": 0.000545710529138926,
    "W/R": 0.0016817162120943046,
    "W/G": 0.00032008092383570285,
    "W/S": 0.000290240575009234,
    "W/L": 0.00040018336879891564,
    "W/C": 0.0010392428714203433,
    "R/S": 0.00820186343905523,
    "R/G": 0.013254645713411452,
    "R/C": 0.06600707445280324,
    "R/H": 0.06906317830110056,
    "R/P": 0.008700429167559991,
    "R/L": 0.010895530981655518,
    "R/Q": 0.08262538730980817,
    "R/W": 0.06467442626433045,
    "R/K": 0.005545832531869276,
    "R/T": 0.0018594617909421856,
    "R/I": 0.0006442317703147718,
    "R/M": 0.0008699266645133707,
    "G/S": 0.03292906753956648,
    "G/R": 0.03461898668595601,
    "G/C": 0.0037673156720316324,
    "G/D": 0.010345685682239173,
    "G/A": 0.005048931823395625,
    "G/V": 0.006704391931034543,
    "G/E": 0.00864419032805229,
    "G/W": 0.002296162852813945
}