{
    "K/T": 0.0043417600557802225,
    "K/R": 0.011456340386424875,
    "K/I": 0.0014086310504159612,
    "N/T": 0.0021489325734205347,
    "N/S": 0.008629460350641691,
    "N/I": 0.002038301342215279,
    "K/M": 0.001756680172413353,
    "T/K": 0.00673825745081108,
    "T/R": 0.006415679513174505,
    "T/I": 0.02921229576322386,
    "T/N": 0.006720452909789885,
    "T/S": 0.004408591115584864,
    "T/M": 0.06083751681365914,
    "R/K": 0.025352519047863925,
    "R/T": 0.00943796272858678,
    "R/I": 0.004313765838406924,
    "S/N": 0.019345947569757167,
    "S/T": 0.0052594620736722405,
    "S/I": 0.004344412255692133,
    "R/M": 0.003292344094985075,
    "I/K": 0.0009620332708316321,
    "I/T": 0.013995865879410273,
    "I/R": 0.0008845446939138208,
    "I/N": 0.002518361174995244,
    "I/S": 0.0014828079792708585,
    "Q/P": 0.00489431144433147,
    "Q/R": 0.018144318951125355,
    "Q/L": 0.0032930246904542748,
    "H/P": 0.003299539593250382,
    "H/R": 0.015268700974176557,
    "H/L": 0.0029493833217285916,
    "P/Q": 0.0091060506056207,
    "P/R": 0.013660180543145856,
    "P/L": 0.11914151091720812,
    "P/H": 0.006996703545183888,
    "R/Q": 0.10795353982424372,
    "R/P": 0.011601638192232382,
    "R/L": 0.014032909136163603,
    "R/H": 0.09199924639477321,
    "L/Q": 0.0028367080737099256,
    "L/P": 0.02390970610426465,
    "L/R": 0.005460357306102286,
    "L/H": 0.002197550315333449,
    "E/A": 0.002528762791388722,
    "E/G": 0.007234388624812119,
    "E/V": 0.0019184684191378657,
    "D/A": 0.0014799769596774207,
    "D/G": 0.005730516697735157,
    "D/V": 0.0020998246606484913,
    "A/E": 0.009226438203764682,
    "A/G": 0.01065976461367205,
    "A/V": 0.08537626338533885,
    "A/D": 0.005977131771054056,
    "G/E": 0.018460694407060572,
    "G/A": 0.00835902106344424,
    "G/V": 0.01056657481862504,
    "G/D": 0.01283962749386737,
    "V/E": 0.001821426967243214,
    "V/A": 0.014359699201311572,
    "V/G": 0.003950650888674571,
    "V/D": 0.0016976103866206008,
    "Y/S": 0.0009345644792020162,
    "Y/C": 0.005578527899044306,
    "Y/F": 0.0009117063438319607,
    "S/L": 0.030401017330435758,
    "S/Y": 0.003751547632467266,
    "S/C": 0.004272839501582595,
    "S/F": 0.011969188117763008,
    "S/W": 0.0021446314396417403,
    "C/Y": 0.013973761481809916,
    "C/S": 0.003515751181906724,
    "C/F": 0.005230387078594816,
    "W/S": 0.0023385031292963185,
    "W/L": 0.003224325407296572,
    "L/S": 0.005122313124512163,
    "F/Y": 0.0010815919112901226,
    "F/S": 0.004034092416231429,
    "F/C": 0.0018197352065291161,
    "L/W": 0.0013603689264978182
}