{
    "F/I": 0.00032000559982943785,
    "F/L": 0.002503360811041474,
    "F/V": 0.00038395192861974365,
    "F/Y": 0.0002343611349569388,
    "F/S": 0.0008886531632337377,
    "F/C": 0.0003948578747340693,
    "L/I": 0.0010871204049216487,
    "L/V": 0.0030710414634993444,
    "L/S": 0.0010937022366188723,
    "L/F": 0.004266760764191374,
    "L/M": 0.0014968714906796448,
    "L/W": 0.0003210173803301189,
    "L/H": 0.000489290917344539,
    "L/P": 0.006822463593898302,
    "L/R": 0.0015322112974944168,
    "L/Q": 0.0009074746200926854,
    "I/L": 0.0006113058518352942,
    "I/V": 0.0030930894274124885,
    "I/F": 0.0005795801409326136,
    "I/N": 0.0006040028006483232,
    "I/T": 0.002295330441598047,
    "I/S": 0.00034143374456401497,
    "I/M": 0.0009945254831931797,
    "I/K": 8.554562378110657e-05,
    "I/R": 7.865520860594905e-05,
    "M/L": 0.0009326186816949171,
    "M/V": 0.0022755315053500165,
    "M/K": 0.0005462194245981242,
    "M/T": 0.003084801111177827,
    "M/R": 0.000492259900844241,
    "M/I": 0.002642540399580462,
    "V/I": 0.010694355646542636,
    "V/L": 0.004570888320506147,
    "V/F": 0.0011559647080109686,
    "V/D": 0.0005198175986941848,
    "V/A": 0.004978922909572915,
    "V/G": 0.0013763152358266231,
    "V/E": 0.0006910403625953171,
    "V/M": 0.014016273696038379,
    "S/T": 0.004302295752777708,
    "S/P": 0.006887766996311854,
    "S/A": 0.0020412004757381893,
    "S/Y": 0.002213758439467224,
    "S/C": 0.00354890746376502,
    "S/F": 0.007078684328337359,
    "S/L": 0.01980724141290918,
    "S/W": 0.001538498552627138,
    "S/R": 0.006111119977346107,
    "S/G": 0.004957616585459652,
    "S/N": 0.007407981843063372,
    "S/I": 0.001663855924724159,
    "P/T": 0.01198566882483922,
    "P/A": 0.00851898733156568,
    "P/S": 0.0331513577877062,
    "P/H": 0.005160805686633474,
    "P/R": 0.009663886225564874,
    "P/L": 0.08935171689904624,
    "P/Q": 0.006050058628520129,
    "T/P": 0.0018000775706627505,
    "T/A": 0.00644712354866351,
    "T/S": 0.003068903848632063,
    "T/N": 0.002435202097047398,
    "T/I": 0.008596392158986301,
    "T/K": 0.0017729515808611593,
    "T/R": 0.0016774105333805774,
    "T/M": 0.01868956426660884,
    "A/T": 0.04533338582161714,
    "A/P": 0.00502472099761266,
    "A/S": 0.007271935894569546,
    "A/D": 0.003398839970645966,
    "A/G": 0.005009352254123215,
    "A/V": 0.03971863278386614,
    "A/E": 0.0036538149455910907,
    "Y/N": 0.0002688039736306299,
    "Y/H": 0.0013142601245168112,
    "Y/D": 0.0002547344839630473,
    "Y/S": 0.00028745918824613656,
    "Y/C": 0.0017016205434359152,
    "Y/F": 0.0002790712414567157,
    "H/N": 0.0010807123012380293,
    "H/D": 0.0008117700193516574,
    "H/Y": 0.003161888933611786,
    "H/P": 0.0008737547858871343,
    "H/R": 0.003867624434279121,
    "H/L": 0.0007540622675058313,
    "H/Q": 0.002879836641293121,
    "Q/K": 0.0028459041548340456,
    "Q/E": 0.002077918531378363,
    "Q/P": 0.0017740836980737718,
    "Q/R": 0.007269419650446926,
    "Q/L": 0.0013121651933138741,
    "Q/H": 0.004622726680457442,
    "N/H": 0.0006994732317457863,
    "N/D": 0.0016863658240908125,
    "N/Y": 0.0004285911717371208,
    "N/T": 0.0006766992811926971,
    "N/S": 0.0027094309595606116,
    "N/I": 0.0006409216756414767,
    "N/K": 0.0024114558523256175,
    "K/Q": 0.002191813254311415,
    "K/E": 0.00534458654197574,
    "K/T": 0.001931826966173083,
    "K/R": 0.005519719540014519,
    "K/I": 0.0004855969491537739,
    "K/N": 0.005140557783442708,
    "K/M": 0.0009750612267647056,
    "D/N": 0.014093382204562143,
    "D/H": 0.0024450529473512917,
    "D/Y": 0.002045026596824114,
    "D/A": 0.0012222162908590674,
    "D/G": 0.0046632448587855275,
    "D/V": 0.0016789450115174604,
    "D/E": 0.00506352436995703,
    "E/K": 0.030992187304955492,
    "E/Q": 0.0051771553930148465,
    "E/A": 0.002170633717162985,
    "E/G": 0.006351081234734863,
    "E/V": 0.0017732536812792678,
    "E/D": 0.006547104133144647,
    "C/S": 0.0005359080579797633,
    "C/R": 0.0011334125736175385,
    "C/G": 0.00025907664823032295,
    "C/Y": 0.0012859335378242775,
    "C/F": 0.00048565326884647444,
    "C/W": 0.0003784503901273587,
    "W/R": 0.001004179691413803,
    "W/G": 0.0002003304449052067,
    "W/S": 0.00017585278402358254,
    "W/L": 0.00024246561501949063,
    "W/C": 0.0006253776210953757,
    "R/S": 0.007452312780072032,
    "R/G": 0.01214106312134647,
    "R/C": 0.05925438554418606,
    "R/H": 0.0625675528872281,
    "R/P": 0.00790444779666805,
    "R/L": 0.009752256125600923,
    "R/Q": 0.0748250821114823,
    "R/W": 0.057427848142004696,
    "R/K": 0.005274676865123867,
    "R/T": 0.0018571701988088238,
    "R/I": 0.0007421160256760463,
    "R/M": 0.0007626879837647619,
    "G/S": 0.021268856371313132,
    "G/R": 0.02366157839664867,
    "G/C": 0.0026610573819852964,
    "G/D": 0.007990444683498748,
    "G/A": 0.0039588413886809766,
    "G/V": 0.005284953884804765,
    "G/E": 0.006946022793154042,
    "G/W": 0.0016233997213085391
}