{
    "F/I": 0.0003439410044931337,
    "F/L": 0.00245887131091479,
    "F/V": 0.0004127721431880203,
    "F/Y": 0.00025720947625023537,
    "F/S": 0.0009051867213850805,
    "F/C": 0.00043067918849827916,
    "L/I": 0.0006338467502928692,
    "L/V": 0.0015346555868606206,
    "L/S": 0.0008666925353249323,
    "L/F": 0.002300365526886439,
    "L/M": 0.000645861278037751,
    "L/W": 0.0001996953453731208,
    "L/H": 0.00023864377766444285,
    "L/P": 0.0030279864733715,
    "L/R": 0.0006813531429088514,
    "L/Q": 0.0003813425510175848,
    "I/L": 0.0005195222154916518,
    "I/V": 0.002449813083975044,
    "I/F": 0.0004061831926217044,
    "I/N": 0.00041852947173957135,
    "I/T": 0.0020757163685486925,
    "I/S": 0.00025522766170716623,
    "I/M": 0.0008185076515343342,
    "I/K": 0.00011124757134802126,
    "I/R": 0.00010228694986985839,
    "M/L": 0.0006295132226004747,
    "M/V": 0.0015861700925148313,
    "M/K": 0.0003798819750136802,
    "M/T": 0.00214540216965153,
    "M/R": 0.00034235447318691083,
    "M/I": 0.0018730623697926967,
    "V/I": 0.005702393836815192,
    "V/L": 0.0024633309317545274,
    "V/F": 0.0006333260631958604,
    "V/D": 0.00030292148889764486,
    "V/A": 0.002874737802244287,
    "V/G": 0.0007901642526814474,
    "V/E": 0.00038418906734373297,
    "V/M": 0.006721742646986589,
    "S/T": 0.006522033391455699,
    "S/P": 0.009582778039887593,
    "S/A": 0.002755292569588746,
    "S/Y": 0.0030558138939749905,
    "S/C": 0.005158487405311378,
    "S/F": 0.00922624634322859,
    "S/L": 0.0160825664007547,
    "S/W": 0.0011230547619872945,
    "S/R": 0.00801644715922062,
    "S/G": 0.007208179502772691,
    "S/N": 0.011406288386863028,
    "S/I": 0.0025584900297488727,
    "P/T": 0.004608944223230907,
    "P/A": 0.0032833051282965633,
    "P/S": 0.012803681524522997,
    "P/H": 0.0019464651242409874,
    "P/R": 0.0034309372522388936,
    "P/L": 0.0275964751408779,
    "P/Q": 0.0020087305365690425,
    "T/P": 0.0013066687410247437,
    "T/A": 0.004640528518180201,
    "T/S": 0.0022357572772471216,
    "T/N": 0.0016180358108369584,
    "T/I": 0.006498625330601217,
    "T/K": 0.0012001261553397772,
    "T/R": 0.0011445270533668604,
    "T/M": 0.010369273072609018,
    "A/T": 0.016693122510127244,
    "A/P": 0.002183532056777962,
    "A/S": 0.003097974538484286,
    "A/D": 0.0015187982590108126,
    "A/G": 0.0022590722700661374,
    "A/V": 0.016790152871697238,
    "A/E": 0.0016465342139722586,
    "Y/N": 0.0005864338631740933,
    "Y/H": 0.002839118559995969,
    "Y/D": 0.0005416618940070246,
    "Y/S": 0.000597656546074471,
    "Y/C": 0.003656848092552223,
    "Y/F": 0.0005915445527650505,
    "H/N": 0.0016507163947762113,
    "H/D": 0.0013101339254254602,
    "H/Y": 0.004963645005299696,
    "H/P": 0.00134678682493743,
    "H/R": 0.006452210728710257,
    "H/L": 0.001237617126486779,
    "H/Q": 0.0037438396581465794,
    "Q/K": 0.0020514426694621325,
    "Q/E": 0.0015744503530623194,
    "Q/P": 0.0013375735631216976,
    "Q/R": 0.0051305657714421265,
    "Q/L": 0.0009293710512222942,
    "Q/H": 0.003303318540225241,
    "N/H": 0.0009060830655592683,
    "N/D": 0.0021340088193313803,
    "N/Y": 0.0005941890431425596,
    "N/T": 0.0008445083622106112,
    "N/S": 0.003748875004967731,
    "N/I": 0.000843103604377502,
    "N/K": 0.0027922476994012204,
    "K/Q": 0.003013668179331401,
    "K/E": 0.0073311093205784585,
    "K/T": 0.0027701102317249453,
    "K/R": 0.007336942538285494,
    "K/I": 0.0008894966242575506,
    "K/N": 0.006865762799174708,
    "K/M": 0.0011334401905739313,
    "D/N": 0.01569331830609698,
    "D/H": 0.003538866806054479,
    "D/Y": 0.0029920096876497227,
    "D/A": 0.0018590301817144543,
    "D/G": 0.007392213561164337,
    "D/V": 0.0027922420191928087,
    "D/E": 0.006841329592083901,
    "E/K": 0.025873383499722867,
    "E/Q": 0.005628215100695238,
    "E/A": 0.0025980830852015066,
    "E/G": 0.007467004426378436,
    "E/V": 0.0020017758215422907,
    "E/D": 0.007497761693855717,
    "C/S": 0.0004243314226535669,
    "C/R": 0.000923250000928317,
    "C/G": 0.00020293132228732636,
    "C/Y": 0.001000405874660594,
    "C/F": 0.0003557503073110853,
    "C/W": 0.0002601975260981669,
    "W/R": 0.0013325714585955247,
    "W/G": 0.0002694900941353947,
    "W/S": 0.0002313203499870092,
    "W/L": 0.00031894423075271033,
    "W/C": 0.0008195191742532559,
    "R/S": 0.014712420979945596,
    "R/G": 0.025257638417302112,
    "R/C": 0.09598609912930318,
    "R/H": 0.1047161929302664,
    "R/P": 0.013702007232541946,
    "R/L": 0.015867325622715187,
    "R/Q": 0.1266421353151311,
    "R/W": 0.08349384826599221,
    "R/K": 0.013748950290512256,
    "R/T": 0.005393970151439896,
    "R/I": 0.002741839292674985,
    "R/M": 0.0015842147694209382,
    "G/S": 0.013763122149697082,
    "G/R": 0.016028272646248534,
    "G/C": 0.0019238775811060255,
    "G/D": 0.006378685853543163,
    "G/A": 0.0031128149472866226,
    "G/V": 0.004238574047158372,
    "G/E": 0.0055662169302853415,
    "G/W": 0.0008970944345131112
}