{
    "F/I": 0.0005198398847568966,
    "F/L": 0.003796646399498633,
    "F/V": 0.0006296676394583138,
    "F/Y": 0.0003977708715738577,
    "F/S": 0.0014229267464815636,
    "F/C": 0.0006669193298039868,
    "L/I": 0.001675653778857854,
    "L/V": 0.004023394449735368,
    "L/S": 0.0021307749216521316,
    "L/F": 0.006229705499874644,
    "L/M": 0.0016413285013137258,
    "L/W": 0.0005354456723752481,
    "L/H": 0.0006799162778403863,
    "L/P": 0.008008315551553296,
    "L/R": 0.0018198770669564407,
    "L/Q": 0.000983069821726803,
    "I/L": 0.0011863602018802723,
    "I/V": 0.005697016632477777,
    "I/F": 0.0009515507991145454,
    "I/N": 0.000995954344547661,
    "I/T": 0.004590613292223416,
    "I/S": 0.0005936569746212613,
    "I/M": 0.0018554998073746468,
    "I/K": 0.0002277133111991896,
    "I/R": 0.00020937176214359937,
    "M/L": 0.0015332020647900481,
    "M/V": 0.0038654855763349473,
    "M/K": 0.000929853264576784,
    "M/T": 0.00525139212306337,
    "M/R": 0.0008379956025127294,
    "M/I": 0.004588447391180218,
    "V/I": 0.01509240670424189,
    "V/L": 0.005830582059555593,
    "V/F": 0.0018140884471800397,
    "V/D": 0.0009014613161822343,
    "V/A": 0.007399422487617235,
    "V/G": 0.002053909124383819,
    "V/E": 0.0009153540806651621,
    "V/M": 0.012107457148965915,
    "S/T": 0.007486189820480487,
    "S/P": 0.011446628889531123,
    "S/A": 0.0033998995798667623,
    "S/Y": 0.0037865488489410406,
    "S/C": 0.006199789635529243,
    "S/F": 0.011660107335201477,
    "S/L": 0.019804472038176077,
    "S/W": 0.0013627463700881775,
    "S/R": 0.00957496073498026,
    "S/G": 0.008594037232489441,
    "S/N": 0.0131767881593997,
    "S/I": 0.002956385196970777,
    "P/T": 0.009216850046621297,
    "P/A": 0.0065826211237042,
    "P/S": 0.02560046463943201,
    "P/H": 0.004026804796540487,
    "P/R": 0.006664348471217441,
    "P/L": 0.04834137485253642,
    "P/Q": 0.00362336852117668,
    "T/P": 0.0032606453285008254,
    "T/A": 0.011683607900657953,
    "T/S": 0.005598249416902774,
    "T/N": 0.004023353023324894,
    "T/I": 0.016596806145688783,
    "T/K": 0.002867693226752177,
    "T/R": 0.0027434674811266336,
    "T/M": 0.022607497369946862,
    "A/T": 0.03258378427851572,
    "A/P": 0.004719536393295779,
    "A/S": 0.006605442881183783,
    "A/D": 0.0034943320432847705,
    "A/G": 0.004870160545699661,
    "A/V": 0.03183157603018739,
    "A/E": 0.0033400101259056444,
    "Y/N": 0.0003353079311736369,
    "Y/H": 0.0016439775010214088,
    "Y/D": 0.0003141232250381753,
    "Y/S": 0.0003571127226290398,
    "Y/C": 0.0021857509800202136,
    "Y/F": 0.0003535277862418228,
    "H/N": 0.0017630970011153803,
    "H/D": 0.001391373327488587,
    "H/Y": 0.0052915579558239145,
    "H/P": 0.0014643210557344077,
    "H/R": 0.0069598817341925525,
    "H/L": 0.0013371187679332441,
    "H/Q": 0.004169392297222844,
    "Q/K": 0.0036843275719771022,
    "Q/E": 0.0028878736332378675,
    "Q/P": 0.002481465720640084,
    "Q/R": 0.00949540587078912,
    "Q/L": 0.0017202637387203363,
    "Q/H": 0.006117149748770188,
    "N/H": 0.0016697868110360622,
    "N/D": 0.003948837621714103,
    "N/Y": 0.0010657187376228224,
    "N/T": 0.001614610368970644,
    "N/S": 0.006755592994422957,
    "N/I": 0.0015634669899190633,
    "N/K": 0.005475702855832302,
    "K/Q": 0.004280489580058552,
    "K/E": 0.010345003646300156,
    "K/T": 0.003956755597377551,
    "K/R": 0.01056451127642634,
    "K/I": 0.001242254693044271,
    "K/N": 0.010050260627613201,
    "K/M": 0.0016577312084253399,
    "D/N": 0.014883500814200623,
    "D/H": 0.0031497858420315886,
    "D/Y": 0.0026397661632003317,
    "D/A": 0.0016457119445671075,
    "D/G": 0.0064701308806394695,
    "D/V": 0.0024129847015584003,
    "D/E": 0.0060739454828058,
    "E/K": 0.023280464070661405,
    "E/Q": 0.0052352964095451196,
    "E/A": 0.0024829909697296885,
    "E/G": 0.007122727452977643,
    "E/V": 0.0019010126981095763,
    "E/D": 0.007144002003187712,
    "C/S": 0.0007957816836795743,
    "C/R": 0.0016503937592242267,
    "C/G": 0.00037711167135917974,
    "C/Y": 0.001931688099398957,
    "C/F": 0.0006721434542949206,
    "C/W": 0.0004617254560458165,
    "W/R": 0.0014093334486914983,
    "W/G": 0.0002690538853636662,
    "W/S": 0.0002360298043742631,
    "W/L": 0.00032543762100952124,
    "W/C": 0.0008401036593263726,
    "R/S": 0.007716679677791866,
    "R/G": 0.01262731351993035,
    "R/C": 0.042951200694848646,
    "R/H": 0.04667924383008668,
    "R/P": 0.006285889992439434,
    "R/L": 0.0072417353981190655,
    "R/Q": 0.0595838826982796,
    "R/W": 0.039970256630172146,
    "R/K": 0.008245016557846397,
    "R/T": 0.003070123222532062,
    "R/I": 0.0014040063923087753,
    "R/M": 0.0010701664249740028,
    "G/S": 0.018766145874457383,
    "G/R": 0.023494197156789905,
    "G/C": 0.002718844351559536,
    "G/D": 0.009365647687069368,
    "G/A": 0.00491164578833365,
    "G/V": 0.006564522435389259,
    "G/E": 0.00932080775212121,
    "G/W": 0.0015372049462866197
}