{
    "F/I": 0.0007950007296519173,
    "F/L": 0.00587310183381704,
    "F/V": 0.0009617805395324946,
    "F/Y": 0.0006028814591446343,
    "F/S": 0.0021636094008139215,
    "F/C": 0.0010110814759876784,
    "L/I": 0.001918617559628573,
    "L/V": 0.004702288816170224,
    "L/S": 0.0023298227383116064,
    "L/F": 0.007083544313977784,
    "L/M": 0.001978340948284044,
    "L/W": 0.0005897100997712353,
    "L/H": 0.0007763769325165892,
    "L/P": 0.009578912001891586,
    "L/R": 0.0021665794183819633,
    "L/Q": 0.001203651804728975,
    "I/L": 0.0015087412017752955,
    "I/V": 0.007292864458612568,
    "I/F": 0.001210332983606163,
    "I/N": 0.0012513908656513963,
    "I/T": 0.005813302655493762,
    "I/S": 0.0007497519235706262,
    "I/M": 0.0024276941804224216,
    "I/K": 0.0002884840488185345,
    "I/R": 0.00026524761918121653,
    "M/L": 0.0016446771142869375,
    "M/V": 0.004224212138103912,
    "M/K": 0.0009909574800236098,
    "M/T": 0.0055964811902394045,
    "M/R": 0.0008930634995563839,
    "M/I": 0.004862975705897833,
    "V/I": 0.01694132668421147,
    "V/L": 0.0069543144978632815,
    "V/F": 0.002009499412337734,
    "V/D": 0.0009695382341040705,
    "V/A": 0.008352443448519684,
    "V/G": 0.00231607283701373,
    "V/E": 0.0010668249030222,
    "V/M": 0.01731447338020073,
    "S/T": 0.0060172307391835,
    "S/P": 0.009095027744401003,
    "S/A": 0.0027246088513884483,
    "S/Y": 0.002986883969184053,
    "S/C": 0.004969888996463994,
    "S/F": 0.009161494745332033,
    "S/L": 0.018738505157934873,
    "S/W": 0.0013444077017366698,
    "S/R": 0.008071758662997247,
    "S/G": 0.007161925070904245,
    "S/N": 0.010851238907624104,
    "S/I": 0.002434437893447322,
    "P/T": 0.008666817241610355,
    "P/A": 0.006236364876682772,
    "P/S": 0.024206711289392994,
    "P/H": 0.0038200404552748055,
    "P/R": 0.006606370614284025,
    "P/L": 0.052946213998408015,
    "P/Q": 0.0037769661030085553,
    "T/P": 0.002839419854306256,
    "T/A": 0.010253461861556656,
    "T/S": 0.004880571936995704,
    "T/N": 0.0035459902349153447,
    "T/I": 0.01433640595987233,
    "T/K": 0.0025587232746016324,
    "T/R": 0.0024426440443040135,
    "T/M": 0.021488958354103447,
    "A/T": 0.04265307815089551,
    "A/P": 0.005257093553024436,
    "A/S": 0.007570170161657285,
    "A/D": 0.0036508462437971462,
    "A/G": 0.00545468406800296,
    "A/V": 0.04098590762250981,
    "A/E": 0.003985531100829769,
    "Y/N": 0.0006282620468080165,
    "Y/H": 0.0030485777469323925,
    "Y/D": 0.000586523047785856,
    "Y/S": 0.0006619898362147356,
    "Y/C": 0.0040393383888704905,
    "Y/F": 0.00065415939252313,
    "H/N": 0.0015642765517695312,
    "H/D": 0.0012280906704225762,
    "H/Y": 0.004667394428996862,
    "H/P": 0.0013062563376226813,
    "H/R": 0.0062035474925187005,
    "H/L": 0.0011920086638604413,
    "H/Q": 0.0038128062023896872,
    "Q/K": 0.0034303577566767857,
    "Q/E": 0.002657875050056097,
    "Q/P": 0.0023021556939362025,
    "Q/R": 0.008873365734326129,
    "Q/L": 0.0016069273183817545,
    "Q/H": 0.00565121757073489,
    "N/H": 0.0015541763841594742,
    "N/D": 0.003720113256265588,
    "N/Y": 0.001007766604195923,
    "N/T": 0.0014703429791843848,
    "N/S": 0.00634775605996921,
    "N/I": 0.0014468044444337768,
    "N/K": 0.004967013555228937,
    "K/Q": 0.0026676385142238037,
    "K/E": 0.0064631484430038785,
    "K/T": 0.002460526646982298,
    "K/R": 0.006479216295359785,
    "K/I": 0.0008027089110028077,
    "K/N": 0.0060568183782593165,
    "K/M": 0.0009894728750045616,
    "D/N": 0.01989718013194472,
    "D/H": 0.003948838245967462,
    "D/Y": 0.0033118941330043737,
    "D/A": 0.0020288418473057793,
    "D/G": 0.008041671917263854,
    "D/V": 0.0030267527793843376,
    "D/E": 0.007837460212833807,
    "E/K": 0.030992643808230042,
    "E/Q": 0.006322680145865728,
    "E/A": 0.0029264647495435506,
    "E/G": 0.008412378357897812,
    "E/V": 0.002256212368729655,
    "E/D": 0.00824983714541665,
    "C/S": 0.0014596290810652453,
    "C/R": 0.003072278096070696,
    "C/G": 0.0006948674706418414,
    "C/Y": 0.0035122083464909255,
    "C/F": 0.0012523947398405653,
    "C/W": 0.0009100895422513148,
    "W/R": 0.0018356208342645527,
    "W/G": 0.00035276890829456537,
    "W/S": 0.00031353796113772124,
    "W/L": 0.00043230577782050035,
    "W/C": 0.0011236442652865768,
    "R/S": 0.005633573536889512,
    "R/G": 0.009164391779028157,
    "R/C": 0.03607194785107224,
    "R/H": 0.039324853560846834,
    "R/P": 0.004963241095293352,
    "R/L": 0.0059222050225614985,
    "R/Q": 0.04568850028595794,
    "R/W": 0.03232419609353635,
    "R/K": 0.005271765998781779,
    "R/T": 0.001980149714357755,
    "R/I": 0.0009227414020089885,
    "R/M": 0.0006717310032671674,
    "G/S": 0.025402021016068106,
    "G/R": 0.027338928519529026,
    "G/C": 0.0032114279948922517,
    "G/D": 0.010033958433568283,
    "G/A": 0.005080717482928713,
    "G/V": 0.006817590285714387,
    "G/E": 0.009309167655205387,
    "G/W": 0.0017057071480846857
}