{
    "F/I": 0.0012257814833180475,
    "F/L": 0.00905251512708864,
    "F/V": 0.0014807120350260508,
    "F/Y": 0.0009163570118477093,
    "F/S": 0.0033110753245518517,
    "F/C": 0.00153766277942505,
    "L/I": 0.0024217054857842996,
    "L/V": 0.0059524883388396045,
    "L/S": 0.0028020150600054027,
    "L/F": 0.008916004894969328,
    "L/M": 0.002523462058327252,
    "L/W": 0.0007126789022323403,
    "L/H": 0.0009852285981820207,
    "L/P": 0.01218256181316651,
    "L/R": 0.0027562410035184,
    "L/Q": 0.0015326732262045675,
    "I/L": 0.0022889894677071815,
    "I/V": 0.011434599615055828,
    "I/F": 0.0020042006304392037,
    "I/N": 0.0020555705537931897,
    "I/T": 0.008756867564260513,
    "I/S": 0.001217123238147364,
    "I/M": 0.0036741961758879264,
    "I/K": 0.00037005991199029546,
    "I/R": 0.00034025281817775995,
    "M/L": 0.00204346444442661,
    "M/V": 0.005237740188566564,
    "M/K": 0.0012104136825369476,
    "M/T": 0.006835870905949549,
    "M/R": 0.0010908402237517075,
    "M/I": 0.005981118204247648,
    "V/I": 0.021632078382470814,
    "V/L": 0.008999175062212546,
    "V/F": 0.002566692554442533,
    "V/D": 0.001204950875008072,
    "V/A": 0.010470529688985139,
    "V/G": 0.0029055055003665343,
    "V/E": 0.001352437499860459,
    "V/M": 0.024047274246672114,
    "S/T": 0.004793156309155364,
    "S/P": 0.007192115593042423,
    "S/A": 0.0021566836542149604,
    "S/Y": 0.00237787635635258,
    "S/C": 0.003965356901495076,
    "S/F": 0.007329436439743545,
    "S/L": 0.014361289821580114,
    "S/W": 0.001029079997286489,
    "S/R": 0.0064933863231657635,
    "S/G": 0.005770464333596781,
    "S/N": 0.008729239265574052,
    "S/I": 0.0019583974872472132,
    "P/T": 0.006325217935328524,
    "P/A": 0.004578680675309328,
    "P/S": 0.017746786114808535,
    "P/H": 0.002833157457118178,
    "P/R": 0.004778530303615471,
    "P/L": 0.037175392391902484,
    "P/Q": 0.0026508766912695025,
    "T/P": 0.002753562267668215,
    "T/A": 0.009965466896189445,
    "T/S": 0.004728596740243517,
    "T/N": 0.003477346069225677,
    "T/I": 0.013752369958789177,
    "T/K": 0.0025115695448635106,
    "T/R": 0.002393717850397942,
    "T/M": 0.022076673216860358,
    "A/T": 0.03873965284504548,
    "A/P": 0.004961498546036689,
    "A/S": 0.007178869497779721,
    "A/D": 0.003570717338586726,
    "A/G": 0.0050303344805876895,
    "A/V": 0.03564800447353449,
    "A/E": 0.003450161699917236,
    "Y/N": 0.0009942508816175356,
    "Y/H": 0.004849022445600899,
    "Y/D": 0.0009359454908257018,
    "Y/S": 0.0010483833824981744,
    "Y/C": 0.006361903203275551,
    "Y/F": 0.001032638073861864,
    "H/N": 0.001758713892396931,
    "H/D": 0.0013731533808710953,
    "H/Y": 0.005211651783312212,
    "H/P": 0.001457587449903293,
    "H/R": 0.006911145234387919,
    "H/L": 0.0013284019783331399,
    "H/Q": 0.004257498986121618,
    "Q/K": 0.003352298164226873,
    "Q/E": 0.0025801221427840387,
    "Q/P": 0.0022279883424373504,
    "Q/R": 0.008640527473766046,
    "Q/L": 0.0015642334715666242,
    "Q/H": 0.005544205453883305,
    "N/H": 0.0017338013120849658,
    "N/D": 0.004194836989203065,
    "N/Y": 0.001102740543406139,
    "N/T": 0.0016377992334099362,
    "N/S": 0.006957676917112507,
    "N/I": 0.0015982823841425976,
    "N/K": 0.005581871251188614,
    "K/Q": 0.002775895021485674,
    "K/E": 0.006780169107121854,
    "K/T": 0.002529220465867864,
    "K/R": 0.006716133011423491,
    "K/I": 0.0008063920867667949,
    "K/N": 0.00626957109431299,
    "K/M": 0.0010427603784379082,
    "D/N": 0.020422310472629396,
    "D/H": 0.003967791590401549,
    "D/Y": 0.0033375947058790303,
    "D/A": 0.0020365865063452266,
    "D/G": 0.008048081271421878,
    "D/V": 0.003018949579677432,
    "D/E": 0.0077978747502552076,
    "E/K": 0.03003271292716376,
    "E/Q": 0.005997104650980715,
    "E/A": 0.002758827635256841,
    "E/G": 0.007929843874722054,
    "E/V": 0.002126390063052086,
    "E/D": 0.007849363395829815,
    "C/S": 0.0021312542401814515,
    "C/R": 0.004498787353784589,
    "C/G": 0.0010175659670979837,
    "C/Y": 0.0051022992723787335,
    "C/F": 0.0018006285195615247,
    "C/W": 0.0013049841097832148,
    "W/R": 0.002767964237749299,
    "W/G": 0.0005322053498072238,
    "W/S": 0.00046757614166485637,
    "W/L": 0.0006446934427947795,
    "W/C": 0.0016856762572892326,
    "R/S": 0.005671655871257378,
    "R/G": 0.009172767148607418,
    "R/C": 0.03980257313594064,
    "R/H": 0.04325079777546777,
    "R/P": 0.005249116759206968,
    "R/L": 0.006268650354397964,
    "R/Q": 0.046402268898942105,
    "R/W": 0.032131098219356065,
    "R/K": 0.004835767314174806,
    "R/T": 0.0018273697187154699,
    "R/I": 0.0008624669357658649,
    "R/M": 0.0006081539946538752,
    "G/S": 0.021545481699240376,
    "G/R": 0.023428812786097257,
    "G/C": 0.0028328904530535203,
    "G/D": 0.008946358029527406,
    "G/A": 0.004503483074092216,
    "G/V": 0.006043684918281366,
    "G/E": 0.008228245287703108,
    "G/W": 0.001441690227200069
}