{
    "F/I": 0.00032102261387152535,
    "F/L": 0.00251250407563931,
    "F/V": 0.00038537759844979943,
    "F/Y": 0.00023517260776762086,
    "F/S": 0.000892384485967777,
    "F/C": 0.0003962500276229626,
    "L/I": 0.0010881061809186643,
    "L/V": 0.003070017585511943,
    "L/S": 0.001094258889517938,
    "L/F": 0.004265311932188915,
    "L/M": 0.0014951314422253722,
    "L/W": 0.0003214172809887647,
    "L/H": 0.0004890097666752068,
    "L/P": 0.006818934691821872,
    "L/R": 0.00153122799432621,
    "L/Q": 0.0009070433695323567,
    "I/L": 0.0006120962410126388,
    "I/V": 0.00309803538540457,
    "I/F": 0.0005812673342380452,
    "I/N": 0.00060515555336196,
    "I/T": 0.002302416829447011,
    "I/S": 0.00034268979985714197,
    "I/M": 0.000994934357876897,
    "I/K": 8.540535416136126e-05,
    "I/R": 7.852623723705266e-05,
    "M/L": 0.0009344697322981359,
    "M/V": 0.002280061234556933,
    "M/K": 0.0005474211848433436,
    "M/T": 0.0030915881113701953,
    "M/R": 0.000493342942480092,
    "M/I": 0.002647511584826279,
    "V/I": 0.010690614359403295,
    "V/L": 0.004573005137285894,
    "V/F": 0.0011576457310125562,
    "V/D": 0.0005211850655816107,
    "V/A": 0.004985604746635649,
    "V/G": 0.0013785139235914321,
    "V/E": 0.0006912896419207673,
    "V/M": 0.014002865832227372,
    "S/T": 0.004299412332712736,
    "S/P": 0.006879977805496273,
    "S/A": 0.002039082615273228,
    "S/Y": 0.002212343401779859,
    "S/C": 0.0035476491556125076,
    "S/F": 0.007072407780658304,
    "S/L": 0.019774763372556098,
    "S/W": 0.0015359758682697486,
    "S/R": 0.006108789647713852,
    "S/G": 0.00495627394117554,
    "S/N": 0.007407731063865544,
    "S/I": 0.0016637982524008008,
    "P/T": 0.012011197127407763,
    "P/A": 0.008535964854630262,
    "P/S": 0.033219623723498015,
    "P/H": 0.0051696664406336015,
    "P/R": 0.009673587313179816,
    "P/L": 0.08930727348717726,
    "P/Q": 0.006050865724767885,
    "T/P": 0.0017998143212188363,
    "T/A": 0.00644488993869163,
    "T/S": 0.0030687862486815163,
    "T/N": 0.0024331731489529037,
    "T/I": 0.008595727790927491,
    "T/K": 0.001771292760497632,
    "T/R": 0.0016758934282847405,
    "T/M": 0.018658918887488208,
    "A/T": 0.045284709388861796,
    "A/P": 0.005022989288263223,
    "A/S": 0.007267818829410562,
    "A/D": 0.003398252081977637,
    "A/G": 0.005007539540901019,
    "A/V": 0.03967888514173199,
    "A/E": 0.0036506647649409865,
    "Y/N": 0.0002692005217020254,
    "Y/H": 0.0013175903528789177,
    "Y/D": 0.0002550866595295895,
    "Y/S": 0.00028765536660510353,
    "Y/C": 0.0017020645051247084,
    "Y/F": 0.00027919341958365873,
    "H/N": 0.0010803607511520193,
    "H/D": 0.0008112758089064714,
    "H/Y": 0.003159926969154669,
    "H/P": 0.0008732727904372765,
    "H/R": 0.0038671872711387063,
    "H/L": 0.0007539066680516894,
    "H/Q": 0.00287701711547339,
    "Q/K": 0.0028482348658651043,
    "Q/E": 0.0020800253027791257,
    "Q/P": 0.0017764740549278445,
    "Q/R": 0.007277869453319178,
    "Q/L": 0.0013137030154183689,
    "Q/H": 0.004627231284732147,
    "N/H": 0.0007034461766210066,
    "N/D": 0.001695174316531997,
    "N/Y": 0.00043059141526141014,
    "N/T": 0.000679770621109284,
    "N/S": 0.002725023991861786,
    "N/I": 0.0006442183928871705,
    "N/K": 0.0024202947424714688,
    "K/Q": 0.002195920071718178,
    "K/E": 0.00535462135497335,
    "K/T": 0.0019360918283089818,
    "K/R": 0.005528363103926082,
    "K/I": 0.0004878529737465844,
    "K/N": 0.005148556213982979,
    "K/M": 0.0009755913636802473,
    "D/N": 0.014078189924626632,
    "D/H": 0.002444380575055702,
    "D/Y": 0.0020445003671721133,
    "D/A": 0.0012220074246291131,
    "D/G": 0.004663935873182378,
    "D/V": 0.001679843947665013,
    "D/E": 0.0050608164562793365,
    "E/K": 0.030957209957934807,
    "E/Q": 0.005175853222143011,
    "E/A": 0.0021710192014930793,
    "E/G": 0.006351231561208336,
    "E/V": 0.0017726931841188457,
    "E/D": 0.006543834650109519,
    "C/S": 0.0005350293266526808,
    "C/R": 0.0011315541109202217,
    "C/G": 0.0002586518388557938,
    "C/Y": 0.0012838249856810386,
    "C/F": 0.0004848569405676197,
    "C/W": 0.00037782984298573676,
    "W/R": 0.0010025331325690045,
    "W/G": 0.00020000196199645892,
    "W/S": 0.00017556443726712823,
    "W/L": 0.0002420680428455227,
    "W/C": 0.0006243521860441015,
    "R/S": 0.007452926698299324,
    "R/G": 0.01213800056063729,
    "R/C": 0.05928231176648038,
    "R/H": 0.06261233806167699,
    "R/P": 0.00790284846593345,
    "R/L": 0.009749739028727555,
    "R/Q": 0.07474122140998443,
    "R/W": 0.05733419591512747,
    "R/K": 0.005272460260850354,
    "R/T": 0.0018565482265524398,
    "R/I": 0.0007420355224608943,
    "R/M": 0.0007622517717237612,
    "G/S": 0.0212598567432531,
    "G/R": 0.023704027629092458,
    "G/C": 0.0026645407622800984,
    "G/D": 0.008012664972428633,
    "G/A": 0.003977243634233656,
    "G/V": 0.00530770084328067,
    "G/E": 0.0069964033022186485,
    "G/W": 0.001621552195598887
}