{
    "S/C": 0.003612495953930297,
    "N/H": 0.0017710450158428862,
    "K/E": 0.006822499020801556,
    "S/I": 0.0017898296425330159,
    "Y/N": 0.0011032173557801552,
    "D/N": 0.02050339091821471,
    "A/G": 0.004923578296089454,
    "Q/R": 0.008533541424608219,
    "I/K": 0.00039293452024152006,
    "F/S": 0.0036435429736113374,
    "T/I": 0.013456440998954265,
    "C/R": 0.0049447028037753514,
    "T/A": 0.009799680234231183,
    "S/F": 0.0066879254892006764,
    "K/I": 0.0007987149892380427,
    "E/A": 0.002692455145950484,
    "M/T": 0.00717002505709295,
    "T/P": 0.0027059005327426484,
    "E/Q": 0.005872391858755802,
    "M/V": 0.005510597375663904,
    "R/S": 0.005709755323340458,
    "H/Q": 0.004372636225780156,
    "I/N": 0.002288667026546609,
    "A/P": 0.004890787275935187,
    "A/V": 0.034478498807985286,
    "F/V": 0.0016306581389837968,
    "R/P": 0.005340658824324897,
    "Q/L": 0.0015446887558544316,
    "I/L": 0.0025134909602877813,
    "R/G": 0.009185022515500305,
    "N/I": 0.0016281329999802677,
    "I/V": 0.012625423778426409,
    "N/D": 0.004297561201096816,
    "F/L": 0.009979769116198484,
    "L/S": 0.0029250677640333548,
    "C/W": 0.0014301635461720472,
    "Q/H": 0.0054854781889465505,
    "R/W": 0.032072519862660506,
    "G/E": 0.007926430873615987,
    "T/M": 0.022179913618721417,
    "K/Q": 0.002786688313665233,
    "V/A": 0.011069678495997732,
    "H/D": 0.0014088969974336975,
    "I/T": 0.009600077351359131,
    "I/S": 0.0013519560764668973,
    "L/M": 0.002686279301627416,
    "S/Y": 0.0021645867482275277,
    "R/H": 0.04472663737876535,
    "C/G": 0.0011180830422588277,
    "P/L": 0.03275751919724697,
    "S/P": 0.00653386758006679,
    "R/I": 0.0008428898639211257,
    "P/Q": 0.0023275879882959003,
    "N/K": 0.005718864577230422,
    "P/R": 0.004242292389459173,
    "S/L": 0.012939543684414223,
    "Y/F": 0.0011448526298477569,
    "L/I": 0.002566466937092971,
    "Q/K": 0.003315647601940309,
    "N/S": 0.0070708241672713616,
    "L/R": 0.0029320088038267775,
    "V/F": 0.00273177077539901,
    "I/M": 0.004034326526254615,
    "L/H": 0.0010473918127398391,
    "S/A": 0.0019604245854883055,
    "S/R": 0.005948721873439285,
    "D/H": 0.0039480763910883215,
    "P/H": 0.002536540375487197,
    "H/L": 0.0013614288644663787,
    "K/T": 0.0025287036808727017,
    "D/V": 0.002993956456909339,
    "Y/D": 0.001039928365817029,
    "N/Y": 0.001120268355812967,
    "M/K": 0.0012695816747630884,
    "V/E": 0.001433368361426373,
    "N/T": 0.0016725398269312687,
    "R/K": 0.004707963304402387,
    "T/N": 0.0034338306520282956,
    "V/I": 0.023074877449195296,
    "R/T": 0.0017812778989247326,
    "S/G": 0.005277317482863483,
    "F/Y": 0.0010066406758556757,
    "M/I": 0.006285280953700487,
    "R/C": 0.0412120083132668,
    "V/M": 0.026165552773610788,
    "C/S": 0.002339200988063901,
    "R/Q": 0.04648329555311267,
    "W/G": 0.0005875526920649083,
    "D/Y": 0.0033240555182144902,
    "P/S": 0.01580968025041545,
    "H/Y": 0.005346350008169305,
    "W/L": 0.0007100964293989859,
    "L/Q": 0.001630788625720218,
    "I/R": 0.00036128495289438516,
    "K/M": 0.001052841978014097,
    "K/R": 0.006737236100923444,
    "D/E": 0.0077477479837424704,
    "S/W": 0.0009276896587492507,
    "V/G": 0.0030725091921425204,
    "E/G": 0.007740175822364761,
    "G/R": 0.022449756221205836,
    "G/A": 0.0043522230275061975,
    "F/I": 0.0013505670627186703,
    "A/E": 0.0033208149177488292,
    "L/P": 0.01295677927775828,
    "V/L": 0.009600724656963548,
    "Y/H": 0.005383918557265453,
    "Y/C": 0.007049878380037673,
    "A/S": 0.0070943957561610815,
    "L/W": 0.0007459001857899995,
    "W/R": 0.0030543992292361042,
    "G/S": 0.02067401300401517,
    "M/R": 0.0011441631717735029,
    "L/V": 0.006317169406427158,
    "H/P": 0.0014949135173117903,
    "F/C": 0.0016893985567976474,
    "I/F": 0.002233600891392519,
    "L/F": 0.009448930563119708,
    "A/T": 0.037992927580781724,
    "E/V": 0.002076226809788727,
    "P/A": 0.004082276838287689,
    "P/T": 0.005620811250796235,
    "T/S": 0.004647309253802426,
    "G/V": 0.0058448170990698925,
    "T/R": 0.002360481482178162,
    "G/C": 0.0027455134044181008,
    "E/K": 0.029732734965049027,
    "H/N": 0.0018075617383892335,
    "H/R": 0.007081670157513046,
    "W/S": 0.0005150108976276311,
    "W/C": 0.001858643986277838,
    "Q/P": 0.002195799956886181,
    "D/G": 0.00799237719339205,
    "G/D": 0.008685146417035348,
    "T/K": 0.002478345963315151,
    "M/L": 0.002152400083457029,
    "G/W": 0.0013707320538949726,
    "R/M": 0.0005904723324832683,
    "R/L": 0.006389287039369188,
    "K/N": 0.006286472770836255,
    "E/D": 0.007688012544542162,
    "V/D": 0.0012723619925002017,
    "Q/E": 0.002544575899414512,
    "C/Y": 0.005591912681978326,
    "D/A": 0.0020249484079832513,
    "Y/S": 0.001163093772024142,
    "C/F": 0.001971292601850866,
    "A/D": 0.0035458785333987368,
    "S/N": 0.00797769983443652,
    "S/T": 0.004363891351193667
}