{
    "F/I": 0.00067210215007769,
    "F/L": 0.004862599626381571,
    "F/V": 0.0008178778108612427,
    "F/Y": 0.0005059072600052186,
    "F/S": 0.001818997862082281,
    "F/C": 0.0008485778069458979,
    "L/I": 0.0020317112012271945,
    "L/V": 0.004637056923036505,
    "L/S": 0.0023271662535546116,
    "L/F": 0.0073884958156699276,
    "L/M": 0.0017567483566218146,
    "L/W": 0.0005580930598246404,
    "L/H": 0.0008203623897930758,
    "L/P": 0.008915874522291041,
    "L/R": 0.0020491114352080547,
    "L/Q": 0.0010534099852941266,
    "I/L": 0.0013566763458110612,
    "I/V": 0.006664695608376935,
    "I/F": 0.0011194887965608872,
    "I/N": 0.001159037883701768,
    "I/T": 0.005106145329051788,
    "I/S": 0.0006764709806406211,
    "I/M": 0.0020662929291145565,
    "I/K": 0.00024601629669512197,
    "I/R": 0.00022620050309682312,
    "M/L": 0.004605178316736277,
    "M/V": 0.011890476613538602,
    "M/K": 0.0026931878061770614,
    "M/T": 0.01520991082149465,
    "M/R": 0.002427135145182813,
    "M/I": 0.01326431279977308,
    "V/I": 0.016920246712367665,
    "V/L": 0.006615639953198461,
    "V/F": 0.002114703996743995,
    "V/D": 0.0009953127746154112,
    "V/A": 0.008086612354489731,
    "V/G": 0.0022521088562918344,
    "V/E": 0.0009938684665374959,
    "V/M": 0.01651207433527878,
    "S/T": 0.007554530045583459,
    "S/P": 0.011504775519006435,
    "S/A": 0.003479356372078845,
    "S/Y": 0.0038816884194921224,
    "S/C": 0.006439061083076853,
    "S/F": 0.011863455311525642,
    "S/L": 0.022136168397498476,
    "S/W": 0.0015807389955869522,
    "S/R": 0.010094468055105804,
    "S/G": 0.009261428513834236,
    "S/N": 0.01374315246430157,
    "S/I": 0.0030839540912886636,
    "P/T": 0.014929872191502613,
    "P/A": 0.01082818157939936,
    "P/S": 0.04199101151452682,
    "P/H": 0.006438398137627181,
    "P/R": 0.01078113865161657,
    "P/L": 0.07760956372124651,
    "P/Q": 0.0058828312575910265,
    "T/P": 0.003194821951970468,
    "T/A": 0.011549053991910816,
    "T/S": 0.005590322327152743,
    "T/N": 0.00414063018380751,
    "T/I": 0.016412075186697437,
    "T/K": 0.0025806631028634616,
    "T/R": 0.0024720755199204754,
    "T/M": 0.019538854966213375,
    "A/T": 0.03478782197187679,
    "A/P": 0.0048147131442042215,
    "A/S": 0.006802874348574168,
    "A/D": 0.003618845856265804,
    "A/G": 0.004764598939601268,
    "A/V": 0.030158872675117562,
    "A/E": 0.0029793624960437774,
    "Y/N": 0.0006246315575933562,
    "Y/H": 0.003017463799143343,
    "Y/D": 0.000584815579630962,
    "Y/S": 0.0006550992855740173,
    "Y/C": 0.003997207663731576,
    "Y/F": 0.0006473421743577229,
    "H/N": 0.0022776608847356705,
    "H/D": 0.0017655972399742267,
    "H/Y": 0.006722284604744153,
    "H/P": 0.0018847727834385693,
    "H/R": 0.008947961861371813,
    "H/L": 0.0017194633451867462,
    "H/Q": 0.005378704072043392,
    "Q/K": 0.006281190002079527,
    "Q/E": 0.004855786090336317,
    "Q/P": 0.004175528040525516,
    "Q/R": 0.01628062818925355,
    "Q/L": 0.002946492510566429,
    "Q/H": 0.010421536910481477,
    "N/H": 0.0024921651806835135,
    "N/D": 0.006050527130490787,
    "N/Y": 0.0016075759611080271,
    "N/T": 0.002407650136058037,
    "N/S": 0.009971355634653574,
    "N/I": 0.0023193452045390797,
    "N/K": 0.008168756697876381,
    "K/Q": 0.0010190281564990823,
    "K/E": 0.0024730163900741945,
    "K/T": 0.0009117514244767419,
    "K/R": 0.002402079298640964,
    "K/I": 0.0002970447363715823,
    "K/N": 0.002301302552953043,
    "K/M": 0.0003671988017564281,
    "D/N": 0.010419785399186756,
    "D/H": 0.002083243902020329,
    "D/Y": 0.0017381160229797236,
    "D/A": 0.0010649181213916567,
    "D/G": 0.004164479963858189,
    "D/V": 0.0015436731653097131,
    "D/E": 0.003995756073544037,
    "E/K": 0.01099980376203615,
    "E/Q": 0.002082207389363336,
    "E/A": 0.0009322728895948027,
    "E/G": 0.0026760049217704317,
    "E/V": 0.0007152652472695723,
    "E/D": 0.0026857780064572733,
    "C/S": 0.0004438588581882255,
    "C/R": 0.00092888641564071,
    "C/G": 0.00022285094869629632,
    "C/Y": 0.0010748815567734398,
    "C/F": 0.0003897455921867522,
    "C/W": 0.0002519784659932816,
    "W/R": 0.000876312461211036,
    "W/G": 0.00016819504362118552,
    "W/S": 0.00014138957235238867,
    "W/L": 0.00019494777866677028,
    "W/C": 0.0005125368078694357,
    "R/S": 0.00410211550228178,
    "R/G": 0.007046159212105501,
    "R/C": 0.02281856769359344,
    "R/H": 0.025270588568685873,
    "R/P": 0.003470063984958458,
    "R/L": 0.003991386402948041,
    "R/Q": 0.033241451381622,
    "R/W": 0.0222279223643773,
    "R/K": 0.004329131273850714,
    "R/T": 0.0016556338377613827,
    "R/I": 0.0008008894788306108,
    "R/M": 0.000530044706567117,
    "G/S": 0.026566415307425807,
    "G/R": 0.029546354734215394,
    "G/C": 0.0038850172373695703,
    "G/D": 0.013192923528030143,
    "G/A": 0.006748191834026725,
    "G/V": 0.009056715550809847,
    "G/E": 0.012592959458749742,
    "G/W": 0.0018923686063999077
}