{
    "F/I": 0.00034543929552506976,
    "F/L": 0.00248782162874833,
    "F/V": 0.0004150583240891883,
    "F/Y": 0.0002634096502253841,
    "F/S": 0.0009269066023739295,
    "F/C": 0.00044105712417297265,
    "L/I": 0.000635448833724494,
    "L/V": 0.0015236246118800053,
    "L/S": 0.000884402165537562,
    "L/F": 0.002315346412058368,
    "L/M": 0.0006346215021000137,
    "L/W": 0.00020301834739363015,
    "L/H": 0.00024173065554583732,
    "L/P": 0.0030575801674431625,
    "L/R": 0.0006879886096868199,
    "L/Q": 0.0003842342031845083,
    "I/L": 0.0005219455167379615,
    "I/V": 0.0024546961106063267,
    "I/F": 0.0004056863518170977,
    "I/N": 0.00042846410484226414,
    "I/T": 0.00212295836245114,
    "I/S": 0.00026129966800575216,
    "I/M": 0.000836968744385959,
    "I/K": 0.00011356228610122794,
    "I/R": 0.00010441522205643582,
    "M/L": 0.0006386146377530502,
    "M/V": 0.001610700822550668,
    "M/K": 0.00039128377621014886,
    "M/T": 0.002209794403644629,
    "M/R": 0.00035262992161232864,
    "M/I": 0.0019287427010029996,
    "V/I": 0.005434129954518612,
    "V/L": 0.0024275822331322546,
    "V/F": 0.00060746833576213,
    "V/D": 0.0003064587127942836,
    "V/A": 0.0029129511759078174,
    "V/G": 0.0008006567107611871,
    "V/E": 0.00038907167648504783,
    "V/M": 0.006447801592999723,
    "S/T": 0.006635196229252112,
    "S/P": 0.009741536225337534,
    "S/A": 0.0028015397719165294,
    "S/Y": 0.003128699051945838,
    "S/C": 0.005263721723973693,
    "S/F": 0.009431241207206616,
    "S/L": 0.01622497585982432,
    "S/W": 0.0011281363025191853,
    "S/R": 0.008072313069450509,
    "S/G": 0.007283059476331735,
    "S/N": 0.01159876104422344,
    "S/I": 0.0026014879683543034,
    "P/T": 0.004624584134690062,
    "P/A": 0.0032929729547494123,
    "P/S": 0.01284558245194657,
    "P/H": 0.0019649026860331454,
    "P/R": 0.003446635854667204,
    "P/L": 0.027364172439956206,
    "P/Q": 0.002005408586215962,
    "T/P": 0.001309575178619894,
    "T/A": 0.004647434634134612,
    "T/S": 0.0022535538940127785,
    "T/N": 0.0016267409385819344,
    "T/I": 0.0065999108807703,
    "T/K": 0.0012136751938079224,
    "T/R": 0.0011579789804713099,
    "T/M": 0.010352903822362043,
    "A/T": 0.015924686910021874,
    "A/P": 0.0021212746406190776,
    "A/S": 0.0030003881907179,
    "A/D": 0.0015054597780309342,
    "A/G": 0.0022456261385913976,
    "A/V": 0.01654787379502828,
    "A/E": 0.0016379460157766902,
    "Y/N": 0.0005934964986382395,
    "Y/H": 0.002862182920950383,
    "Y/D": 0.0005464259346970964,
    "Y/S": 0.0006126698033527748,
    "Y/C": 0.0037517515645893876,
    "Y/F": 0.000606693883660951,
    "H/N": 0.0016540891189559307,
    "H/D": 0.0013205271176060399,
    "H/Y": 0.00499289213905576,
    "H/P": 0.0013653031970974902,
    "H/R": 0.006563242978140643,
    "H/L": 0.0012580589640063444,
    "H/Q": 0.003765209337996282,
    "Q/K": 0.0020528956046802983,
    "Q/E": 0.0015775491496859326,
    "Q/P": 0.0013518050265685455,
    "Q/R": 0.005175211582220683,
    "Q/L": 0.0009375578167504565,
    "Q/H": 0.0033327648072890522,
    "N/H": 0.0009068234979079361,
    "N/D": 0.0021352947657230425,
    "N/Y": 0.0005954304827499289,
    "N/T": 0.000858514043415482,
    "N/S": 0.003813270675777652,
    "N/I": 0.0008573475090684276,
    "N/K": 0.002833006688232792,
    "K/Q": 0.0030380413369333913,
    "K/E": 0.0073970713639852975,
    "K/T": 0.002814750470749274,
    "K/R": 0.007443467036279256,
    "K/I": 0.0009077449032282481,
    "K/N": 0.0069746954213705595,
    "K/M": 0.0011463418262694597,
    "D/N": 0.01581328234800047,
    "D/H": 0.0035648367067739124,
    "D/Y": 0.003012626821693764,
    "D/A": 0.0018872694248760979,
    "D/G": 0.007515577300471027,
    "D/V": 0.002843482644845857,
    "D/E": 0.006922015227478034,
    "E/K": 0.025615310276075057,
    "E/Q": 0.005619742794173664,
    "E/A": 0.0026281896742292622,
    "E/G": 0.007549919275859632,
    "E/V": 0.0020217371360708174,
    "E/D": 0.0075783093238824565,
    "C/S": 0.0004163045618591251,
    "C/R": 0.0008808592755990773,
    "C/G": 0.000192932742410745,
    "C/Y": 0.0009994043820633653,
    "C/F": 0.0003535016008604253,
    "C/W": 0.00025630946753248536,
    "W/R": 0.0013334328059619598,
    "W/G": 0.0002700541877711969,
    "W/S": 0.0002356264922564,
    "W/L": 0.0003248815347283432,
    "W/C": 0.0008347126997165023,
    "R/S": 0.014836341691198159,
    "R/G": 0.025415013291508814,
    "R/C": 0.09576224604177659,
    "R/H": 0.10516961306258074,
    "R/P": 0.013769935154397698,
    "R/L": 0.01589387667969466,
    "R/Q": 0.12687207803594416,
    "R/W": 0.08209951173016176,
    "R/K": 0.014012416771592696,
    "R/T": 0.005510757038497306,
    "R/I": 0.002813978115750537,
    "R/M": 0.0016047715820780594,
    "G/S": 0.013076675468252603,
    "G/R": 0.01555707970755824,
    "G/C": 0.0018587364092577797,
    "G/D": 0.00635302362358608,
    "G/A": 0.003129336750329492,
    "G/V": 0.004257535059926658,
    "G/E": 0.005654735964313896,
    "G/W": 0.0008843644628016562
}