{
    "F/I": 0.0005515725797451572,
    "F/L": 0.004017240417420003,
    "F/V": 0.0006586516571902946,
    "F/Y": 0.000411606300094482,
    "F/S": 0.001428143397969087,
    "F/C": 0.0006884274126900584,
    "L/I": 0.0013481164027252252,
    "L/V": 0.0035061954031005305,
    "L/S": 0.0019307729841149294,
    "L/F": 0.004952100777772362,
    "L/M": 0.0015778266759127787,
    "L/W": 0.0005011935893534173,
    "L/H": 0.0005043659825000556,
    "L/P": 0.0070857174752405345,
    "L/R": 0.0015739824960293292,
    "L/Q": 0.0009338027423523944,
    "I/L": 0.0011525535233857774,
    "I/V": 0.005546275072936545,
    "I/F": 0.0009368407146712453,
    "I/N": 0.0009281470498983305,
    "I/T": 0.004538467737471603,
    "I/S": 0.0005818909432048227,
    "I/M": 0.0018137448223558682,
    "I/K": 0.00021799155958636927,
    "I/R": 0.00020043306525504472,
    "M/L": 0.0016185496167227965,
    "M/V": 0.003953327476196709,
    "M/K": 0.0009736872166367866,
    "M/T": 0.005498946526903011,
    "M/R": 0.0008774993182777753,
    "M/I": 0.0045920251814146685,
    "V/I": 0.01109023721925166,
    "V/L": 0.006165708323157292,
    "V/F": 0.0015350323454119377,
    "V/D": 0.000775473338259588,
    "V/A": 0.007426589459249,
    "V/G": 0.0020539333034221754,
    "V/E": 0.0010031441196035739,
    "V/M": 0.014793647960840803,
    "S/T": 0.004926050612129704,
    "S/P": 0.0070194083158570736,
    "S/A": 0.002082729781111529,
    "S/Y": 0.002184793909486594,
    "S/C": 0.003840275001466689,
    "S/F": 0.00651139857940274,
    "S/L": 0.013791474960055316,
    "S/W": 0.0009625577836352615,
    "S/R": 0.006881088019969173,
    "S/G": 0.0059327465682834125,
    "S/N": 0.009150149591038062,
    "S/I": 0.002050828949391198,
    "P/T": 0.00561459218737818,
    "P/A": 0.004015061791796553,
    "P/S": 0.015626351451983257,
    "P/H": 0.0023221650268878784,
    "P/R": 0.004016067295978919,
    "P/L": 0.029616061852085294,
    "P/Q": 0.002297253312797531,
    "T/P": 0.0020981420352375745,
    "T/A": 0.007541884087873922,
    "T/S": 0.003519887936429219,
    "T/N": 0.002317915180910457,
    "T/I": 0.01052902841045242,
    "T/K": 0.001988865119209087,
    "T/R": 0.0019032961294242672,
    "T/M": 0.015531682698623426,
    "A/T": 0.02427458593585916,
    "A/P": 0.003919717889295163,
    "A/S": 0.005471502882394305,
    "A/D": 0.0026547329922254016,
    "A/G": 0.004242698073253805,
    "A/V": 0.030168275255752806,
    "A/E": 0.003204191014874056,
    "Y/N": 0.0005597715229676409,
    "Y/H": 0.00277717010120807,
    "Y/D": 0.0005316171715747176,
    "Y/S": 0.0005927839359909832,
    "Y/C": 0.0037681305012975687,
    "Y/F": 0.0006001515619854142,
    "H/N": 0.0013243957608674985,
    "H/D": 0.0010238097489104884,
    "H/Y": 0.00388295375967935,
    "H/P": 0.0010880964082176912,
    "H/R": 0.005234504324846635,
    "H/L": 0.0010032162718016412,
    "H/Q": 0.003188099176504645,
    "Q/K": 0.0033728278679567227,
    "Q/E": 0.0025706968803800656,
    "Q/P": 0.00220557168763309,
    "Q/R": 0.008514961182514354,
    "Q/L": 0.0015418838132179205,
    "Q/H": 0.005308704542794642,
    "N/H": 0.001545321703838433,
    "N/D": 0.0036341186366064984,
    "N/Y": 0.000994609479948054,
    "N/T": 0.001405155704769661,
    "N/S": 0.006445032820012541,
    "N/I": 0.0014272174517975151,
    "N/K": 0.004947912538024816,
    "K/Q": 0.0027406090027908745,
    "K/E": 0.006573212613529933,
    "K/T": 0.0025489466102784682,
    "K/R": 0.006641047190307343,
    "K/I": 0.0008552868582958554,
    "K/N": 0.00600248491659397,
    "K/M": 0.000992507965660725,
    "D/N": 0.04980612731500659,
    "D/H": 0.010408827148109388,
    "D/Y": 0.00878190800123011,
    "D/A": 0.005279460473383811,
    "D/G": 0.021623612587311273,
    "D/V": 0.008432158928770214,
    "D/E": 0.02180646545261348,
    "E/K": 0.09660644506449724,
    "E/Q": 0.02176462511668696,
    "E/A": 0.010406706118320574,
    "E/G": 0.02992441237836538,
    "E/V": 0.008031685567051462,
    "E/D": 0.02774793023069133,
    "C/S": 0.0008131819843391653,
    "C/R": 0.0016890336761614245,
    "C/G": 0.0003950134270259448,
    "C/Y": 0.0019606133276167978,
    "C/F": 0.0006733422903594616,
    "C/W": 0.0004984842143414072,
    "W/R": 0.0015206549289919716,
    "W/G": 0.00029325359097650086,
    "W/S": 0.0002536678066789303,
    "W/L": 0.00034975687816693273,
    "W/C": 0.0009019680131123785,
    "R/S": 0.004044948301774818,
    "R/G": 0.007106927709102209,
    "R/C": 0.0208142026357715,
    "R/H": 0.02250713380479842,
    "R/P": 0.0035382291399050103,
    "R/L": 0.0040889725717245,
    "R/Q": 0.03782728998836484,
    "R/W": 0.027405719980433417,
    "R/K": 0.004418890414740296,
    "R/T": 0.00164027849659731,
    "R/I": 0.0007449625843375579,
    "R/M": 0.0005773081555943442,
    "G/S": 0.01905497395613187,
    "G/R": 0.02607071197131921,
    "G/C": 0.0027351814353240834,
    "G/D": 0.009223447709166376,
    "G/A": 0.005167782185805965,
    "G/V": 0.006871290740357566,
    "G/E": 0.010371476649397762,
    "G/W": 0.0018268045158668599
}