{
    "K/T": 0.008939127530843029,
    "K/R": 0.026958584218364952,
    "K/I": 0.002392022780528968,
    "N/T": 0.005767974350612602,
    "N/S": 0.02915729524923768,
    "N/I": 0.004957185649880483,
    "K/M": 0.0031742349617466864,
    "T/K": 0.005091663388771781,
    "T/R": 0.0050367516453911675,
    "T/I": 0.035153601594009466,
    "T/N": 0.009215367219482238,
    "T/S": 0.017086237212007516,
    "T/M": 0.012343375458485042,
    "R/K": 0.014300586883265479,
    "R/T": 0.006226039148711087,
    "R/I": 0.0024976438379498422,
    "S/N": 0.023411453693150938,
    "S/T": 0.01687499509716577,
    "S/I": 0.006943253756131344,
    "R/M": 0.0017787482587934434,
    "I/K": 0.00109907535348034,
    "I/T": 0.026240529125076625,
    "I/R": 0.0009388227146348761,
    "I/N": 0.005620889323700245,
    "I/S": 0.0038875273017826145,
    "Q/P": 0.008253851386409456,
    "Q/R": 0.025555813304555097,
    "Q/L": 0.005756487710415637,
    "H/P": 0.006109491775005295,
    "H/R": 0.01886078304146061,
    "H/L": 0.004641443125441956,
    "P/Q": 0.0056758010670808585,
    "P/R": 0.016298982115581374,
    "P/L": 0.0506510403534075,
    "P/H": 0.007869469182745161,
    "R/Q": 0.0347350396317103,
    "R/P": 0.007173546883982693,
    "R/L": 0.012235232943459955,
    "R/H": 0.02744298424032965,
    "L/Q": 0.0056351775834574454,
    "L/P": 0.030253849145113806,
    "L/R": 0.011288005370144374,
    "L/H": 0.003908819610440403,
    "E/A": 0.009673712179536746,
    "E/G": 0.023638665039486025,
    "E/V": 0.008709114564947705,
    "D/A": 0.006545703940533944,
    "D/G": 0.022496724906734086,
    "D/V": 0.0112204863387427,
    "A/E": 0.006644320949054229,
    "A/G": 0.015199626600145013,
    "A/V": 0.05468453203427837,
    "A/D": 0.010227872528551304,
    "G/E": 0.02094266653667152,
    "G/A": 0.014293862996320914,
    "G/V": 0.01938832800465293,
    "G/D": 0.023501665842990516,
    "V/E": 0.0041021313600966445,
    "V/A": 0.02493833635347922,
    "V/G": 0.01211840540779814,
    "V/D": 0.0035437685817417334,
    "Y/S": 0.0040200439069817484,
    "Y/C": 0.02191342771429308,
    "Y/F": 0.004711763776403864,
    "S/L": 0.015777600715421572,
    "S/Y": 0.007214450529562129,
    "S/C": 0.016248833125453162,
    "S/F": 0.020771487581541136,
    "S/W": 0.0014543207137181862,
    "C/Y": 0.014438146403673035,
    "C/S": 0.007192597896992293,
    "C/F": 0.005571020495528055,
    "W/S": 0.001459923952838657,
    "W/L": 0.0016790106024490638,
    "L/S": 0.007337161466300439,
    "F/Y": 0.003844662522511013,
    "F/S": 0.009543997193897848,
    "F/C": 0.005154699828877078,
    "L/W": 0.00235812318385012
}