{
    "K/T": 0.008988014284462113,
    "K/R": 0.027146415736659213,
    "K/I": 0.0024030808293583586,
    "N/T": 0.005787016747202909,
    "N/S": 0.029296719267341682,
    "N/I": 0.004951494468022541,
    "K/M": 0.0031894048423534867,
    "T/K": 0.005086648325703832,
    "T/R": 0.005017940402238239,
    "T/I": 0.03530060423387838,
    "T/N": 0.009252667026699956,
    "T/S": 0.017208365967240742,
    "T/M": 0.012354419785619969,
    "R/K": 0.014374658934433415,
    "R/T": 0.006242242083744497,
    "R/I": 0.0025068495861973418,
    "S/N": 0.02355720429438659,
    "S/T": 0.016992911491188138,
    "S/I": 0.0069660786437112454,
    "R/M": 0.001784992266824252,
    "I/K": 0.0010916925617311004,
    "I/T": 0.02628177034588643,
    "I/R": 0.0009327878169259001,
    "I/N": 0.00557212776846278,
    "I/S": 0.003873373841790817,
    "Q/P": 0.008240144088715219,
    "Q/R": 0.025691956648976024,
    "Q/L": 0.005787016747202909,
    "H/P": 0.006094647285188777,
    "H/R": 0.018902030418100436,
    "H/L": 0.004648387908536464,
    "P/Q": 0.0056914477013947995,
    "P/R": 0.016310073486375757,
    "P/L": 0.05077515544107376,
    "P/H": 0.007894625230793591,
    "R/Q": 0.03466413700868887,
    "R/P": 0.006982195317116756,
    "R/L": 0.0121262416200367,
    "R/H": 0.027353387753024705,
    "L/Q": 0.005622739777929205,
    "L/P": 0.029940820706249593,
    "L/R": 0.011197695032954355,
    "L/H": 0.003904476193976888,
    "E/A": 0.009723443539334579,
    "E/G": 0.023748625134659047,
    "E/V": 0.008738912718317306,
    "D/A": 0.0065563758408238165,
    "D/G": 0.022516123742121915,
    "D/V": 0.01120674298995394,
    "A/E": 0.006628476748164254,
    "A/G": 0.01528793709407896,
    "A/V": 0.054934105425663966,
    "A/D": 0.010202419763000077,
    "G/E": 0.020793053431013567,
    "G/A": 0.014241201568689545,
    "G/V": 0.019122574369965308,
    "G/D": 0.023256076975494176,
    "V/E": 0.004084587087999864,
    "V/A": 0.025065951124067284,
    "V/G": 0.012125110625411753,
    "V/D": 0.0035176760322446566,
    "Y/S": 0.004000045239784998,
    "Y/C": 0.021835264977903193,
    "Y/F": 0.00473208151078262,
    "S/L": 0.01581187035408614,
    "S/Y": 0.007222814423574452,
    "S/C": 0.016343155079155486,
    "S/F": 0.02082585227513706,
    "S/W": 0.0014420181468087572,
    "C/Y": 0.0142018995054726,
    "C/S": 0.007087377817236924,
    "C/F": 0.0054587455573117385,
    "W/S": 0.001432687441152936,
    "W/L": 0.0016690653177670774,
    "L/S": 0.0073376103780066785,
    "F/Y": 0.0038663051253848917,
    "F/S": 0.009498092860313681,
    "F/C": 0.00514263255963876,
    "L/W": 0.0023564273010792517
}