{
    "K/T": 0.003644270227230967,
    "K/R": 0.006614809824217554,
    "K/I": 0.0011943406627059473,
    "N/T": 0.0037055184663440928,
    "N/S": 0.014056470876462302,
    "N/I": 0.00557358975929442,
    "K/M": 0.0015312059778281374,
    "T/K": 0.005634837998407546,
    "T/R": 0.007074171617565995,
    "T/I": 0.019231947081521407,
    "T/N": 0.005175476205059104,
    "T/S": 0.0038586390641269066,
    "T/M": 0.01114717951858884,
    "R/K": 0.006277944509095364,
    "R/T": 0.004471121455258162,
    "R/I": 0.0015005818582715747,
    "S/N": 0.007625405769584125,
    "S/T": 0.004103632020579408,
    "S/I": 0.004471121455258162,
    "R/M": 0.001102468304036259,
    "I/K": 0.0018986954125068903,
    "I/T": 0.021773749004716115,
    "I/R": 0.001592454216941263,
    "I/N": 0.010902186562136339,
    "I/S": 0.005420469161511607,
    "Q/P": 0.009738470018986953,
    "Q/R": 0.010810314203466651,
    "Q/L": 0.00244992956452502,
    "H/P": 0.007717278128253813,
    "H/R": 0.014393336191584493,
    "H/L": 0.003889263183683469,
    "P/Q": 0.003981135542353157,
    "P/R": 0.015097690941385435,
    "P/L": 0.03720830526122374,
    "P/H": 0.005144852085502542,
    "R/Q": 0.04241440558583941,
    "R/P": 0.027898572916028663,
    "R/L": 0.024039933851901757,
    "R/H": 0.037147057022110616,
    "L/Q": 0.006982299258896307,
    "L/P": 0.06415753047099895,
    "L/R": 0.02106939425491517,
    "L/H": 0.004379249096588473,
    "E/A": 0.004287376737918785,
    "E/G": 0.011729037790163533,
    "E/V": 0.005481717400624732,
    "D/A": 0.0053898450419550435,
    "D/G": 0.020395663624670792,
    "D/V": 0.012709009615973542,
    "A/E": 0.00836038463894163,
    "A/G": 0.005634837998407546,
    "A/V": 0.027653579959576163,
    "A/D": 0.012984626691982606,
    "G/E": 0.037147057022110616,
    "G/A": 0.019997550070435476,
    "G/V": 0.048171740062473205,
    "G/D": 0.05010105959453666,
    "V/E": 0.006002327433086299,
    "V/A": 0.011116555399032278,
    "V/G": 0.011392172475041342,
    "V/D": 0.006369816867765052,
    "Y/S": 0.006186072150425675,
    "Y/C": 0.030379126600110246,
    "Y/F": 0.0025111778036381455,
    "S/L": 0.012065903105285722,
    "S/Y": 0.006308568628651926,
    "S/C": 0.006032951552642861,
    "S/F": 0.014883322104489496,
    "S/W": 0.00278679487964721,
    "C/Y": 0.04002572426042751,
    "C/S": 0.018588840570833588,
    "C/F": 0.01773136522324983,
    "W/S": 0.004409873216145036,
    "W/L": 0.0027561707600906476,
    "L/S": 0.007288540454461934,
    "F/Y": 0.0015005818582715747,
    "F/S": 0.014515832669810743,
    "F/C": 0.00646168922643474,
    "L/W": 0.002541801923194708
}