{
    "F/I": 0.0005628623822834894,
    "F/L": 0.004029775667796385,
    "F/V": 0.0006731917690877384,
    "F/Y": 0.00042120187603238835,
    "F/S": 0.0014818306532617532,
    "F/C": 0.0007052543280969102,
    "L/I": 0.0013543933770347675,
    "L/V": 0.003245370316335712,
    "L/S": 0.001973674910877173,
    "L/F": 0.004786811775053087,
    "L/M": 0.0013455048681950855,
    "L/W": 0.0004892496882004068,
    "L/H": 0.00047894560298270163,
    "L/P": 0.006271006564631479,
    "L/R": 0.001398130198119929,
    "L/Q": 0.0008031715962799732,
    "I/L": 0.0013046766455229479,
    "I/V": 0.006102792258232935,
    "I/F": 0.0010256808337922275,
    "I/N": 0.0010249774660728312,
    "I/T": 0.0051391124481679545,
    "I/S": 0.0006357228519063595,
    "I/M": 0.0020778809033179255,
    "I/K": 0.00026829504290900403,
    "I/R": 0.0002466847704792874,
    "M/L": 0.0014396286574813392,
    "M/V": 0.0036561422865101366,
    "M/K": 0.0008822721076434913,
    "M/T": 0.004982675195087149,
    "M/R": 0.0007951148580000842,
    "M/I": 0.00421194795886478,
    "V/I": 0.012728094699194458,
    "V/L": 0.005780051310147499,
    "V/F": 0.0015429725394455246,
    "V/D": 0.0007755037435283553,
    "V/A": 0.00722973044914263,
    "V/G": 0.0019968814402715196,
    "V/E": 0.0009464096670202203,
    "V/M": 0.0115179417816263,
    "S/T": 0.0057798038021120495,
    "S/P": 0.008245330816504009,
    "S/A": 0.002419037081266954,
    "S/Y": 0.0025070658891512606,
    "S/C": 0.0044115353445513305,
    "S/F": 0.007410059555337117,
    "S/L": 0.014171334212046308,
    "S/W": 0.0009411919811581988,
    "S/R": 0.0075457672746692735,
    "S/G": 0.006653887764702108,
    "S/N": 0.010483539046824003,
    "S/I": 0.0023490739203267568,
    "P/T": 0.006043189688284191,
    "P/A": 0.004207373391051232,
    "P/S": 0.016525111867331656,
    "P/H": 0.0024607903092626615,
    "P/R": 0.004145374877347485,
    "P/L": 0.029053012243922816,
    "P/Q": 0.002283296257065009,
    "T/P": 0.0021594604938893853,
    "T/A": 0.00772919504461432,
    "T/S": 0.0036375516252039448,
    "T/N": 0.002421545531197765,
    "T/I": 0.0109932225169887,
    "T/K": 0.002002934627325865,
    "T/R": 0.0019206383890966459,
    "T/M": 0.0146662705750842,
    "A/T": 0.025135578321691714,
    "A/P": 0.003992322976174585,
    "A/S": 0.005488790576237707,
    "A/D": 0.0028342657177324337,
    "A/G": 0.004164575786711106,
    "A/V": 0.027639722693904845,
    "A/E": 0.002933860868498341,
    "Y/N": 0.0005036437869228097,
    "Y/H": 0.002473165951907845,
    "Y/D": 0.0004686021413637053,
    "Y/S": 0.000518749042314316,
    "Y/C": 0.0032717989831562923,
    "Y/F": 0.0005227487753784537,
    "H/N": 0.000975947770755167,
    "H/D": 0.0007840520302251238,
    "H/Y": 0.002931069470032304,
    "H/P": 0.0008050994756236546,
    "H/R": 0.003932656148145014,
    "H/L": 0.0007514377679532789,
    "H/Q": 0.0023361880704799447,
    "Q/K": 0.0032542817804892383,
    "Q/E": 0.0025412938048390748,
    "Q/P": 0.002146752560844634,
    "Q/R": 0.008061692890281214,
    "Q/L": 0.0014620540937733948,
    "Q/H": 0.005147999296304075,
    "N/H": 0.0014522525987221968,
    "N/D": 0.0034168527896996505,
    "N/Y": 0.0009395389682891647,
    "N/T": 0.0013327366095356047,
    "N/S": 0.0060131718297095895,
    "N/I": 0.0013419314848388219,
    "N/K": 0.004484709153765647,
    "K/Q": 0.005138869702444822,
    "K/E": 0.012332368633545823,
    "K/T": 0.004788343848775219,
    "K/R": 0.012612877787175406,
    "K/I": 0.0015608184405503157,
    "K/N": 0.011947287572735369,
    "K/M": 0.0019273664415742774,
    "D/N": 0.03610762723050005,
    "D/H": 0.007449017270284165,
    "D/Y": 0.006244109536042435,
    "D/A": 0.003725192212688916,
    "D/G": 0.015328111411248561,
    "D/V": 0.006005902993948561,
    "D/E": 0.014658159087079481,
    "E/K": 0.05968169885273663,
    "E/Q": 0.014180229179416793,
    "E/A": 0.006815604741416328,
    "E/G": 0.019502615267415875,
    "E/V": 0.005174527666486404,
    "E/D": 0.018261239908044763,
    "C/S": 0.0005049571305016906,
    "C/R": 0.0010156771679164422,
    "C/G": 0.00024202693062335732,
    "C/Y": 0.0012331177321681507,
    "C/F": 0.00040606849031040137,
    "C/W": 0.00027293107866351377,
    "W/R": 0.0013928619741210458,
    "W/G": 0.0002601255529705585,
    "W/S": 0.00022350061032433045,
    "W/L": 0.0003081623827590528,
    "W/C": 0.0007824889779942234,
    "R/S": 0.007493461935926134,
    "R/G": 0.01274919565199015,
    "R/C": 0.043998315873324464,
    "R/H": 0.0477603204562272,
    "R/P": 0.006636075339371748,
    "R/L": 0.007536612158833369,
    "R/Q": 0.06360215001248223,
    "R/W": 0.042049377428532986,
    "R/K": 0.007818255284170524,
    "R/T": 0.002977562268874096,
    "R/I": 0.0014281975583886343,
    "R/M": 0.0009663335444380186,
    "G/S": 0.014293111863246652,
    "G/R": 0.018423706339968926,
    "G/C": 0.002192702138161156,
    "G/D": 0.007774816905581661,
    "G/A": 0.0040976449069290355,
    "G/V": 0.005506951536376919,
    "G/E": 0.007898240807855311,
    "G/W": 0.0011553783456076158
}