{
    "F/I": 0.0007866095293362949,
    "F/L": 0.0057933666200699055,
    "F/V": 0.0009511615501846294,
    "F/Y": 0.0005907088332340944,
    "F/S": 0.002122199304788221,
    "F/C": 0.0009907537626402249,
    "L/I": 0.0019124157845390862,
    "L/V": 0.004696064323981738,
    "L/S": 0.0022850000197648726,
    "L/F": 0.007060130857904752,
    "L/M": 0.0019830983418961177,
    "L/W": 0.0005821914379123062,
    "L/H": 0.000771720588070307,
    "L/P": 0.009500802731046466,
    "L/R": 0.002150120990939214,
    "L/Q": 0.0011931687966954343,
    "I/L": 0.0014844774165172713,
    "I/V": 0.00715965763042531,
    "I/F": 0.0011900857625574553,
    "I/N": 0.0012202212780371058,
    "I/T": 0.005673853425740916,
    "I/S": 0.0007308951585630233,
    "I/M": 0.002371686079992335,
    "I/K": 0.00028233063775730407,
    "I/R": 0.0002595898448934368,
    "M/L": 0.0016344624035866601,
    "M/V": 0.00417964668403648,
    "M/K": 0.0009738240287459695,
    "M/T": 0.005499719180028887,
    "M/R": 0.0008776226150927195,
    "M/I": 0.004781724803745023,
    "V/I": 0.016876145747554,
    "V/L": 0.006921018843151681,
    "V/F": 0.00200110474393722,
    "V/D": 0.0009560270849726135,
    "V/A": 0.00821787831933293,
    "V/G": 0.0022791988274312364,
    "V/E": 0.0010489315125545504,
    "V/M": 0.017357908895345654,
    "S/T": 0.005920267274192966,
    "S/P": 0.008995032603982918,
    "S/A": 0.0026949446976955,
    "S/Y": 0.002926111318182911,
    "S/C": 0.004877275076148568,
    "S/F": 0.008981732515337796,
    "S/L": 0.0185766016966874,
    "S/W": 0.0013343665684724542,
    "S/R": 0.007947679304257698,
    "S/G": 0.007057050957340789,
    "S/N": 0.010629906213564421,
    "S/I": 0.002384857066266651,
    "P/T": 0.008711189250906826,
    "P/A": 0.006266907891324154,
    "P/S": 0.02432744795343766,
    "P/H": 0.0038064615319402992,
    "P/R": 0.006624454167088205,
    "P/L": 0.05376320931424568,
    "P/Q": 0.0038146507853142595,
    "T/P": 0.0028113575763858904,
    "T/A": 0.010150473605251143,
    "T/S": 0.004824535673036568,
    "T/N": 0.0034998698237597462,
    "T/I": 0.014097096262876276,
    "T/K": 0.0025144680005508915,
    "T/R": 0.002399976966859025,
    "T/M": 0.021222785267057905,
    "A/T": 0.04392672250335364,
    "A/P": 0.005367844844006036,
    "A/S": 0.007742033972798424,
    "A/D": 0.003646916774844802,
    "A/G": 0.0054970293556294994,
    "A/V": 0.04188746270508892,
    "A/E": 0.0040535000573469464,
    "Y/N": 0.0006243765199302578,
    "Y/H": 0.003020171820400116,
    "Y/D": 0.0005825821559251287,
    "Y/S": 0.0006524210884889491,
    "Y/C": 0.0039808358849905846,
    "Y/F": 0.0006446928088659658,
    "H/N": 0.0015568767296600871,
    "H/D": 0.0012211961897306408,
    "H/Y": 0.004643069354007859,
    "H/P": 0.0012881791380261367,
    "H/R": 0.006113256103269523,
    "H/L": 0.001174830913348461,
    "H/Q": 0.003776664242345348,
    "Q/K": 0.0034272968478387985,
    "Q/E": 0.002650643387448806,
    "Q/P": 0.002277673707797286,
    "Q/R": 0.008783897707113637,
    "Q/L": 0.0015906763322710146,
    "Q/H": 0.005593737556398501,
    "N/H": 0.0015240384453531174,
    "N/D": 0.003649165436879817,
    "N/Y": 0.0009882320181018483,
    "N/T": 0.0014311384647053818,
    "N/S": 0.00617265956093979,
    "N/I": 0.0014075400854531245,
    "N/K": 0.00484271344569178,
    "K/Q": 0.0026388247274453103,
    "K/E": 0.006395265448735859,
    "K/T": 0.002408324777566712,
    "K/R": 0.006353771615216066,
    "K/I": 0.0007816623313216412,
    "K/N": 0.0059407672651885166,
    "K/M": 0.0009739846039618351,
    "D/N": 0.019787696784550873,
    "D/H": 0.003913346362173039,
    "D/Y": 0.0032846617839452164,
    "D/A": 0.0019947535572078542,
    "D/G": 0.007901654437552488,
    "D/V": 0.0029719904880886406,
    "D/E": 0.007734514711129778,
    "E/K": 0.031120648367564632,
    "E/Q": 0.00631330761813754,
    "E/A": 0.002890230264861593,
    "E/G": 0.008310470453006707,
    "E/V": 0.0022302927439427933,
    "E/D": 0.008156198723584461,
    "C/S": 0.0014702462918730471,
    "C/R": 0.0031176239355501147,
    "C/G": 0.000704290682910094,
    "C/Y": 0.0035210072821846433,
    "C/F": 0.0012579448245616286,
    "C/W": 0.0009170731719178612,
    "W/R": 0.0018616196426492712,
    "W/G": 0.0003585416347615418,
    "W/S": 0.00031432200493208037,
    "W/L": 0.00043338681649644306,
    "W/C": 0.001124574979169993,
    "R/S": 0.005685848364100333,
    "R/G": 0.00923968538013179,
    "R/C": 0.036663485965610684,
    "R/H": 0.03952722184303458,
    "R/P": 0.004948745788755878,
    "R/L": 0.00592187119171759,
    "R/Q": 0.045369733470269534,
    "R/W": 0.03263334981840655,
    "R/K": 0.00527261622200193,
    "R/T": 0.0019770302003649038,
    "R/I": 0.0009178697899098574,
    "R/M": 0.0006743500709696523,
    "G/S": 0.02595885004585038,
    "G/R": 0.027699390821750276,
    "G/C": 0.003252777086069243,
    "G/D": 0.010013467788495427,
    "G/A": 0.005056903434150974,
    "G/V": 0.006786324839244052,
    "G/E": 0.009235780576336042,
    "G/W": 0.0017333890534237473
}