{
    "F/I": 0.0006623312298862942,
    "F/L": 0.004886547282294116,
    "F/V": 0.000798896093386823,
    "F/Y": 0.0005012199123535262,
    "F/S": 0.0017878134080593145,
    "F/C": 0.0008401688605382447,
    "L/I": 0.0018104708352756683,
    "L/V": 0.004322766036425955,
    "L/S": 0.0021033492617606843,
    "L/F": 0.006503983142770603,
    "L/M": 0.0017601115008889048,
    "L/W": 0.0005383821419795786,
    "L/H": 0.0007206692969644258,
    "L/P": 0.008640944044310412,
    "L/R": 0.0019576219835951538,
    "L/Q": 0.0010693393021033205,
    "I/L": 0.0012388637974493182,
    "I/V": 0.006133512118988443,
    "I/F": 0.0010353695214285394,
    "I/N": 0.0010403495187606769,
    "I/T": 0.004748991799731199,
    "I/S": 0.0006325119594933192,
    "I/M": 0.0019278204743026727,
    "I/K": 0.00021611225635700742,
    "I/R": 0.00019870513364375007,
    "M/L": 0.0016714996584475384,
    "M/V": 0.004301951167714546,
    "M/K": 0.0009956164767330336,
    "M/T": 0.005622793103692149,
    "M/R": 0.0008972622467172188,
    "M/I": 0.0049099552668700015,
    "V/I": 0.015512411738154076,
    "V/L": 0.006366362371869624,
    "V/F": 0.0019099013762476087,
    "V/D": 0.0009408698113539632,
    "V/A": 0.007837815456516599,
    "V/G": 0.00217430445796862,
    "V/E": 0.000976673274956852,
    "V/M": 0.014392620169922163,
    "S/T": 0.008769546182723013,
    "S/P": 0.012963203282565467,
    "S/A": 0.003918632474535383,
    "S/Y": 0.004418718219298422,
    "S/C": 0.007402231918543326,
    "S/F": 0.013593873313346699,
    "S/L": 0.023145331884069656,
    "S/W": 0.0016153937853498892,
    "S/R": 0.012071415317547067,
    "S/G": 0.011005745230780723,
    "S/N": 0.01635786606449728,
    "S/I": 0.0036697544155752473,
    "P/T": 0.008748882788892024,
    "P/A": 0.006348403246536265,
    "P/S": 0.02458717077745687,
    "P/H": 0.0038615254533449837,
    "P/R": 0.0063171249573026715,
    "P/L": 0.0448075705605707,
    "P/Q": 0.0033243362939270587,
    "T/P": 0.003154004480701658,
    "T/A": 0.011466481012742826,
    "T/S": 0.005375226930226156,
    "T/N": 0.003943849847343746,
    "T/I": 0.015986126032884542,
    "T/K": 0.0027885331303124637,
    "T/R": 0.0026665136350722445,
    "T/M": 0.022290978296761983,
    "A/T": 0.031002810015255233,
    "A/P": 0.004464859366916562,
    "A/S": 0.006354837653462466,
    "A/D": 0.0033080943781005445,
    "A/G": 0.004548027195479158,
    "A/V": 0.02983977383595486,
    "A/E": 0.003027733900954839,
    "Y/N": 0.0005070770233336682,
    "Y/H": 0.0024354139586742897,
    "Y/D": 0.00046984647946878255,
    "Y/S": 0.0005275807753340594,
    "Y/C": 0.0032450539108779706,
    "Y/F": 0.0005238010885748626,
    "H/N": 0.001614266181611118,
    "H/D": 0.001273829122175371,
    "H/Y": 0.004859896606568724,
    "H/P": 0.0013564357014140326,
    "H/R": 0.006514231604414268,
    "H/L": 0.001248908174813716,
    "H/Q": 0.0038808058970763743,
    "Q/K": 0.003816264576927209,
    "Q/E": 0.002967182580171473,
    "Q/P": 0.0025725787540975572,
    "Q/R": 0.01001886046743187,
    "Q/L": 0.0018133442578468241,
    "Q/H": 0.006435539439264319,
    "N/H": 0.0017569002561148947,
    "N/D": 0.004240486806968922,
    "N/Y": 0.0011256261622315143,
    "N/T": 0.0016507507410480052,
    "N/S": 0.007062645031218903,
    "N/I": 0.0016167980486104874,
    "N/K": 0.005632336166954813,
    "K/Q": 0.002039039753790542,
    "K/E": 0.004958914926438412,
    "K/T": 0.0018390495216331715,
    "K/R": 0.00485321426398386,
    "K/I": 0.0005964481922544651,
    "K/N": 0.004450067475384483,
    "K/M": 0.0007443675274853345,
    "D/N": 0.03263004287030561,
    "D/H": 0.006647026155832159,
    "D/Y": 0.00558560521052079,
    "D/A": 0.003403540114826537,
    "D/G": 0.013586760240857443,
    "D/V": 0.005154307063205277,
    "D/E": 0.013253093501739132,
    "E/K": 0.044380050159182775,
    "E/Q": 0.009496717462180813,
    "E/A": 0.004432412220468737,
    "E/G": 0.012750539111158466,
    "E/V": 0.0034254741950645595,
    "E/D": 0.012281701893659609,
    "C/S": 0.0009850414813956402,
    "C/R": 0.002051052192080444,
    "C/G": 0.00046464558258002173,
    "C/Y": 0.0023808879933508984,
    "C/F": 0.0008461219055126203,
    "C/W": 0.0006113583630651767,
    "W/R": 0.0018625095906995466,
    "W/G": 0.0003520965005254525,
    "W/S": 0.00030909011834410837,
    "W/L": 0.0004261730973261231,
    "W/C": 0.0011055071370986087,
    "R/S": 0.004525856695174902,
    "R/G": 0.007454454855918564,
    "R/C": 0.025693644614718413,
    "R/H": 0.028349518486683385,
    "R/P": 0.003709853108556358,
    "R/L": 0.004277814617645685,
    "R/Q": 0.034528214410198606,
    "R/W": 0.023549660116785595,
    "R/K": 0.004618215196279063,
    "R/T": 0.0017182606942148897,
    "R/I": 0.00078439600147374,
    "R/M": 0.0006004334063618385,
    "G/S": 0.025393316258252783,
    "G/R": 0.027711286490267724,
    "G/C": 0.0032796680554708565,
    "G/D": 0.01050188762731516,
    "G/A": 0.00539932774036155,
    "G/V": 0.0072691686031121595,
    "G/E": 0.010082905885939568,
    "G/W": 0.0017513381311504283
}