{
    "F/I": 0.0016410099457972007,
    "F/L": 0.01213808408451954,
    "F/V": 0.0019807168237880334,
    "F/Y": 0.0012209044089268007,
    "F/S": 0.004427098212994186,
    "F/C": 0.0020492936538368638,
    "L/I": 0.002904142481343178,
    "L/V": 0.0071556680786314265,
    "L/S": 0.0032578273556730314,
    "L/F": 0.010682561760382724,
    "L/M": 0.0030506264738038554,
    "L/W": 0.0008309692360795316,
    "L/H": 0.0011894176432717515,
    "L/P": 0.01474414290225442,
    "L/R": 0.0033361787664149033,
    "L/Q": 0.0018575077741692526,
    "I/L": 0.003042951854520642,
    "I/V": 0.0154366220434306,
    "I/F": 0.002770219424971181,
    "I/N": 0.0028380658486224196,
    "I/T": 0.011620008786374576,
    "I/S": 0.0016712696421445684,
    "I/M": 0.004890257310868794,
    "I/K": 0.00045001348613961205,
    "I/R": 0.00041376639813132547,
    "M/L": 0.002419707783776081,
    "M/V": 0.0061973109132380305,
    "M/K": 0.0014222271857967897,
    "M/T": 0.00803209810108738,
    "M/R": 0.0012817292500596942,
    "M/I": 0.007063149824333629,
    "V/I": 0.026266457847719853,
    "V/L": 0.010986974424841471,
    "V/F": 0.0031087678678106347,
    "V/D": 0.0014356860255620683,
    "V/A": 0.012545446490274314,
    "V/G": 0.003482925097998711,
    "V/E": 0.0016325643626590037,
    "V/M": 0.03071600200253052,
    "S/T": 0.003578204690294763,
    "S/P": 0.00528996823486368,
    "S/A": 0.0015892532189056752,
    "S/Y": 0.0017796610451714782,
    "S/C": 0.002973553432127382,
    "S/F": 0.00552917529047068,
    "S/L": 0.010090196138549787,
    "S/W": 0.0007221256555171208,
    "S/R": 0.004942968054049908,
    "S/G": 0.004380317698937157,
    "S/N": 0.0066410092267348035,
    "S/I": 0.0014899411498505118,
    "P/T": 0.003998942839062729,
    "P/A": 0.002934770262905721,
    "P/S": 0.011336242080361304,
    "P/H": 0.0018699318939890898,
    "P/R": 0.0029979009869620693,
    "P/L": 0.021885984412762412,
    "P/Q": 0.0015560625568852569,
    "T/P": 0.0026565030087608472,
    "T/A": 0.009636900213044352,
    "T/S": 0.004564374073039726,
    "T/N": 0.0034062568271771127,
    "T/I": 0.013152195597941474,
    "T/K": 0.0024639417422079877,
    "T/R": 0.00234417510568162,
    "T/M": 0.02270164665345659,
    "A/T": 0.035012036929559336,
    "A/P": 0.004651815190182415,
    "A/S": 0.006770486477771174,
    "A/D": 0.0034969138228729156,
    "A/G": 0.004635443528432967,
    "A/V": 0.03074445520692586,
    "A/E": 0.0029519249002826053,
    "Y/N": 0.0013501182316373503,
    "Y/H": 0.006602389559236835,
    "Y/D": 0.0012757186123050486,
    "Y/S": 0.0014263666110182038,
    "Y/C": 0.008632309454604815,
    "Y/F": 0.0014027259317719273,
    "H/N": 0.0019398239371829563,
    "H/D": 0.001508000756162437,
    "H/Y": 0.005717843140227972,
    "H/P": 0.001603994994406081,
    "H/R": 0.0075928268295785365,
    "H/L": 0.0014599134738419268,
    "H/Q": 0.004687631087718708,
    "Q/K": 0.003261980318368994,
    "Q/E": 0.002492631620569309,
    "Q/P": 0.002155769600526562,
    "Q/R": 0.008414202614014573,
    "Q/L": 0.0015227290996955962,
    "Q/H": 0.005438376276608106,
    "N/H": 0.0019008956035837668,
    "N/D": 0.004637839669203063,
    "N/Y": 0.001190139586498365,
    "N/T": 0.0017994063915572672,
    "N/S": 0.007544684562205826,
    "N/I": 0.0017442800006258424,
    "N/K": 0.006177793310001298,
    "K/Q": 0.002864009229333182,
    "K/E": 0.00704580874026144,
    "K/T": 0.0025919065587045927,
    "K/R": 0.006938357379826649,
    "K/I": 0.0008077384435178389,
    "K/N": 0.006471261677524832,
    "K/M": 0.0010941484225279114,
    "D/N": 0.020877779533598626,
    "D/H": 0.003967220858130448,
    "D/Y": 0.0033455706979252427,
    "D/A": 0.0020412825024493423,
    "D/G": 0.008042271571831697,
    "D/V": 0.00300649048873944,
    "D/E": 0.0077562910748489155,
    "E/K": 0.029059285681278108,
    "E/Q": 0.005653943677763896,
    "E/A": 0.00259475169039292,
    "E/G": 0.007458680554030226,
    "E/V": 0.0020003290457704824,
    "E/D": 0.007462293484613357,
    "C/S": 0.0027883858847264223,
    "C/R": 0.005889246144490705,
    "C/G": 0.0013319839279354946,
    "C/Y": 0.0066624478456703455,
    "C/F": 0.0023401465250309835,
    "C/W": 0.0016966239070679335,
    "W/R": 0.0036719373390398068,
    "W/G": 0.0007061178818079346,
    "W/S": 0.0006189091274152043,
    "W/L": 0.0008533511883426324,
    "W/C": 0.0022388083501299755,
    "R/S": 0.00572751596709003,
    "R/G": 0.009161756649447838,
    "R/C": 0.04355310493397035,
    "R/H": 0.047387762471815476,
    "R/P": 0.005542425982688764,
    "R/L": 0.0066322282916053245,
    "R/Q": 0.047080755095455715,
    "R/W": 0.03182643346221596,
    "R/K": 0.004423440107986811,
    "R/T": 0.0016820841111253278,
    "R/I": 0.0008042963749179629,
    "R/M": 0.0005486131383090049,
    "G/S": 0.01782357130748952,
    "G/R": 0.019571759427836927,
    "G/C": 0.0024582590604681543,
    "G/D": 0.007889287044951522,
    "G/A": 0.003938279626407647,
    "G/V": 0.0052858673052767575,
    "G/E": 0.007161178075659993,
    "G/W": 0.0011779611368858338
}