{
    "V/K": 6.201512435850306e-07,
    "R/Y": 8.268683247800407e-07,
    "N/H": 0.002884220116366608,
    "D/C": 9.302268653775458e-07,
    "K/E": 0.010716627075256365,
    "D/I": 1.7570951901575865e-06,
    "Y/N": 0.0013781828094426483,
    "A/H": 3.100756217925153e-07,
    "T/D": 4.1343416239002037e-07,
    "D/N": 0.01456497591561351,
    "Y/K": 5.167927029875254e-07,
    "I/K": 0.0004773097501838987,
    "F/S": 0.004022921212608567,
    "K/L": 3.100756217925153e-07,
    "G/I": 8.268683247800407e-07,
    "K/I": 0.0011054196091093585,
    "E/A": 0.004497750308597245,
    "F/D": 2.0671708119501019e-07,
    "M/T": 0.0067502431010944015,
    "R/S": 0.006437066673387278,
    "H/Q": 0.004918109538340975,
    "A/F": 7.338456382422861e-06,
    "A/P": 0.00598487303507551,
    "F/V": 0.002319882486425446,
    "Q/L": 0.0026619992459258747,
    "I/L": 0.003401632995226862,
    "P/F": 9.302268653775458e-06,
    "R/G": 0.009322527125307905,
    "I/V": 0.015649206889141665,
    "G/E": 0.01033016949444905,
    "T/L": 9.302268653775458e-07,
    "T/M": 0.0057793966456156235,
    "E/S": 7.235097841825357e-07,
    "A/L": 1.1059363843933044e-05,
    "E/W": 2.0671708119501019e-07,
    "V/P": 3.100756217925153e-07,
    "S/Y": 0.0036082466906381216,
    "I/D": 3.100756217925153e-07,
    "C/V": 1.0335854059750509e-07,
    "R/H": 0.012575944732050306,
    "K/A": 2.0671708119501016e-06,
    "C/G": 0.001888153848359941,
    "S/P": 0.009015965610400157,
    "M/S": 8.268683247800407e-07,
    "N/K": 0.006678512233933422,
    "I/P": 2.0671708119501019e-07,
    "S/L": 0.008065377216039593,
    "Y/F": 0.0019211252243365325,
    "Q/K": 0.004065504906207694,
    "E/L": 6.511588057642821e-06,
    "N/S": 0.013006018760248065,
    "L/R": 0.0049884966753432625,
    "S/V": 1.5503781089625763e-06,
    "L/H": 0.001711307382322646,
    "S/A": 0.004189535118851522,
    "Y/P": 2.0671708119501019e-07,
    "R/E": 1.136943946572556e-06,
    "D/H": 0.00522508438838007,
    "P/E": 5.167927029875254e-07,
    "A/N": 4.547775786290224e-06,
    "Q/T": 2.0671708119501019e-07,
    "Y/D": 0.0011488302062525396,
    "M/K": 0.0015083112136108092,
    "V/E": 0.0018040200027952405,
    "R/K": 0.006769054277663012,
    "T/V": 2.0671708119501019e-07,
    "S/G": 0.008911676823320919,
    "E/M": 3.514190380315173e-06,
    "F/Y": 0.0016058816715926747,
    "M/I": 0.008088219388236487,
    "Q/Y": 5.167927029875254e-07,
    "V/M": 0.011774915682887948,
    "F/T": 5.167927029875254e-07,
    "P/Y": 5.167927029875254e-07,
    "W/G": 0.0009092450968641422,
    "P/S": 0.024642123342481944,
    "H/Y": 0.008361706057643218,
    "W/L": 0.0007046985481965661,
    "L/Q": 0.0024808117314792577,
    "G/F": 6.201512435850306e-07,
    "A/I": 5.064568489277749e-06,
    "S/W": 0.0007607188743704771,
    "K/W": 1.0335854059750509e-07,
    "F/E": 1.0335854059750509e-07,
    "V/G": 0.005295161468460656,
    "V/R": 1.0335854059750508e-06,
    "E/G": 0.01107238718089694,
    "G/R": 0.018550687929969716,
    "S/K": 2.6873220555351323e-06,
    "N/L": 1.0335854059750509e-07,
    "V/L": 0.010213064350457574,
    "Y/H": 0.005292474213677107,
    "Y/C": 0.009053381474174843,
    "A/S": 0.01068375905340834,
    "H/C": 5.167927029875254e-07,
    "G/L": 2.377246433742617e-06,
    "C/P": 3.100756217925153e-07,
    "N/C": 1.0335854059750509e-07,
    "L/D": 2.0671708119501019e-07,
    "V/T": 7.235097841825357e-07,
    "E/T": 7.235097841825357e-07,
    "Q/G": 4.1343416239002037e-07,
    "E/I": 1.2403024871700612e-06,
    "T/Q": 1.0335854059750509e-07,
    "H/P": 0.00286086107978917,
    "I/Y": 3.100756217925153e-07,
    "G/H": 6.201512435850306e-07,
    "F/C": 0.002162777506196208,
    "I/F": 0.0028534192900158553,
    "G/K": 6.718305138837831e-06,
    "P/A": 0.008973691916504756,
    "C/T": 1.0335854059750509e-07,
    "T/S": 0.007926256501232493,
    "T/H": 2.0671708119501019e-07,
    "G/T": 1.0335854059750508e-06,
    "E/K": 0.0218199187736697,
    "L/G": 2.1705293525476068e-06,
    "H/N": 0.0021937850660145915,
    "H/R": 0.008447597045314247,
    "W/C": 0.0019831403667250444,
    "Q/P": 0.003955117960994337,
    "D/G": 0.010328412418262272,
    "E/*": 5.167927029875254e-07,
    "F/N": 3.100756217925153e-07,
    "M/L": 0.003425405446122715,
    "P/C": 1.3436610277675661e-06,
    "I/E": 6.201512435850306e-07,
    "V/C": 2.0671708119501019e-07,
    "R/M": 0.0008505374424075334,
    "Y/T": 3.100756217925153e-07,
    "S/M": 4.1343416239002037e-07,
    "R/F": 8.268683247800407e-07,
    "G/Q": 4.1343416239002037e-07,
    "Q/E": 0.005556348479194647,
    "G/Y": 2.0671708119501019e-07,
    "D/A": 0.0030465963866727285,
    "K/*": 2.0671708119501019e-07,
    "D/L": 2.0671708119501019e-07,
    "P/K": 5.167927029875254e-07,
    "C/F": 0.002427892169101254,
    "A/D": 0.004807619232764066,
    "S/N": 0.011554037962449961,
    "D/S": 1.136943946572556e-06,
    "D/F": 1.963812271352597e-06,
    "S/C": 0.008046462449641096,
    "S/I": 0.003455792837008473,
    "Q/V": 5.167927029875254e-07,
    "Q/W": 1.5503781089625763e-06,
    "P/G": 2.0671708119501019e-07,
    "D/P": 4.1343416239002037e-07,
    "N/R": 7.235097841825357e-07,
    "A/G": 0.007162746963371702,
    "Q/R": 0.01172075532667024,
    "Y/*": 1.0335854059750509e-07,
    "T/I": 0.016280727522928806,
    "V/H": 2.0671708119501019e-07,
    "V/Y": 4.1343416239002037e-07,
    "C/R": 0.0044670528930863635,
    "T/A": 0.014073815888279422,
    "K/D": 4.1343416239002037e-07,
    "S/F": 0.010355285584620042,
    "T/P": 0.005551077197157911,
    "E/Q": 0.008103413063313261,
    "M/V": 0.008375039319722867,
    "E/P": 2.0671708119501019e-07,
    "I/N": 0.0023461355742263883,
    "F/G": 1.0335854059750509e-07,
    "P/N": 1.0335854059750509e-07,
    "A/V": 0.025987748601063593,
    "V/S": 7.235097841825357e-07,
    "R/P": 0.003553466745266982,
    "T/F": 2.0671708119501019e-07,
    "C/*": 3.100756217925153e-07,
    "Y/R": 1.0335854059750509e-07,
    "N/I": 0.0022481516541523142,
    "Y/G": 3.100756217925153e-07,
    "N/G": 6.201512435850306e-07,
    "N/D": 0.006121409666903191,
    "F/L": 0.009492138554613776,
    "L/S": 0.003243804508368242,
    "C/W": 0.0013447980083023156,
    "N/E": 4.1343416239002037e-07,
    "T/C": 3.100756217925153e-07,
    "F/A": 8.268683247800407e-07,
    "Q/H": 0.00894454486204808,
    "V/Q": 3.100756217925153e-07,
    "R/W": 0.010873215798662177,
    "Q/D": 2.0671708119501019e-07,
    "I/H": 2.0671708119501019e-07,
    "K/Q": 0.003990363238611028,
    "A/W": 1.0335854059750509e-07,
    "V/A": 0.010778332242594025,
    "W/P": 4.1343416239002037e-07,
    "H/D": 0.001705932745081823,
    "I/T": 0.010878486648477667,
    "I/S": 0.0016175611963922401,
    "F/P": 1.0335854059750509e-07,
    "L/M": 0.0036940343067424137,
    "D/T": 2.0671708119501019e-07,
    "P/D": 3.100756217925153e-07,
    "K/G": 2.0671708119501019e-07,
    "R/*": 1.3436610277675661e-06,
    "P/L": 0.02682402236200429,
    "R/I": 0.0011506906498164938,
    "T/Y": 1.0335854059750509e-07,
    "W/*": 2.0671708119501019e-07,
    "P/Q": 0.0031086115005674216,
    "K/P": 4.1343416239002037e-07,
    "R/D": 1.0335854059750509e-07,
    "H/T": 1.0335854059750509e-07,
    "T/E": 7.235097841825357e-07,
    "P/R": 0.008641394209844878,
    "L/I": 0.003677807012709743,
    "Y/I": 5.167927029875254e-07,
    "V/F": 0.0032753288600354618,
    "L/Y": 7.235097841825357e-07,
    "R/A": 5.167927029875254e-07,
    "I/M": 0.005977741300916554,
    "W/F": 8.268683247800407e-07,
    "P/I": 7.235097841825357e-07,
    "C/N": 2.0671708119501019e-07,
    "S/D": 1.2403024871700612e-06,
    "L/T": 1.136943946572556e-06,
    "S/R": 0.009159427257265998,
    "P/H": 0.0041512924648846915,
    "E/R": 3.2041147585226578e-06,
    "F/H": 1.0335854059750509e-07,
    "H/L": 0.002094147422529907,
    "K/T": 0.0040386316712017105,
    "D/V": 0.005195007032348336,
    "A/Q": 3.100756217925153e-07,
    "W/K": 4.1343416239002037e-07,
    "N/Y": 0.00188474301346047,
    "H/F": 2.0671708119501019e-07,
    "G/M": 4.1343416239002037e-07,
    "H/I": 3.100756217925153e-07,