{
    "F/I": 0.00021226361691845967,
    "F/L": 0.001777889395544663,
    "F/V": 0.00025401641583243254,
    "F/Y": 0.0001558183858689288,
    "F/S": 0.0006081845704348207,
    "F/C": 0.00026318882781110165,
    "L/I": 0.0007030150344202946,
    "L/V": 0.0020924309333009293,
    "L/S": 0.0006548131635224555,
    "L/F": 0.0028378987762979965,
    "L/M": 0.001074192678752046,
    "L/W": 0.00020090902828740197,
    "L/H": 0.00033647576904201207,
    "L/P": 0.004987893637162581,
    "L/R": 0.0011152491368164063,
    "L/Q": 0.0006823870581196743,
    "I/L": 0.0003724140089837183,
    "I/V": 0.0019249977503486859,
    "I/F": 0.00036189840743704454,
    "I/N": 0.0003908827838406703,
    "I/T": 0.0013644098876538242,
    "I/S": 0.00021486165331357143,
    "I/M": 0.0006130006714647467,
    "I/K": 4.411736173927854e-05,
    "I/R": 4.056385513800486e-05,
    "M/L": 0.000612191359419108,
    "M/V": 0.0015145996592870116,
    "M/K": 0.00035973349166271097,
    "M/T": 0.0020316126172654292,
    "M/R": 0.00032419640342619654,
    "M/I": 0.00171575895626612,
    "V/I": 0.010590416719816002,
    "V/L": 0.004125302066664497,
    "V/F": 0.0010742812186985576,
    "V/D": 0.00044971455743187766,
    "V/A": 0.00429430734004053,
    "V/G": 0.001187760481039065,
    "V/E": 0.00060022074711919,
    "V/M": 0.013543774356253249,
    "S/T": 0.00356890454638622,
    "S/P": 0.005394274237380446,
    "S/A": 0.0016188394472652636,
    "S/Y": 0.0016954030390915961,
    "S/C": 0.002842857914243915,
    "S/F": 0.005547031111374213,
    "S/L": 0.023698595232276968,
    "S/W": 0.0019325604753251944,
    "S/R": 0.006356921801767375,
    "S/G": 0.0045535471846349755,
    "S/N": 0.006776487530835581,
    "S/I": 0.001523173126585553,
    "P/T": 0.007456378432554703,
    "P/A": 0.005462592374221942,
    "P/S": 0.021024871492138993,
    "P/H": 0.0034248138061480195,
    "P/R": 0.006935333981693016,
    "P/L": 0.07427595927071949,
    "P/Q": 0.004664399547714842,
    "T/P": 0.0015481490623532551,
    "T/A": 0.005540863414017265,
    "T/S": 0.0026401567352028663,
    "T/N": 0.0021083855574856305,
    "T/I": 0.007002976297892656,
    "T/K": 0.0017887517572996487,
    "T/R": 0.0016790452772803975,
    "T/M": 0.022204414178104294,
    "A/T": 0.10249191268767653,
    "A/P": 0.009934120177064522,
    "A/S": 0.014700161475424935,
    "A/D": 0.005723111097568466,
    "A/G": 0.010586466099040754,
    "A/V": 0.10127468629762985,
    "A/E": 0.009314312993518743,
    "Y/N": 0.0001223343101895888,
    "Y/H": 0.0006333286672552038,
    "Y/D": 0.00011776258525707813,
    "Y/S": 0.00014439499147203506,
    "Y/C": 0.0008157663124673372,
    "Y/F": 0.00013647114946606283,
    "H/N": 0.0007774371681400569,
    "H/D": 0.0005563354174436347,
    "H/Y": 0.002184453137620999,
    "H/P": 0.0006328506013898274,
    "H/R": 0.0027306948301313357,
    "H/L": 0.0005353253735942413,
    "H/Q": 0.002296707923970983,
    "Q/K": 0.0020688656813458465,
    "Q/E": 0.0014906968101125705,
    "Q/P": 0.0012920525656785545,
    "Q/R": 0.005446155466279276,
    "Q/L": 0.0009816350663502445,
    "Q/H": 0.003410482380269977,
    "N/H": 0.0004965731911152982,
    "N/D": 0.0012133458139015267,
    "N/Y": 0.00029147072920589727,
    "N/T": 0.0005084340935682114,
    "N/S": 0.0019350643239476643,
    "N/I": 0.00046971059533219324,
    "N/K": 0.0020228585878015754,
    "K/Q": 0.0014476720377647702,
    "K/E": 0.003590735260783141,
    "K/T": 0.0012586224966137107,
    "K/R": 0.003704474265174497,
    "K/I": 0.0002801866121100493,
    "K/N": 0.003363911549284531,
    "K/M": 0.0006848636663799981,
    "D/N": 0.015980339780438897,
    "D/H": 0.0022930140848785663,
    "D/Y": 0.001884103477167466,
    "D/A": 0.0010725099621777276,
    "D/G": 0.004007745525141557,
    "D/V": 0.001406101439190797,
    "D/E": 0.0051825294309851494,
    "E/K": 0.03318610558887841,
    "E/Q": 0.004620416595541751,
    "E/A": 0.0017739165460032309,
    "E/G": 0.005238917346503287,
    "E/V": 0.0014926809702538407,
    "E/D": 0.005449600484624007,
    "C/S": 0.0004792656846641831,
    "C/R": 0.0010139313233814874,
    "C/G": 0.000232710629000258,
    "C/Y": 0.0011452531209085823,
    "C/F": 0.0004396366822639432,
    "C/W": 0.00040162669834257564,
    "W/R": 0.0007328917455337399,
    "W/G": 0.00013401625566144334,
    "W/S": 0.00012630897047508107,
    "W/L": 0.00017415466225779096,
    "W/C": 0.0004405998356345345,
    "R/S": 0.00473158484615159,
    "R/G": 0.007318349459951324,
    "R/C": 0.04039600477981021,
    "R/H": 0.04320019067556998,
    "R/P": 0.00505177373955592,
    "R/L": 0.006447574506400675,
    "R/Q": 0.04577850567579072,
    "R/W": 0.03641209323040645,
    "R/K": 0.0028376068610095344,
    "R/T": 0.0009516921393363028,
    "R/I": 0.0003300265073018092,
    "R/M": 0.0004449128254817644,
    "G/S": 0.039321596233467225,
    "G/R": 0.04080148303450918,
    "G/C": 0.0039973492862151305,
    "G/D": 0.010142028987639225,
    "G/A": 0.0049288448857223305,
    "G/V": 0.0065435833212189485,
    "G/E": 0.008402069527430897,
    "G/W": 0.002414578533345127
}