{
    "AAA": {
        "K/T": 0.0012130963103989102,
        "K/R": 0.0021293631173470843,
        "K/I": 0.0007517406198503238
    },
    "AAC": {
        "N/T": 0.0013242250803824618,
        "N/S": 0.004107016915968803,
        "N/I": 0.001113608828281504
    },
    "AAG": {
        "K/T": 0.0009261749042834337,
        "K/R": 0.00334283539329718,
        "K/M": 0.0007865080108728326
    },
    "AAT": {
        "N/T": 0.0008824670794607259,
        "N/S": 0.005348374527618857,
        "N/I": 0.0010493646225075003
    },
    "ACA": {
        "T/K": 0.0018446581856168616,
        "T/R": 0.0018225750020856256,
        "T/I": 0.00707018053378927
    },
    "ACC": {
        "T/N": 0.003417497624045483,
        "T/S": 0.0016021728178890024,
        "T/I": 0.007105262548131781
    },
    "ACG": {
        "T/K": 0.005318862353047856,
        "T/R": 0.004900366006290232,
        "T/M": 0.08923303523398765
    },
    "ACT": {
        "T/N": 0.0014511881591393312,
        "T/S": 0.00196075903134612,
        "T/I": 0.006388799251625111
    },
    "AGA": {
        "R/K": 0.003906783929681255,
        "R/T": 0.0021492699843557173,
        "R/I": 0.0016792261284643247
    },
    "AGC": {
        "S/N": 0.005604373278787888,
        "S/T": 0.0014355982193495888,
        "S/I": 0.0012630737210865162
    },
    "AGG": {
        "R/K": 0.005598492570768708,
        "R/T": 0.0014316452959872235,
        "R/M": 0.0012034284158667981
    },
    "AGT": {
        "S/N": 0.006370623769087416,
        "S/T": 0.001933449243466455,
        "S/I": 0.0014202443744255617
    },
    "ATA": {
        "I/K": 0.0012373215999742873,
        "I/T": 0.008105733738243841,
        "I/R": 0.0011376594647044774
    },
    "ATC": {
        "I/N": 0.0019040734534487467,
        "I/T": 0.004157191621996768,
        "I/S": 0.0009074100051591704
    },
    "ATT": {
        "I/N": 0.0010556667072437124,
        "I/T": 0.005344514926335549,
        "I/S": 0.0008944782548699192
    },
    "CAA": {
        "Q/P": 0.0013893698601375032,
        "Q/R": 0.003414074025724384,
        "Q/L": 0.0006375952816253486
    },
    "CAC": {
        "H/P": 0.0013355104137695935,
        "H/R": 0.004793619127750926,
        "H/L": 0.0009809746385276116
    },
    "CAG": {
        "Q/P": 0.0010104575637868724,
        "Q/R": 0.004654533151678296,
        "Q/L": 0.0008353517633029315
    },
    "CAT": {
        "H/P": 0.0014048936030148368,
        "H/R": 0.008725458513511173,
        "H/L": 0.001597199920015189
    },
    "CCA": {
        "P/Q": 0.0014411190545147753,
        "P/R": 0.0009867688108834139,
        "P/L": 0.004396245598393981
    },
    "CCC": {
        "P/H": 0.0019290784738665212,
        "P/R": 0.0016826743295719154,
        "P/L": 0.0060441782360167425
    },
    "CCG": {
        "P/Q": 0.004206938873247798,
        "P/R": 0.0034551834732172637,
        "P/L": 0.06615447520268705
    },
    "CCT": {
        "P/H": 0.0012271853598804336,
        "P/R": 0.001421844949704688,
        "P/L": 0.005557606738935922
    },
    "CGA": {
        "R/Q": 0.057381170434782025,
        "R/P": 0.004713173857364698,
        "R/L": 0.003379965316038431
    },
    "CGC": {
        "R/H": 0.06354902809009617,
        "R/P": 0.003611314632075285,
        "R/L": 0.005762377624431172
    },
    "CGG": {
        "R/Q": 0.0662178983279893,
        "R/P": 0.0034367229309478758,
        "R/L": 0.004296507444944671
    },
    "CGT": {
        "R/H": 0.090687430615333,
        "R/P": 0.004853725229054634,
        "R/L": 0.005005932640418714
    },
    "CTA": {
        "L/Q": 0.0007807931738588284,
        "L/P": 0.004346542825785137,
        "L/R": 0.0007239684782105973
    },
    "CTC": {
        "L/H": 0.0007701121549724345,
        "L/P": 0.0026233317627391726,
        "L/R": 0.0008116319393773788
    },
    "CTG": {
        "L/Q": 0.0008459580668635345,
        "L/P": 0.004651599532413987,
        "L/R": 0.0009418845643703857
    },
    "CTT": {
        "L/H": 0.0007756791770227164,
        "L/P": 0.003371126328076501,
        "L/R": 0.000917799080658622
    },
    "GAA": {
        "E/A": 0.000971535444478746,
        "E/G": 0.002601861689609992,
        "E/V": 0.0005780708289242013
    },
    "GAC": {
        "D/A": 0.0011377050355187233,
        "D/G": 0.003945797811047591,
        "D/V": 0.0012480412335683872
    },
    "GAG": {
        "E/A": 0.0008576266449137506,
        "E/G": 0.002609247141026028,
        "E/V": 0.0007900875475277198
    },
    "GAT": {
        "D/A": 0.0008842830191924748,
        "D/G": 0.004106814406441989,
        "D/V": 0.001798856983152967
    },
    "GCA": {
        "A/E": 0.0020991274693393618,
        "A/G": 0.0012366504568165826,
        "A/V": 0.0047621636944934565
    },
    "GCC": {
        "A/D": 0.002168500934092385,
        "A/G": 0.001459173011448393,
        "A/V": 0.005808385532448635
    },
    "GCG": {
        "A/E": 0.005908487949398004,
        "A/G": 0.004075788547396338,
        "A/V": 0.06216561345808101
    },
    "GCT": {
        "A/D": 0.0012995833782920262,
        "A/G": 0.001381687898266362,
        "A/V": 0.0055427838366107415
    },
    "GGA": {
        "G/E": 0.00568738780709652,
        "G/A": 0.0015075482225466448,
        "G/V": 0.0014951948862190788
    },
    "GGC": {
        "G/D": 0.005907248916898166,
        "G/A": 0.0015014002985099092,
        "G/V": 0.0021731963610185988
    },
    "GGG": {
        "G/E": 0.005969018223324177,
        "G/A": 0.0017912083328964386,
        "G/V": 0.0019420681026518917
    },
    "GGT": {
        "G/D": 0.007142020872887024,
        "G/A": 0.0015940435319983376,
        "G/V": 0.0033392565059610947
    },
    "GTA": {
        "V/E": 0.0008561468494450017,
        "V/A": 0.004726132203485219,
        "V/G": 0.0010577413982473614
    },
    "GTC": {
        "V/D": 0.0013208560245386866,
        "V/A": 0.0038158873769683927,
        "V/G": 0.0010902535362766826
    },
    "GTG": {
        "V/E": 0.0010213996860347974,
        "V/A": 0.004813392112482592,
        "V/G": 0.0013145450832902723
    },
    "GTT": {
        "V/D": 0.0010934353680626524,
        "V/A": 0.0041038118630200805,
        "V/G": 0.001318295060688433
    },
    "TAC": {
        "Y/S": 0.0009864301409244294,
        "Y/C": 0.004779181640011642,
        "Y/F": 0.000856752662283435
    },
    "TAT": {
        "Y/S": 0.0010949199572485783,
        "Y/C": 0.008100682834346796,
        "Y/F": 0.0012170967821466805
    },
    "TCA": {
        "S/L": 0.004047619063053005
    },
    "TCC": {
        "S/Y": 0.0015163329926944694,
        "S/C": 0.001517655376118336,
        "S/F": 0.005661123437550902
    },
    "TCG": {
        "S/W": 0.004849938234401022,
        "S/L": 0.05652428014423049
    },
    "TCT": {
        "S/Y": 0.001636502549012952,
        "S/C": 0.002190113760804934,
        "S/F": 0.003938476109460782
    },
    "TGC": {
        "C/Y": 0.00479477420446049,
        "C/S": 0.0011861871175962643,
        "C/F": 0.0021554357153077274
    },
    "TGG": {
        "W/S": 0.0010214109290095012,
        "W/L": 0.0014083202063875588
    },
    "TGT": {
        "C/Y": 0.0070068780591076235,
        "C/S": 0.001801484777742915,
        "C/F": 0.0019324179829796962
    },
    "TTA": {
        "L/S": 0.003121253822752809
    },
    "TTC": {
        "F/Y": 0.000589005013444709,
        "F/S": 0.0025557256162772575,
        "F/C": 0.0010046670431656521
    },
    "TTG": {
        "L/S": 0.003472689577110845,
        "L/W": 0.0013687918679277345
    },
    "TTT": {
        "F/Y": 0.0007269142864013698,
        "F/S": 0.0021476669361359243,
        "F/C": 0.0012015065311111544
    }
}