{
    "AAA": {
        "ACA": 1.6681119889870802e-09,
        "AGA": 2.9280578256688802e-09,
        "ATA": 1.03370814817543e-09
    },
    "AAC": {
        "ACC": 1.8209236263994402e-09,
        "AGC": 5.647502261586681e-09,
        "ATC": 1.53130812580526e-09
    },
    "AAG": {
        "ACG": 1.27357032454094e-09,
        "AGG": 4.59668679969499e-09,
        "ATG": 1.08151630758808e-09
    },
    "AAT": {
        "ACT": 1.2134682980371e-09,
        "AGT": 7.354475975761851e-09,
        "ATT": 1.4429668053710002e-09
    },
    "ACA": {
        "AAA": 2.53656400455029e-09,
        "AGA": 2.5061977237466303e-09,
        "ATA": 9.72210764439528e-09
    },
    "ACC": {
        "AAC": 4.69935380244501e-09,
        "AGC": 2.20312572302772e-09,
        "ATC": 9.770348437991722e-09
    },
    "ACG": {
        "AAG": 7.3138941919406e-09,
        "AGG": 6.73842564307977e-09,
        "ATG": 1.22703114840547e-07
    },
    "ACT": {
        "AAT": 1.9955088032049e-09,
        "AGT": 2.69621267467841e-09,
        "ATT": 8.785149650123862e-09
    },
    "AGA": {
        "AAA": 5.37216464646599e-09,
        "ACA": 2.9554314836675203e-09,
        "ATA": 2.3090806666377403e-09
    },
    "AGC": {
        "AAC": 7.7064963242949e-09,
        "ACC": 1.97407129222747e-09,
        "ATC": 1.7368352364587602e-09
    },
    "AGG": {
        "AAG": 7.698409843884041e-09,
        "ACG": 1.9686356818841e-09,
        "ATG": 1.6548178006864201e-09
    },
    "AGT": {
        "AAT": 8.76015679500852e-09,
        "ACT": 2.6586593623912903e-09,
        "ATT": 1.95295843204047e-09
    },
    "ATA": {
        "AAA": 1.7014238502391202e-09,
        "ACA": 1.11460825594757e-08,
        "AGA": 1.5643798239186101e-09
    },
    "ATC": {
        "AAC": 2.61826511908641e-09,
        "ACC": 5.716496807157121e-09,
        "AGC": 1.2477669708146202e-09
    },
    "ATG": {
        "AAG": 2.13097663271521e-09,
        "ACG": 1.20347955207385e-08,
        "AGG": 1.9204632766283803e-09
    },
    "ATT": {
        "AAT": 1.45163271508812e-09,
        "ACT": 7.349168691321031e-09,
        "AGT": 1.2299846995215901e-09
    },
    "CAA": {
        "CCA": 1.91050331368212e-09,
        "CGA": 4.6946460596582705e-09,
        "CTA": 8.76748469419624e-10
    },
    "CAC": {
        "CCC": 1.8364419325400302e-09,
        "CGC": 6.5916394840980405e-09,
        "CTC": 1.3489246825605102e-09
    },
    "CAG": {
        "CCG": 1.38946624605699e-09,
        "CGG": 6.400384278556751e-09,
        "CTG": 1.1486806772406201e-09
    },
    "CAT": {
        "CCT": 1.9318497981991803e-09,
        "CGT": 1.19982575423143e-08,
        "CTT": 2.19628755981495e-09
    },
    "CCA": {
        "CAA": 1.98166291644504e-09,
        "CGA": 1.35689216897533e-09,
        "CTA": 6.04521662983311e-09
    },
    "CCC": {
        "CAC": 2.65264917745523e-09,
        "CGC": 2.3138222403765304e-09,
        "CTC": 8.31126604923797e-09
    },
    "CCG": {
        "CAG": 5.78490356556504e-09,
        "CGG": 4.7511750933678505e-09,
        "CTG": 9.09681055533527e-08
    },
    "CCT": {
        "CAT": 1.6874856464222701e-09,
        "CGT": 1.95515936101e-09,
        "CTT": 7.642188300981521e-09
    },
    "CGA": {
        "CAA": 7.89040552871645e-08,
        "CCA": 6.481020303379861e-09,
        "CTA": 4.6477436438580705e-09
    },
    "CGC": {
        "CAC": 8.73853911984179e-08,
        "CCC": 4.96586889443948e-09,
        "CTC": 7.9237659186546e-09
    },
    "CGG": {
        "CAG": 9.10553178173657e-08,
        "CCG": 4.725790256550861e-09,
        "CTG": 5.90806807196344e-09
    },
    "CGT": {
        "CAT": 1.2470303385073e-07,
        "CCT": 6.67429055420394e-09,
        "CTT": 6.883588864266081e-09
    },
    "CTA": {
        "CAA": 1.0736579141065e-09,
        "CCA": 5.9768710333920105e-09,
        "CGA": 9.9551905961589e-10
    },
    "CTC": {
        "CAC": 1.05897059249299e-09,
        "CCC": 3.60730729044657e-09,
        "CGC": 1.1160638748254301e-09
    },
    "CTG": {
        "CAG": 1.16326525884112e-09,
        "CCG": 6.396350299206581e-09,
        "CGG": 1.29517246124626e-09
    },
    "CTT": {
        "CAT": 1.06662572765862e-09,
        "CCT": 4.635589273538571e-09,
        "CGT": 1.26205284510718e-09
    },
    "GAA": {
        "GCA": 1.3359449771370302e-09,
        "GGA": 3.57778408929246e-09,
        "GTA": 7.94897216277137e-10
    },
    "GAC": {
        "GCC": 1.5644424877161501e-09,
        "GGC": 5.425812096125371e-09,
        "GTC": 1.7161642704041e-09
    },
    "GAG": {
        "GCG": 1.17931055942702e-09,
        "GGG": 3.58793972157455e-09,
        "GTG": 1.0864384790248e-09
    },
    "GAT": {
        "GCT": 1.21596537169221e-09,
        "GGT": 5.6472237935321104e-09,
        "GTT": 2.4735834033522502e-09
    },
    "GCA": {
        "GAA": 2.88648120351273e-09,
        "GGA": 1.7005009705484502e-09,
        "GTA": 6.5483855520847505e-09
    },
    "GCC": {
        "GAC": 2.98187569715688e-09,
        "GGC": 2.0064886633799402e-09,
        "GTC": 7.987030757805671e-09
    },
    "GCG": {
        "GAG": 8.12468020938542e-09,
        "GGG": 5.604560563086991e-09,
        "GTG": 8.54830768367117e-08
    },
    "GCT": {
        "GAT": 1.7870391620467402e-09,
        "GGT": 1.8999399539667003e-09,
        "GTT": 7.62180553263225e-09
    },
    "GGA": {
        "GAA": 7.8206484561122e-09,
        "GCA": 2.0730087483155204e-09,
        "GTA": 2.05602184607589e-09
    },
    "GGC": {
        "GAC": 8.1229764329004e-09,
        "GCC": 2.06455482284798e-09,
        "GTC": 2.9883323139002405e-09
    },
    "GGG": {
        "GAG": 8.207914553408541e-09,
        "GCG": 2.4630658499782e-09,
        "GTG": 2.67051103666923e-09
    },
    "GGT": {
        "GAT": 9.820894302894351e-09,
        "GCT": 2.1919472542286002e-09,
        "GTT": 4.59176552112759e-09
    },
    "GTA": {
        "GAA": 1.1772757131073102e-09,
        "GCA": 6.4988391462333e-09,
        "GGA": 1.4544855940450201e-09
    },
    "GTC": {
        "GAC": 1.8162908842202802e-09,
        "GCC": 5.24717405170599e-09,
        "GGC": 1.4991925862017101e-09
    },
    "GTG": {
        "GAG": 1.4045126072982701e-09,
        "GCG": 6.61882904242594e-09,
        "GGG": 1.8076127960355001e-09
    },
    "GTT": {
        "GAT": 1.5035678791637101e-09,
        "GCT": 5.6430950375243604e-09,
        "GGT": 1.81276933818527e-09
    },
    "TAA": {
        "TCA": 1.38360737776953e-09,
        "TGA": 4.28985874349618e-09,
        "TTA": 1.74568188346637e-09
    },
    "TAC": {
        "TCC": 1.3564264685902502e-09,
        "TGC": 6.571786694024981e-09,
        "TTC": 1.1781087579778702e-09
    },
    "TAG": {
        "TCG": 1.0136574269815602e-09,
        "TGG": 5.9391759102018204e-09,
        "TTG": 1.0414597433628202e-09
    },
    "TAT": {
        "TCT": 1.5056093172577302e-09,
        "TGT": 1.11391371312573e-08,
        "TTT": 1.67361298245879e-09
    },
    "TCA": {
        "TAA": 1.7734684091802202e-09,
        "TGA": 1.91377916115058e-09,
        "TTA": 5.565825094061251e-09
    },
    "TCC": {
        "TAC": 2.0850885644673503e-09,
        "TGC": 2.0869069556573e-09,
        "TTC": 7.78453268414367e-09
    },
    "TCG": {
        "TAG": 4.98462397407165e-09,
        "TGG": 6.669083110137241e-09,
        "TTG": 7.77257572784552e-08
    },
    "TCT": {
        "TAT": 2.25033206235599e-09,
        "TGT": 3.0115951967926902e-09,
        "TTT": 5.41574412535335e-09
    },
    "TGA": {
        "TAA": 5.35737181371736e-09,
        "TCA": 1.9124974865065002e-09,
        "TTA": 1.7177290200133602e-09
    },
    "TGC": {
        "TAC": 6.593227814134911e-09,
        "TCC": 1.6311095294599401e-09,
        "TTC": 2.9639098951784204e-09
    },
    "TGG": {
        "TAG": 6.112034585447491e-09,
        "TCG": 1.40452806735757e-09,
        "TTG": 1.9365616731909203e-09
    },
    "TGT": {
        "TAT": 9.63506128538502e-09,
        "TCT": 2.47719684741478e-09,
        "TTT": 2.65724129033305e-09
    },
    "TTA": {
        "TAA": 1.7996192319885502e-09,