{
    "F/I": 0.0004317511859585746,
    "F/L": 0.003330505574981148,
    "F/V": 0.0005223893165373292,
    "F/Y": 0.0003259993608047076,
    "F/S": 0.0012371527013619445,
    "F/C": 0.0005492914837660565,
    "L/I": 0.0016158854625559873,
    "L/V": 0.004439091500329607,
    "L/S": 0.001425356298797223,
    "L/F": 0.006286497711962829,
    "L/M": 0.0020939804478875847,
    "L/W": 0.00044064328292175433,
    "L/H": 0.000752236216017417,
    "L/P": 0.010071352690770155,
    "L/R": 0.0022689739084723964,
    "L/Q": 0.0013206862214365433,
    "I/L": 0.0006799055496814357,
    "I/V": 0.0034678325486163643,
    "I/F": 0.0006364664100393706,
    "I/N": 0.0006967450361802712,
    "I/T": 0.002541838843083912,
    "I/S": 0.0003873001302386661,
    "I/M": 0.0010757252073266333,
    "I/K": 9.02870880881169e-05,
    "I/R": 8.301476374952772e-05,
    "M/L": 0.0010843546828080606,
    "M/V": 0.002784410553999499,
    "M/K": 0.0006396716249328495,
    "M/T": 0.003612577016706406,
    "M/R": 0.0005764802137785409,
    "M/I": 0.0031430503338856788,
    "V/I": 0.014147857166914538,
    "V/L": 0.005656384969661606,
    "V/F": 0.0016612155447031213,
    "V/D": 0.0007793300980197713,
    "V/A": 0.006685605368059384,
    "V/G": 0.001855178715394628,
    "V/E": 0.0008776202376899264,
    "V/M": 0.014843458804934285,
    "S/T": 0.005186576847810178,
    "S/P": 0.008521013658780463,
    "S/A": 0.0025562885640251897,
    "S/Y": 0.00294734952655765,
    "S/C": 0.004582695327046419,
    "S/F": 0.0094113927146137,
    "S/L": 0.020461624458555965,
    "S/W": 0.0015513271020875827,
    "S/R": 0.007064182189060435,
    "S/G": 0.006014108525506659,
    "S/N": 0.008870110759993057,
    "S/I": 0.00199268291551622,
    "P/T": 0.017792542268869085,
    "P/A": 0.013035048139953709,
    "P/S": 0.0502146181285571,
    "P/H": 0.008332996268832849,
    "P/R": 0.014009831284604328,
    "P/L": 0.11296295534462025,
    "P/Q": 0.007783765201582659,
    "T/P": 0.0027226530372934177,
    "T/A": 0.009792064776174968,
    "T/S": 0.0046703649119648255,
    "T/N": 0.003758293663484261,
    "T/I": 0.013164075450875229,
    "T/K": 0.0025578478214547903,
    "T/R": 0.002421930059754949,
    "T/M": 0.026480722096070924,
    "A/T": 0.05869027892631254,
    "A/P": 0.007100260101787503,
    "A/S": 0.010194442856339704,
    "A/D": 0.005389314508982397,
    "A/G": 0.007224345722295817,
    "A/V": 0.052522425144774225,
    "A/E": 0.004703572567208523,
    "Y/N": 0.00027082937825066125,
    "Y/H": 0.0013998478533576572,
    "Y/D": 0.0002602675268145428,
    "Y/S": 0.00030424964091175865,
    "Y/C": 0.0017644824793818393,
    "Y/F": 0.0002918948122680361,
    "H/N": 0.0012360064995175792,
    "H/D": 0.0009243569338497578,
    "H/Y": 0.0036148403265264294,
    "H/P": 0.001033868694102261,
    "H/R": 0.004578704681954666,
    "H/L": 0.0008926027369096417,
    "H/Q": 0.003349275783778569,
    "Q/K": 0.003107959861035771,
    "Q/E": 0.0023016996024465696,
    "Q/P": 0.0020432652699105673,
    "Q/R": 0.00843663374605761,
    "Q/L": 0.0015222515859271413,
    "Q/H": 0.005269741978150888,
    "N/H": 0.0006286752254371401,
    "N/D": 0.0015398383483946699,
    "N/Y": 0.0003770745240663333,
    "N/T": 0.0006233686952253882,
    "N/S": 0.002465625355411433,
    "N/I": 0.0005868485986567518,
    "N/K": 0.002256515331840487,
    "K/Q": 0.001275717740062395,
    "K/E": 0.003134301218228851,
    "K/T": 0.0011016857788227468,
    "K/R": 0.003179618036489439,
    "K/I": 0.00026629056096585127,
    "K/N": 0.002884781188620756,
    "K/M": 0.0005706356702615726,
    "D/N": 0.014453874707258651,
    "D/H": 0.00245311089542278,
    "D/Y": 0.0020487178056210454,
    "D/A": 0.001244429074196737,
    "D/G": 0.004736822960897885,
    "D/V": 0.001700554089182589,
    "D/E": 0.005145968755118843,
    "E/K": 0.026187234964465643,
    "E/Q": 0.00466147303183867,
    "E/A": 0.002030372524722145,
    "E/G": 0.005961192874914876,
    "E/V": 0.0016770310475932556,
    "E/D": 0.006106307924511592,
    "C/S": 0.0008707225373236485,
    "C/R": 0.0018609279012980864,
    "C/G": 0.00041153840654843796,
    "C/Y": 0.002078787650330722,
    "C/F": 0.0007813429848982623,
    "C/W": 0.0006092119960456444,
    "W/R": 0.0012994663875881022,
    "W/G": 0.00024447669535402017,
    "W/S": 0.00022389391683750765,
    "W/L": 0.0003087046733240745,
    "W/C": 0.0008015544883120971,
    "R/S": 0.0037088439608831568,
    "R/G": 0.006159661082320501,
    "R/C": 0.025734417671772793,
    "R/H": 0.02791621169018951,
    "R/P": 0.0037348980465596836,
    "R/L": 0.004513414346626013,
    "R/Q": 0.03667527518279853,
    "R/W": 0.027406200528203167,
    "R/K": 0.0031010535062133133,
    "R/T": 0.0010409891106799639,
    "R/I": 0.0003620400118378029,
    "R/M": 0.00048553216211056764,
    "G/S": 0.02393677487292232,
    "G/R": 0.028337522762691962,
    "G/C": 0.0031090914594002154,
    "G/D": 0.009640839145491626,
    "G/A": 0.005031025398712256,
    "G/V": 0.0066308560642260065,
    "G/E": 0.00926884287282143,
    "G/W": 0.0020132310218967503
}