{
    "F/I": 0.0005380635035838196,
    "F/L": 0.003976982248440453,
    "F/V": 0.0006480205759128607,
    "F/Y": 0.00041042753454460914,
    "F/S": 0.0014517688929238334,
    "F/C": 0.0006875131264046731,
    "L/I": 0.0014906212943386246,
    "L/V": 0.003413055067973982,
    "L/S": 0.0019491042358026356,
    "L/F": 0.00522487407825966,
    "L/M": 0.0013032351798321347,
    "L/W": 0.00047144023912609544,
    "L/H": 0.000560498910875656,
    "L/P": 0.00662953046092781,
    "L/R": 0.001494675102105041,
    "L/Q": 0.0008079031322594892,
    "I/L": 0.0013989444278096745,
    "I/V": 0.006570564019615342,
    "I/F": 0.0010124510811928718,
    "I/N": 0.001033506058498198,
    "I/T": 0.005451573671174981,
    "I/S": 0.000643678424949338,
    "I/M": 0.0021885397855516625,
    "I/K": 0.00030853608050559773,
    "I/R": 0.00028368452647824964,
    "M/L": 0.0011925863891680277,
    "M/V": 0.0031265071148264905,
    "M/K": 0.0007499043425992388,
    "M/T": 0.004235121720596448,
    "M/R": 0.000675823342610277,
    "M/I": 0.0036398550073760165,
    "V/I": 0.013798792644840541,
    "V/L": 0.005653917004854793,
    "V/F": 0.0017209365945247497,
    "V/D": 0.0008469499311636505,
    "V/A": 0.007121065934824088,
    "V/G": 0.001972595280910019,
    "V/E": 0.0008811301699781292,
    "V/M": 0.012482328932560204,
    "S/T": 0.008268706923308992,
    "S/P": 0.011934208774916275,
    "S/A": 0.0035332493656387047,
    "S/Y": 0.003794629237813127,
    "S/C": 0.006512977089680578,
    "S/F": 0.01151613610634529,
    "S/L": 0.02011659670860797,
    "S/W": 0.0013434652619303152,
    "S/R": 0.010779219077329172,
    "S/G": 0.01007677752474308,
    "S/N": 0.015136162349384663,
    "S/I": 0.0033935637947607525,
    "P/T": 0.007753778939766694,
    "P/A": 0.005433783699170666,
    "P/S": 0.021280540040333612,
    "P/H": 0.0032075464751433118,
    "P/R": 0.005369618939072166,
    "P/L": 0.037393892148288255,
    "P/Q": 0.00295039633381553,
    "T/P": 0.0029883069804007866,
    "T/A": 0.010783187378722766,
    "T/S": 0.005133275300979611,
    "T/N": 0.0035561020943523937,
    "T/I": 0.015265751669607202,
    "T/K": 0.002595695578963317,
    "T/R": 0.0024870105403060343,
    "T/M": 0.01951810619749409,
    "A/T": 0.027933459296203673,
    "A/P": 0.004098496528924936,
    "A/S": 0.005723150476363065,
    "A/D": 0.0028640626378227353,
    "A/G": 0.00422183918393169,
    "A/V": 0.027515227467223846,
    "A/E": 0.0030499005360000776,
    "Y/N": 0.0004521222070632775,
    "Y/H": 0.002198910871133513,
    "Y/D": 0.00041963157620181847,
    "Y/S": 0.0004634809373426284,
    "Y/C": 0.00288599701764771,
    "Y/F": 0.00046351178844705206,
    "H/N": 0.0014886494098002,
    "H/D": 0.0011702949023144863,
    "H/Y": 0.0044337235730442315,
    "H/P": 0.0012425524348068668,
    "H/R": 0.00583202374181664,
    "H/L": 0.0011232877866152982,
    "H/Q": 0.0034580952159563114,
    "Q/K": 0.0034788482566002294,
    "Q/E": 0.002757036736394381,
    "Q/P": 0.002372664241569922,
    "Q/R": 0.008973003222609558,
    "Q/L": 0.0016266846056219506,
    "Q/H": 0.0057421318533623505,
    "N/H": 0.0017919877278410991,
    "N/D": 0.004297478774888456,
    "N/Y": 0.0011977106741062078,
    "N/T": 0.0016848769453788725,
    "N/S": 0.007359020952103799,
    "N/I": 0.001667914158804082,
    "N/K": 0.005502919152431871,
    "K/Q": 0.004648469118563817,
    "K/E": 0.011076138670923528,
    "K/T": 0.004350730679812973,
    "K/R": 0.011222837926025898,
    "K/I": 0.0014975007364375864,
    "K/N": 0.010694524269232487,
    "K/M": 0.0016425138000259495,
    "D/N": 0.026580014493861805,
    "D/H": 0.005467068389401256,
    "D/Y": 0.004562750247487311,
    "D/A": 0.0027801475559293635,
    "D/G": 0.011198907887730303,
    "D/V": 0.004290499835300683,
    "D/E": 0.010461537303316773,
    "E/K": 0.035017188212235026,
    "E/Q": 0.008048857027867961,
    "E/A": 0.0038290910271242215,
    "E/G": 0.010929784757014484,
    "E/V": 0.0028829121470610695,
    "E/D": 0.010506248075037911,
    "C/S": 0.0008783448647768354,
    "C/R": 0.0018539739207310687,
    "C/G": 0.0004198104840307495,
    "C/Y": 0.002114698794414339,
    "C/F": 0.0007367993082531714,
    "C/W": 0.000540286639393977,
    "W/R": 0.0013192053234449854,
    "W/G": 0.00025068701712049077,
    "W/S": 0.0002168882962697064,
    "W/L": 0.0002990453317958942,
    "W/C": 0.0007613805208269018,
    "R/S": 0.007437012013646486,
    "R/G": 0.012382804061515694,
    "R/C": 0.039234247597206034,
    "R/H": 0.04277519997141598,
    "R/P": 0.005896494025602311,
    "R/L": 0.006747461275346996,
    "R/Q": 0.056951943000764206,
    "R/W": 0.03908263454656332,
    "R/K": 0.008298889704954819,
    "R/T": 0.0032016871887543927,
    "R/I": 0.0015759652565301456,
    "R/M": 0.0009957496449381502,
    "G/S": 0.019040077778963594,
    "G/R": 0.021406516468639655,
    "G/C": 0.0027367718423422513,
    "G/D": 0.009538803755826606,
    "G/A": 0.004865610783522189,
    "G/V": 0.006627603346749377,
    "G/E": 0.009126801665562411,
    "G/W": 0.0013387979185387415
}