{
    "F/I": 0.0008231157361639356,
    "F/L": 0.005683748622195189,
    "F/V": 0.0010010738548219674,
    "F/Y": 0.0006318582526676394,
    "F/S": 0.002141219203840596,
    "F/C": 0.0010548569235965363,
    "L/I": 0.0020851662993909346,
    "L/V": 0.004323515441474295,
    "L/S": 0.0035020052435838483,
    "L/F": 0.006883862383152564,
    "L/M": 0.0014049245243415967,
    "L/W": 0.0007498572029794771,
    "L/H": 0.0006331261033990994,
    "L/P": 0.0070763643415553655,
    "L/R": 0.0015876696726960758,
    "L/Q": 0.0008260588434631441,
    "I/L": 0.002404516516762031,
    "I/V": 0.011142508021457564,
    "I/F": 0.0016033883808892432,
    "I/N": 0.0016052440136686155,
    "I/T": 0.009456485827424048,
    "I/S": 0.0010377855914354135,
    "I/M": 0.003806569030928463,
    "I/K": 0.0005851243355361015,
    "I/R": 0.0005379945184545452,
    "M/L": 0.0020844771992318076,
    "M/V": 0.005443558456163136,
    "M/K": 0.0013057633348908496,
    "M/T": 0.0073743627652388035,
    "M/R": 0.0011767705446073017,
    "M/I": 0.006336694790659859,
    "V/I": 0.014490555105868778,
    "V/L": 0.006087767393130235,
    "V/F": 0.0019348082030968734,
    "V/D": 0.001025989605096805,
    "V/A": 0.008318775123393901,
    "V/G": 0.0023040335398110804,
    "V/E": 0.0009678791282954868,
    "V/M": 0.009423425704463525,
    "S/T": 0.009901034762700489,
    "S/P": 0.013499478904611237,
    "S/A": 0.0040545120281098865,
    "S/Y": 0.004155267637846414,
    "S/C": 0.007606187983883732,
    "S/F": 0.011839040817209247,
    "S/L": 0.017369906296876257,
    "S/W": 0.0009770583856875527,
    "S/R": 0.012419723370807292,
    "S/G": 0.01238690119548257,
    "S/N": 0.018877619726149524,
    "S/I": 0.004227765587998672,
    "P/T": 0.007534343460021206,
    "P/A": 0.005284427706001103,
    "P/S": 0.020752700953590008,
    "P/H": 0.0029413126575334654,
    "P/R": 0.004800070241282443,
    "P/L": 0.027955802902527263,
    "P/Q": 0.0025147345475293363,
    "T/P": 0.0038770799931115455,
    "T/A": 0.014101682334303253,
    "T/S": 0.006489062564535859,
    "T/N": 0.0038854639989200444,
    "T/I": 0.02027990748922253,
    "T/K": 0.0033937027842357984,
    "T/R": 0.003277079004038316,
    "T/M": 0.0191120706791854,
    "A/T": 0.017745473880943743,
    "A/P": 0.00305604255969913,
    "A/S": 0.004260533882972097,
    "A/D": 0.002139734023117656,
    "A/G": 0.003073312046956629,
    "A/V": 0.016695048249363926,
    "A/E": 0.002081878641930385,
    "Y/N": 0.0006489001452095401,
    "Y/H": 0.0030652407477597295,
    "Y/D": 0.0005909363367177096,
    "Y/S": 0.000641468056569648,
    "Y/C": 0.004149386509955406,
    "Y/F": 0.0006562736088081592,
    "H/N": 0.002138326911022805,
    "H/D": 0.0017945943424347134,
    "H/Y": 0.006589126626144036,
    "H/P": 0.00181784259900803,
    "H/R": 0.009411894381247697,
    "H/L": 0.001778381627351844,
    "H/Q": 0.004586639842057499,
    "Q/K": 0.004729011549119829,
    "Q/E": 0.003940624268636205,
    "Q/P": 0.0033816615599919766,
    "Q/R": 0.011803370327786143,
    "Q/L": 0.00214978978101485,
    "Q/H": 0.007531027729990032,
    "N/H": 0.004475875622477412,
    "N/D": 0.010466545716743474,
    "N/Y": 0.0030203377216251634,
    "N/T": 0.004023578302205006,
    "N/S": 0.01870163347325694,
    "N/I": 0.004115773262399323,
    "N/K": 0.013129484425706021,
    "K/Q": 0.004347939635957074,
    "K/E": 0.010449530481001912,
    "K/T": 0.004133110007141881,
    "K/R": 0.009928840607936858,
    "K/I": 0.001667479124743502,
    "K/N": 0.009234299836673954,
    "K/M": 0.0012247772089632493,
    "D/N": 0.03609702465839903,
    "D/H": 0.008877370156779637,
    "D/Y": 0.007468154971115556,
    "D/A": 0.004695364270899164,
    "D/G": 0.019177118911194096,
    "D/V": 0.007456103206430403,
    "D/E": 0.016285547527715893,
    "E/K": 0.04555696093758904,
    "E/Q": 0.011692751181547074,
    "E/A": 0.005784490277670795,
    "E/G": 0.01627124571197708,
    "E/V": 0.00414016698023063,
    "E/D": 0.015220876490273894,
    "C/S": 0.0015091700239253396,
    "C/R": 0.0031017573417097093,
    "C/G": 0.000717363755910661,
    "C/Y": 0.0036840833084440987,
    "C/F": 0.0011991724809932388,
    "C/W": 0.0008270610915319853,
    "W/R": 0.0012371670666922537,
    "W/G": 0.0002389348756150695,
    "W/S": 0.0002007172716922658,
    "W/L": 0.00027674874183039995,
    "W/C": 0.0007189423014595291,
    "R/S": 0.00422731788673249,
    "R/G": 0.007145386744017387,
    "R/C": 0.015971785854987493,
    "R/H": 0.018123424735329945,
    "R/P": 0.00240737843039192,
    "R/L": 0.0025989697192288297,
    "R/Q": 0.021642472126778448,
    "R/W": 0.01245160010872862,
    "R/K": 0.005698662652748423,
    "R/T": 0.0023182929096668254,
    "R/I": 0.0012570269591028423,
    "R/M": 0.0005963177389266038,
    "G/S": 0.014563641764940963,
    "G/R": 0.02093562637528403,
    "G/C": 0.002332532756741909,
    "G/D": 0.008919738716898724,
    "G/A": 0.004898674663420041,
    "G/V": 0.006630856222703763,
    "G/E": 0.010008501924826985,
    "G/W": 0.001084934711048506
}