{
    "F/I": 0.000542524768359213,
    "F/L": 0.0039088386028891696,
    "F/V": 0.0006337516853284315,
    "F/Y": 0.0003992784860474357,
    "F/S": 0.0013953619571435722,
    "F/C": 0.0006681898335271797,
    "L/I": 0.001506344536633617,
    "L/V": 0.0033479769340223403,
    "L/S": 0.0023254021084751393,
    "L/F": 0.005139740705180352,
    "L/M": 0.00124528213510133,
    "L/W": 0.0005181168135633372,
    "L/H": 0.0004915756095893655,
    "L/P": 0.006004535594267652,
    "L/R": 0.0013429535674132113,
    "L/Q": 0.0007406328310019113,
    "I/L": 0.0014654864375495578,
    "I/V": 0.006765368762792653,
    "I/F": 0.0010816273833823655,
    "I/N": 0.0010997643921899743,
    "I/T": 0.005911425282859748,
    "I/S": 0.0006942600960737319,
    "I/M": 0.0023304023815138215,
    "I/K": 0.00033411759482122774,
    "I/R": 0.0003072055349882879,
    "M/L": 0.0015192770368130126,
    "M/V": 0.003805144001160821,
    "M/K": 0.0009572067251754517,
    "M/T": 0.005405872139425693,
    "M/R": 0.000862646889515122,
    "M/I": 0.004543651257875154,
    "V/I": 0.011441270854263535,
    "V/L": 0.005468403603887048,
    "V/F": 0.001569421952644232,
    "V/D": 0.000836535420185405,
    "V/A": 0.007201070363564574,
    "V/G": 0.0019980380528775476,
    "V/E": 0.0008982957094618831,
    "V/M": 0.009620630413359928,
    "S/T": 0.0061433699897043455,
    "S/P": 0.009533895072362426,
    "S/A": 0.0027705990173741697,
    "S/Y": 0.002798625912149657,
    "S/C": 0.004716481540860087,
    "S/F": 0.008220113311560672,
    "S/L": 0.014413157278708113,
    "S/W": 0.0009025399674020137,
    "S/R": 0.006861460949701927,
    "S/G": 0.006313759895642652,
    "S/N": 0.010054152528779083,
    "S/I": 0.002253396252803988,
    "P/T": 0.0070325663139048904,
    "P/A": 0.004797832608026855,
    "P/S": 0.018962122851199626,
    "P/H": 0.0027498595096860125,
    "P/R": 0.004658087738411126,
    "P/L": 0.03180655211722949,
    "P/Q": 0.002593844287381746,
    "T/P": 0.002724319229833499,
    "T/A": 0.009732819442938485,
    "T/S": 0.004652311965123303,
    "T/N": 0.0030769010951315935,
    "T/I": 0.014080197634953152,
    "T/K": 0.0024132631815119328,
    "T/R": 0.0023194669808591375,
    "T/M": 0.016323001422498856,
    "A/T": 0.028543305802418675,
    "A/P": 0.004541144035095418,
    "A/S": 0.006168222721358794,
    "A/D": 0.0030687708942345833,
    "A/G": 0.004630536300546374,
    "A/V": 0.0295228987609026,
    "A/E": 0.0034008990940248337,
    "Y/N": 0.00046381602573441035,
    "Y/H": 0.0022495117700996664,
    "Y/D": 0.00043298634264545417,
    "Y/S": 0.0004617273769185931,
    "Y/C": 0.0029233794623944372,
    "Y/F": 0.0004663555345030226,
    "H/N": 0.0015512890432577496,
    "H/D": 0.001259204785308385,
    "H/Y": 0.004753787414808489,
    "H/P": 0.0012406026477372097,
    "H/R": 0.006196941692932001,
    "H/L": 0.0011789398851295137,
    "H/Q": 0.0032482577862697893,
    "Q/K": 0.003647991856191067,
    "Q/E": 0.002910217161939973,
    "Q/P": 0.0024210972540219646,
    "Q/R": 0.008896751221398942,
    "Q/L": 0.001615492933118598,
    "Q/H": 0.005793210573245192,
    "N/H": 0.0018993974120778143,
    "N/D": 0.004433791008624668,
    "N/Y": 0.0012559928205483598,
    "N/T": 0.0017554227493687664,
    "N/S": 0.007992090497539876,
    "N/I": 0.0017759817669759834,
    "N/K": 0.005759348573363885,
    "K/Q": 0.011213962736784319,
    "K/E": 0.026685633926470227,
    "K/T": 0.01049174003842372,
    "K/R": 0.02743824802610835,
    "K/I": 0.003486032717021406,
    "K/N": 0.02630623135018822,
    "K/M": 0.004132438990722036,
    "D/N": 0.020524899948734153,
    "D/H": 0.005250467007276805,
    "D/Y": 0.004429815829389836,
    "D/A": 0.0027498930577934426,
    "D/G": 0.011192458275398918,
    "D/V": 0.004335797809423127,
    "D/E": 0.009781918369201226,
    "E/K": 0.03985692353370967,
    "E/Q": 0.010559625919084159,
    "E/A": 0.005139290179784053,
    "E/G": 0.01461585469234251,
    "E/V": 0.0038212047962344377,
    "E/D": 0.014291751423232964,
    "C/S": 0.0006256523385294348,
    "C/R": 0.0013356039260639238,
    "C/G": 0.0003014744058074395,
    "C/Y": 0.0014830090880089222,
    "C/F": 0.000494100125741552,
    "C/W": 0.0003511836402182063,
    "W/R": 0.0012071341949306754,
    "W/G": 0.0002206139930774924,
    "W/S": 0.00018360678691726863,
    "W/L": 0.000253156825232167,
    "W/C": 0.0006384406880028667,
    "R/S": 0.007285639989853286,
    "R/G": 0.012457175298802888,
    "R/C": 0.03556466282173957,
    "R/H": 0.038434663076598735,
    "R/P": 0.005536012677578418,
    "R/L": 0.006223678309453471,
    "R/Q": 0.054136777648466694,
    "R/W": 0.035767905768799346,
    "R/K": 0.008757091210652969,
    "R/T": 0.003426197538537475,
    "R/I": 0.0017326704623555848,
    "R/M": 0.0010158739869317013,
    "G/S": 0.013645387616844414,
    "G/R": 0.017486809895836057,
    "G/C": 0.002180304040994445,
    "G/D": 0.00791697039017938,
    "G/A": 0.004232193681018061,
    "G/V": 0.00567908982796681,
    "G/E": 0.008289240502917844,
    "G/W": 0.0011418008592214187
}