{
    "F/I": 0.0004998284445084166,
    "F/L": 0.003627687880942782,
    "F/V": 0.000584341347635845,
    "F/Y": 0.0003714307706728621,
    "F/S": 0.0013337141138629431,
    "F/C": 0.0006229476225728589,
    "L/I": 0.0013900128266884373,
    "L/V": 0.002882052257326618,
    "L/S": 0.001421023014592039,
    "L/F": 0.005126117476584817,
    "L/M": 0.0009489809594033275,
    "L/W": 0.0003407162194737573,
    "L/H": 0.0005895977811118529,
    "L/P": 0.0052915577384825335,
    "L/R": 0.0012500233567984413,
    "L/Q": 0.000545563159929566,
    "I/L": 0.0012898418793466557,
    "I/V": 0.006337011802420901,
    "I/F": 0.0010537909087589422,
    "I/N": 0.0010719767147792584,
    "I/T": 0.00512353186695365,
    "I/S": 0.0006766285590261802,
    "I/M": 0.0020604681983881308,
    "I/K": 0.00022831171553386589,
    "I/R": 0.00020992196700147825,
    "M/L": 0.0014132561488525673,
    "M/V": 0.003693723244547564,
    "M/K": 0.0008501818441487176,
    "M/T": 0.0048014438509995545,
    "M/R": 0.0007661947039106785,
    "M/I": 0.003971877958254832,
    "V/I": 0.00986093664844841,
    "V/L": 0.003494008006611435,
    "V/F": 0.0012089640793253875,
    "V/D": 0.000618465783402781,
    "V/A": 0.004543845795083613,
    "V/G": 0.0012890305968607143,
    "V/E": 0.0005064767658893212,
    "V/M": 0.008187738566115293,
    "S/T": 0.0019434035161997505,
    "S/P": 0.0031640443234420396,
    "S/A": 0.0009257966331893956,
    "S/Y": 0.001075922751785354,
    "S/C": 0.0017038364510318686,
    "S/F": 0.00316987334998244,
    "S/L": 0.004077648359039187,
    "S/W": 0.0002582640741377052,
    "S/R": 0.00230426573827201,
    "S/G": 0.001976216504202963,
    "S/N": 0.0030533351098423886,
    "S/I": 0.0006843522466712356,
    "P/T": 0.02008293334927902,
    "P/A": 0.014443660174933554,
    "P/S": 0.0561729707797015,
    "P/H": 0.008167681698094847,
    "P/R": 0.01346757800849334,
    "P/L": 0.085373385069438,
    "P/Q": 0.006896295345457352,
    "T/P": 0.001092351155667613,
    "T/A": 0.003884003609906625,
    "T/S": 0.0018486169489657267,
    "T/N": 0.0011002924992940845,
    "T/I": 0.005312801107494282,
    "T/K": 0.0010077413639402394,
    "T/R": 0.0009622821109710969,
    "T/M": 0.008398439390347288,
    "A/T": 0.02083416417460438,
    "A/P": 0.0032401854718334083,
    "A/S": 0.004583665291812524,
    "A/D": 0.0024590070140872605,
    "A/G": 0.0032371878389362506,
    "A/V": 0.01801873140606336,
    "A/E": 0.001770659714407475,
    "Y/N": 0.00021382129097815354,
    "Y/H": 0.0011056778388971512,
    "Y/D": 0.00019995743018372334,
    "Y/S": 0.00022315825664290608,
    "Y/C": 0.001385876576750149,
    "Y/F": 0.00022282262041058008,
    "H/N": 0.0006434571296341661,
    "H/D": 0.000538480973024257,
    "H/Y": 0.0020127514880751017,
    "H/P": 0.000544281459269646,
    "H/R": 0.002751751774387846,
    "H/L": 0.0005222948856531914,
    "H/Q": 0.001560817770000734,
    "Q/K": 0.002757021103274522,
    "Q/E": 0.00226269686395613,
    "Q/P": 0.001979153335692234,
    "Q/R": 0.006931365677067758,
    "Q/L": 0.0012621779508050052,
    "Q/H": 0.004062322003597884,
    "N/H": 0.0006550279303122554,
    "N/D": 0.0015261113913523354,
    "N/Y": 0.00041908830884856925,
    "N/T": 0.0005946365894208576,
    "N/S": 0.0026333323859143907,
    "N/I": 0.0005929025263479623,
    "N/K": 0.0022338237838218844,
    "K/Q": 0.0027180485088917493,
    "K/E": 0.00639476739605961,
    "K/T": 0.0024556740971677948,
    "K/R": 0.006300841920132724,
    "K/I": 0.0008564759640155864,
    "K/N": 0.005219823570410476,
    "K/M": 0.0009116714059470276,
    "D/N": 0.015130816704260789,
    "D/H": 0.0032703886285758987,
    "D/Y": 0.0026988137187660415,
    "D/A": 0.0016362072839209618,
    "D/G": 0.006540144602884996,
    "D/V": 0.0024846301657580143,
    "D/E": 0.00674526388397091,
    "E/K": 0.01855352344165871,
    "E/Q": 0.00440249459715094,
    "E/A": 0.0020115706670672585,
    "E/G": 0.005714127031766524,
    "E/V": 0.0014896875940739146,
    "E/D": 0.005577533494386117,
    "C/S": 0.0004240355682568736,
    "C/R": 0.0009064857534220499,
    "C/G": 0.0001955299923554739,
    "C/Y": 0.0010107232807821662,
    "C/F": 0.00034580633522743293,
    "C/W": 0.00025320717396906466,
    "W/R": 0.00021049372421703985,
    "W/G": 3.788299253399064e-05,
    "W/S": 3.5417497037253074e-05,
    "W/L": 4.883360391062648e-05,
    "W/C": 0.00012148742687194933,
    "R/S": 0.004157745474608887,
    "R/G": 0.008032862210434678,
    "R/C": 0.029919919045492883,
    "R/H": 0.035992537702589866,
    "R/P": 0.004691387223319405,
    "R/L": 0.004808206565914559,
    "R/Q": 0.040583699317257235,
    "R/W": 0.020425352937954958,
    "R/K": 0.004068211421918189,
    "R/T": 0.0017767561380433508,
    "R/I": 0.0010751252476528805,
    "R/M": 0.00033681237178577743,
    "G/S": 0.06672750452455621,
    "G/R": 0.08609696603928801,
    "G/C": 0.011145366117098618,
    "G/D": 0.04294893332648494,
    "G/A": 0.021418239698197866,
    "G/V": 0.0297766882163159,
    "G/E": 0.04055115675313916,
    "G/W": 0.004154497141404788
}