{
    "F/I": 0.00040827349860932897,
    "F/L": 0.0029613491388009216,
    "F/V": 0.0004867817641433983,
    "F/Y": 0.0003120870955029048,
    "F/S": 0.0011067600091023515,
    "F/C": 0.0005228900411409716,
    "L/I": 0.0013559687103359666,
    "L/V": 0.00296727731377171,
    "L/S": 0.001583620667940241,
    "L/F": 0.005078884835682909,
    "L/M": 0.0010649244682044779,
    "L/W": 0.00035915530499033073,
    "L/H": 0.0005506516712037316,
    "L/P": 0.005599470868599003,
    "L/R": 0.0012968457050526658,
    "L/Q": 0.0006312081387112262,
    "I/L": 0.0013982482502589357,
    "I/V": 0.006895118887787675,
    "I/F": 0.0011995958223291908,
    "I/N": 0.0012079862096742262,
    "I/T": 0.005623407543880293,
    "I/S": 0.0007583707971136838,
    "I/M": 0.0021726586081731204,
    "I/K": 0.00023922243050563711,
    "I/R": 0.00021995386020902147,
    "M/L": 0.001514606062141993,
    "M/V": 0.0039776629934538225,
    "M/K": 0.000903134608399316,
    "M/T": 0.005100497195944889,
    "M/R": 0.0008139164093381379,
    "M/I": 0.004224757431396435,
    "V/I": 0.007802237981785557,
    "V/L": 0.0036432394824612714,
    "V/F": 0.0010777985689784698,
    "V/D": 0.0005702070084950007,
    "V/A": 0.00459129190016794,
    "V/G": 0.0012956802083405597,
    "V/E": 0.0005576192746524253,
    "V/M": 0.009915184082562803,
    "S/T": 0.0021094419709355504,
    "S/P": 0.003232240900269547,
    "S/A": 0.000940833579671563,
    "S/Y": 0.0010630499924046113,
    "S/C": 0.001739221678083239,
    "S/F": 0.0032251856588273657,
    "S/L": 0.004262689011073331,
    "S/W": 0.00026790910123002565,
    "S/R": 0.0027892254555050757,
    "S/G": 0.0023481922725713893,
    "S/N": 0.003575519443911154,
    "S/I": 0.0008017524548204903,
    "P/T": 0.019789060941240152,
    "P/A": 0.013974794088183095,
    "P/S": 0.05457600779082538,
    "P/H": 0.007634850924525109,
    "P/R": 0.013272448362812132,
    "P/L": 0.0904283775864435,
    "P/Q": 0.007470778521454909,
    "T/P": 0.0011299904395395825,
    "T/A": 0.004001119776672356,
    "T/S": 0.0018595253092947787,
    "T/N": 0.0011299500914738548,
    "T/I": 0.005443571339738718,
    "T/K": 0.0010542328392214812,
    "T/R": 0.0010073117199738042,
    "T/M": 0.008626109643003595,
    "A/T": 0.020462032853934792,
    "A/P": 0.0030417790138394553,
    "A/S": 0.004177635667587475,
    "A/D": 0.002120524233568034,
    "A/G": 0.003111955776350491,
    "A/V": 0.020191663568341497,
    "A/E": 0.0021713390740017106,
    "Y/N": 0.00019541183987069417,
    "Y/H": 0.0010387563104214289,
    "Y/D": 0.0001838253670049431,
    "Y/S": 0.00020452679670495747,
    "Y/C": 0.0012766374859580912,
    "Y/F": 0.00020483478077512984,
    "H/N": 0.0008151967931007784,
    "H/D": 0.0006646692465873085,
    "H/Y": 0.0024974150634886156,
    "H/P": 0.0006910744274955168,
    "H/R": 0.0035282093163036517,
    "H/L": 0.0006684240110124023,
    "H/Q": 0.0019468931064899888,
    "Q/K": 0.0031398332503019604,
    "Q/E": 0.0025659982789683093,
    "Q/P": 0.0022529204828588036,
    "Q/R": 0.007821222691430806,
    "Q/L": 0.0014249729620001573,
    "Q/H": 0.0045811684192662815,
    "N/H": 0.0007048751851425339,
    "N/D": 0.0016430334108667843,
    "N/Y": 0.0004467595783761451,
    "N/T": 0.0006460482973443122,
    "N/S": 0.002811517200186198,
    "N/I": 0.0006383414406650919,
    "N/K": 0.002338265882791412,
    "K/Q": 0.00292348306936448,
    "K/E": 0.006898544185709616,
    "K/T": 0.002646747866007991,
    "K/R": 0.006912846158783367,
    "K/I": 0.0008824258293364352,
    "K/N": 0.005750345904363055,
    "K/M": 0.0010383704275086275,
    "D/N": 0.01504599346545714,
    "D/H": 0.003127705862711734,
    "D/Y": 0.0025831182125287946,
    "D/A": 0.0015462619559374466,
    "D/G": 0.006161254773872144,
    "D/V": 0.002332611013867342,
    "D/E": 0.006480992483443062,
    "E/K": 0.019179553152981928,
    "E/Q": 0.004680690946984659,
    "E/A": 0.0021031241400260928,
    "E/G": 0.006009476403132861,
    "E/V": 0.00158908149881426,
    "E/D": 0.005973935851802415,
    "C/S": 0.0006109104891740918,
    "C/R": 0.001310790216123366,
    "C/G": 0.0002804655759048865,
    "C/Y": 0.0014474663295106736,
    "C/F": 0.0005027392075959362,
    "C/W": 0.0003959046677907612,
    "W/R": 0.00028267700815954547,
    "W/G": 4.997458513016471e-05,
    "W/S": 4.7959062598158705e-05,
    "W/L": 6.612589998610094e-05,
    "W/C": 0.00016051894540339406,
    "R/S": 0.0037688972853570845,
    "R/G": 0.007842543361794746,
    "R/C": 0.02370692927403446,
    "R/H": 0.02748691321693664,
    "R/P": 0.00450973382483549,
    "R/L": 0.004625161112559166,
    "R/Q": 0.045049630365633836,
    "R/W": 0.023626691696401185,
    "R/K": 0.004006523897436229,
    "R/T": 0.0017488834076905498,
    "R/I": 0.0010574632765392984,
    "R/M": 0.00033238508379619176,
    "G/S": 0.06399121278556222,
    "G/R": 0.08672585057904918,
    "G/C": 0.010186101163772714,
    "G/D": 0.03758230469927954,
    "G/A": 0.020636659225335807,
    "G/V": 0.02766029582024979,
    "G/E": 0.04189751173931325,
    "G/W": 0.004586515437828
}