{
    "F/I": 0.0006652835200887692,
    "F/L": 0.0048607704499534525,
    "F/V": 0.0008096718135355291,
    "F/Y": 0.0005106627493864597,
    "F/S": 0.0018260214530872285,
    "F/C": 0.0008561700537785149,
    "L/I": 0.0015652209628822438,
    "L/V": 0.0036291746361094097,
    "L/S": 0.001808480003656117,
    "L/F": 0.005739087577840872,
    "L/M": 0.0014188172442104437,
    "L/W": 0.0004525506108388906,
    "L/H": 0.0006395361573901818,
    "L/P": 0.007093150438248742,
    "L/R": 0.0016267286167336505,
    "L/Q": 0.0008491090512330311,
    "I/L": 0.0011764548811157665,
    "I/V": 0.005856345827579944,
    "I/F": 0.000950338855429497,
    "I/N": 0.0009966519663405847,
    "I/T": 0.004334833882665681,
    "I/S": 0.0005820212507764099,
    "I/M": 0.001807206673876547,
    "I/K": 0.00020262519966053347,
    "I/R": 0.00018630441445961285,
    "M/L": 0.0014287856986661786,
    "M/V": 0.0038164749750409194,
    "M/K": 0.0008402218893510842,
    "M/T": 0.004745194515579796,
    "M/R": 0.0007572186658199458,
    "M/I": 0.004160294175733945,
    "V/I": 0.015437533411319194,
    "V/L": 0.005650627987663575,
    "V/F": 0.0017733651686529877,
    "V/D": 0.0008578208059849031,
    "V/A": 0.0068269388230794105,
    "V/G": 0.001901588716497059,
    "V/E": 0.0008304259953785577,
    "V/M": 0.013973466418952786,
    "S/T": 0.011761707326843687,
    "S/P": 0.018097204254478087,
    "S/A": 0.005432333991093493,
    "S/Y": 0.006089415650875836,
    "S/C": 0.009975085405867445,
    "S/F": 0.018836556783588237,
    "S/L": 0.0316786571898196,
    "S/W": 0.0021916494311069205,
    "S/R": 0.015398169193386125,
    "S/G": 0.014446121906291673,
    "S/N": 0.020988872393766244,
    "S/I": 0.00471004303458377,
    "P/T": 0.0086341749675858,
    "P/A": 0.006306834224879412,
    "P/S": 0.024376832778069547,
    "P/H": 0.003859101338805623,
    "P/R": 0.006322340022185031,
    "P/L": 0.04570164199090918,
    "P/Q": 0.0033710481811845246,
    "T/P": 0.0038371820146605898,
    "T/A": 0.013919865823984799,
    "T/S": 0.006605201952836569,
    "T/N": 0.004890322440150162,
    "T/I": 0.019280291322907563,
    "T/K": 0.0032449216348572774,
    "T/R": 0.0030989717108548813,
    "T/M": 0.026935136298561445,
    "A/T": 0.03613248267495361,
    "A/P": 0.004759969069391814,
    "A/S": 0.006841049727425243,
    "A/D": 0.003485702112773223,
    "A/G": 0.004688482638934854,
    "A/V": 0.03020640078083963,
    "A/E": 0.003065954060713256,
    "Y/N": 0.00048471979226520504,
    "Y/H": 0.002356959919723315,
    "Y/D": 0.0004503489980796745,
    "Y/S": 0.0005112583103336724,
    "Y/C": 0.0030623220111067554,
    "Y/F": 0.0004997587315378545,
    "H/N": 0.002506979588969706,
    "H/D": 0.0020095803568033923,
    "H/Y": 0.007628785412344257,
    "H/P": 0.0021176012086195966,
    "H/R": 0.009907266894181692,
    "H/L": 0.0019094543891577703,
    "H/Q": 0.006203129055601575,
    "Q/K": 0.003844980257146644,
    "Q/E": 0.0030734120201183373,
    "Q/P": 0.0026237020948487954,
    "Q/R": 0.010099450327029177,
    "Q/L": 0.001829097959773119,
    "Q/H": 0.0065118559135185885,
    "N/H": 0.0019720602123444522,
    "N/D": 0.004770836440764765,
    "N/Y": 0.001272915544280643,
    "N/T": 0.0018510157737985156,
    "N/S": 0.00779819233969556,
    "N/I": 0.0017986752239323414,
    "N/K": 0.006167782135223786,
    "K/Q": 0.001649063684438181,
    "K/E": 0.004017134165802526,
    "K/T": 0.0014734130960883025,
    "K/R": 0.0038676409853919706,
    "K/I": 0.00048477108392531694,
    "K/N": 0.0036362582097529622,
    "K/M": 0.0005869077684288417,
    "D/N": 0.017712062985579903,
    "D/H": 0.0033704834094419856,
    "D/Y": 0.0027940983765206194,
    "D/A": 0.0016969251543863728,
    "D/G": 0.006606538372099633,
    "D/V": 0.0024363203918737327,
    "D/E": 0.006253323651860696,
    "E/K": 0.019701058262860685,
    "E/Q": 0.003862594350973657,
    "E/A": 0.001733784797872043,
    "E/G": 0.0049899210888785135,
    "E/V": 0.0013420713952842207,
    "E/D": 0.005032516137372904,
    "C/S": 0.0010260051828711056,
    "C/R": 0.0021735784921313992,
    "C/G": 0.0004905891511360176,
    "C/Y": 0.0024734638132380554,
    "C/F": 0.0008963821770251582,
    "C/W": 0.0006355129502632456,
    "W/R": 0.0013676017229921997,
    "W/G": 0.00026253734434664557,
    "W/S": 0.00022920157468021767,
    "W/L": 0.00031602286581270436,
    "W/C": 0.0008252153202364392,
    "R/S": 0.0052327995000124045,
    "R/G": 0.00847529560782298,
    "R/C": 0.031677490590745164,
    "R/H": 0.034535930508064236,
    "R/P": 0.004135664227175543,
    "R/L": 0.004839820986056613,
    "R/Q": 0.03549408259493859,
    "R/W": 0.023440567405258267,
    "R/K": 0.005190953735088281,
    "R/T": 0.0019795716307056976,
    "R/I": 0.0009520668640981091,
    "R/M": 0.0006396941905844694,
    "G/S": 0.028978811221420143,
    "G/R": 0.030497961250550935,
    "G/C": 0.0037839828644889023,
    "G/D": 0.012233092750828489,
    "G/A": 0.006251856799560538,
    "G/V": 0.008374357636908313,
    "G/E": 0.011629701775194826,
    "G/W": 0.0018382591179684988
}