{
    "F/I": 0.0009004419703550979,
    "F/L": 0.0067988074206697,
    "F/V": 0.001078556598238489,
    "F/Y": 0.0006912620401097874,
    "F/S": 0.0025153876402426337,
    "F/C": 0.0011606227877353974,
    "L/I": 0.002790086143691208,
    "L/V": 0.007108501293213334,
    "L/S": 0.0032760428502739236,
    "L/F": 0.010223392908344306,
    "L/M": 0.0031934550313675618,
    "L/W": 0.0008203464236134964,
    "L/H": 0.0011467394678353203,
    "L/P": 0.015575590617455972,
    "L/R": 0.0034852327557962147,
    "L/Q": 0.002038072037634896,
    "I/L": 0.00205947842030615,
    "I/V": 0.010049673152101082,
    "I/F": 0.0018595988267047037,
    "I/N": 0.0019772181149925864,
    "I/T": 0.008349364614306092,
    "I/S": 0.001165886272457571,
    "I/M": 0.003479377801731366,
    "I/K": 0.0003504440016041855,
    "I/R": 0.0003222169040629355,
    "M/L": 0.0022974057482182193,
    "M/V": 0.005641902173230375,
    "M/K": 0.0014214925040364958,
    "M/T": 0.008027948949653278,
    "M/R": 0.0012810671455023188,
    "M/I": 0.006933511128079028,
    "V/I": 0.01589269571362452,
    "V/L": 0.007089134668856895,
    "V/F": 0.0019301175806694666,
    "V/D": 0.0009217890998349962,
    "V/A": 0.008432973819226725,
    "V/G": 0.002333249658264954,
    "V/E": 0.001125186427778021,
    "V/M": 0.01883026994634399,
    "S/T": 0.003055109691239645,
    "S/P": 0.004211110867461164,
    "S/A": 0.001246032897565438,
    "S/Y": 0.001404953697685335,
    "S/C": 0.0024027677665290205,
    "S/F": 0.0043659082030489465,
    "S/L": 0.009971347509809828,
    "S/W": 0.0007380686735583364,
    "S/R": 0.0043984336116068,
    "S/G": 0.0036133530131417318,
    "S/N": 0.005934569608320511,
    "S/I": 0.0013315179406987948,
    "P/T": 0.002702913674837848,
    "P/A": 0.0019444815936394235,
    "P/S": 0.007552526001787532,
    "P/H": 0.0012970734550885755,
    "P/R": 0.002248482801649558,
    "P/L": 0.018196204875734454,
    "P/Q": 0.0012894564403099433,
    "T/P": 0.0019752994200059057,
    "T/A": 0.007086906141573286,
    "T/S": 0.0034527170187010586,
    "T/N": 0.0025855653201333844,
    "T/I": 0.010081747258946495,
    "T/K": 0.002042565999606898,
    "T/R": 0.0019401092160068094,
    "T/M": 0.019617064514065967,
    "A/T": 0.03701067793119289,
    "A/P": 0.004981194944300483,
    "A/S": 0.007099560335156334,
    "A/D": 0.003708374806515683,
    "A/G": 0.005277899964989541,
    "A/V": 0.03787134629286191,
    "A/E": 0.0036811901339746903,
    "Y/N": 0.0007367184024280074,
    "Y/H": 0.003703074402690499,
    "Y/D": 0.0007069000633142514,
    "Y/S": 0.00081099218386143,
    "Y/C": 0.004883391034158774,
    "Y/F": 0.0007951998758826971,
    "H/N": 0.0018321539522344605,
    "H/D": 0.0013967377278600404,
    "H/Y": 0.005321209773357458,
    "H/P": 0.0015099470375442826,
    "H/R": 0.007033108163076307,
    "H/L": 0.0013567355879327155,
    "H/Q": 0.0045107309556301324,
    "Q/K": 0.00529963506405478,
    "Q/E": 0.003951550232575155,
    "Q/P": 0.0034005536604636366,
    "Q/R": 0.01337795431858427,
    "Q/L": 0.002419991316254838,
    "Q/H": 0.008609570649542753,
    "N/H": 0.0013933954094525964,
    "N/D": 0.0033576812871598375,
    "N/Y": 0.0008793616149391165,
    "N/T": 0.0013946067658623515,
    "N/S": 0.005873422390768106,
    "N/I": 0.001354942203678641,
    "N/K": 0.004820064784330216,
    "K/Q": 0.0038540365297277785,
    "K/E": 0.009380610715284864,
    "K/T": 0.003662789237906681,
    "K/R": 0.009934492096816521,
    "K/I": 0.0010981970706827637,
    "K/N": 0.009305375893356525,
    "K/M": 0.001605506931665265,
    "D/N": 0.014222624660790264,
    "D/H": 0.002796791074308068,
    "D/Y": 0.002356856384813947,
    "D/A": 0.0015136803287687899,
    "D/G": 0.005960812606798212,
    "D/V": 0.0022271792966409116,
    "D/E": 0.005813356762290763,
    "E/K": 0.03858980715676203,
    "E/Q": 0.008089283273561293,
    "E/A": 0.0038994335073006896,
    "E/G": 0.011234510152902588,
    "E/V": 0.00302895044488672,
    "E/D": 0.011319155737855364,
    "C/S": 0.0018705394525103639,
    "C/R": 0.0038895758508199338,
    "C/G": 0.0008818020104883391,
    "C/Y": 0.004502666161254445,
    "C/F": 0.001611183063363956,
    "C/W": 0.0012294100352597964,
    "W/R": 0.0019315295014749416,
    "W/G": 0.00036989626990864327,
    "W/S": 0.0003354773355561655,
    "W/L": 0.0004625557618685049,
    "W/C": 0.001202715544671932,
    "R/S": 0.008029923376539122,
    "R/G": 0.012968742133306035,
    "R/C": 0.057854408333748934,
    "R/H": 0.06464155559131304,
    "R/P": 0.008281736292768823,
    "R/L": 0.009939190630742507,
    "R/Q": 0.07733370149318244,
    "R/W": 0.053527504336324985,
    "R/K": 0.00643639501916945,
    "R/T": 0.0024184407383935863,
    "R/I": 0.0011278179802001725,
    "R/M": 0.0008195153694316375,
    "G/S": 0.010352131285927822,
    "G/R": 0.01105973739029389,
    "G/C": 0.0013492445296051615,
    "G/D": 0.0043206443461268175,
    "G/A": 0.0021765184227197786,
    "G/V": 0.0029046203464308485,
    "G/E": 0.003956004108226121,
    "G/W": 0.0007006662877069652
}