{
    "F/I": 0.000541915457380542,
    "F/L": 0.0039790090704743784,
    "F/V": 0.0006527575282566451,
    "F/Y": 0.0004073043054082181,
    "F/S": 0.001440394342544401,
    "F/C": 0.0006822688849105926,
    "L/I": 0.0015185859568739952,
    "L/V": 0.0034621415373273256,
    "L/S": 0.0019347954381635768,
    "L/F": 0.005293061812179066,
    "L/M": 0.0013162948965575827,
    "L/W": 0.0004693954437064012,
    "L/H": 0.0005573115053948911,
    "L/P": 0.006610315625025688,
    "L/R": 0.0014900515670851614,
    "L/Q": 0.0008066761010707774,
    "I/L": 0.0014054098486057684,
    "I/V": 0.006606561408942182,
    "I/F": 0.0010183852844613322,
    "I/N": 0.001022972570437529,
    "I/T": 0.005403403969088335,
    "I/S": 0.0006374714409158397,
    "I/M": 0.002170057252430634,
    "I/K": 0.00030610101940971583,
    "I/R": 0.0002814456014462112,
    "M/L": 0.0012014795141684304,
    "M/V": 0.0031406270828193577,
    "M/K": 0.0007449441886424999,
    "M/T": 0.004207109006752341,
    "M/R": 0.0006713531887033339,
    "M/I": 0.0036193706521654248,
    "V/I": 0.013789462938641734,
    "V/L": 0.005682453290033437,
    "V/F": 0.0017278007431840835,
    "V/D": 0.0008413054288747452,
    "V/A": 0.007094983971116001,
    "V/G": 0.0019648681185094677,
    "V/E": 0.000879689697593752,
    "V/M": 0.012512792896692762,
    "S/T": 0.008262811547218966,
    "S/P": 0.011912861534627906,
    "S/A": 0.0035283329609356357,
    "S/Y": 0.0037764118940985217,
    "S/C": 0.006503273430770771,
    "S/F": 0.011467779487174248,
    "S/L": 0.02001200000993182,
    "S/W": 0.0013363919315048896,
    "S/R": 0.010823682433857484,
    "S/G": 0.010139952187901573,
    "S/N": 0.015154794732170788,
    "S/I": 0.0033977945253728615,
    "P/T": 0.007807480440972369,
    "P/A": 0.005471261160608003,
    "P/S": 0.02142627210481122,
    "P/H": 0.0032026470473769495,
    "P/R": 0.00537661081493031,
    "P/L": 0.037676092131908534,
    "P/Q": 0.0029647769846277614,
    "T/P": 0.002983689567913772,
    "T/A": 0.010767817866785906,
    "T/S": 0.005118575914611611,
    "T/N": 0.003546684339111949,
    "T/I": 0.015190647267955944,
    "T/K": 0.0025835623559870677,
    "T/R": 0.0024752019969523915,
    "T/M": 0.019472982511635716,
    "A/T": 0.028046125190696547,
    "A/P": 0.0041360132949813805,
    "A/S": 0.005780113609995381,
    "A/D": 0.0028600812864069745,
    "A/G": 0.0042107448639215304,
    "A/V": 0.027476654326989473,
    "A/E": 0.0030369695861825127,
    "Y/N": 0.000454776158868692,
    "Y/H": 0.002209737136176962,
    "Y/D": 0.00042221036171426126,
    "Y/S": 0.00046345030269496064,
    "Y/C": 0.0028892560726783835,
    "Y/F": 0.00046380951094830507,
    "H/N": 0.0014867565611833306,
    "H/D": 0.001170767448320526,
    "H/Y": 0.004431477287788786,
    "H/P": 0.001233085276390994,
    "H/R": 0.005788906924075982,
    "H/L": 0.0011149316283081607,
    "H/Q": 0.0034389632453551535,
    "Q/K": 0.003489319500969238,
    "Q/E": 0.0027665713625025187,
    "Q/P": 0.002360931301258301,
    "Q/R": 0.008926526926715556,
    "Q/L": 0.0016182804279867818,
    "Q/H": 0.005706613123781895,
    "N/H": 0.0017913841953244216,
    "N/D": 0.004292886327842495,
    "N/Y": 0.0011978018874496427,
    "N/T": 0.0016727852649454317,
    "N/S": 0.007304778774602713,
    "N/I": 0.0016557760286947266,
    "N/K": 0.005466071006521353,
    "K/Q": 0.004653154335208506,
    "K/E": 0.01109184806749653,
    "K/T": 0.004320981696029838,
    "K/R": 0.011162626679577467,
    "K/I": 0.0014817371288519028,
    "K/N": 0.01063755780942731,
    "K/M": 0.0016388529071190046,
    "D/N": 0.026706407496197414,
    "D/H": 0.005475339177321809,
    "D/Y": 0.004570320649068467,
    "D/A": 0.002767150207132873,
    "D/G": 0.011143810239093712,
    "D/V": 0.004268256077260911,
    "D/E": 0.01041353140137093,
    "E/K": 0.03552809012132758,
    "E/Q": 0.008114956846230533,
    "E/A": 0.0038154886708437505,
    "E/G": 0.010890324699880551,
    "E/V": 0.0028721037658283165,
    "E/D": 0.010461972586457396,
    "C/S": 0.0008842133970009095,
    "C/R": 0.001879019735473195,
    "C/G": 0.0004248872257382223,
    "C/Y": 0.0021203558684409146,
    "C/F": 0.0007389251560805329,
    "C/W": 0.0005413155173693414,
    "W/R": 0.0013379838176720625,
    "W/G": 0.00025332152663143847,
    "W/S": 0.00021776267146772287,
    "W/L": 0.0003002509193066178,
    "W/C": 0.0007640130729463354,
    "R/S": 0.0074314606784323745,
    "R/G": 0.012414765072632608,
    "R/C": 0.0393945160850005,
    "R/H": 0.04266014908883553,
    "R/P": 0.005858697122999918,
    "R/L": 0.006707191668907025,
    "R/Q": 0.05641870338235488,
    "R/W": 0.038813578735108746,
    "R/K": 0.008272770687498907,
    "R/T": 0.0031935810638769485,
    "R/I": 0.0015738820049110774,
    "R/M": 0.0009911770509594836,
    "G/S": 0.01918018962773972,
    "G/R": 0.02154541184310892,
    "G/C": 0.002757779174525445,
    "G/D": 0.009524591845161749,
    "G/A": 0.00486007545546253,
    "G/V": 0.006618576824471739,
    "G/E": 0.009117999036568415,
    "G/W": 0.0013510701115689065
}