{
    "F/I": 0.0005038689282184814,
    "F/L": 0.0037005215552999723,
    "F/V": 0.0006099684622231466,
    "F/Y": 0.0003796595991482837,
    "F/S": 0.001390296408025023,
    "F/C": 0.000637779932663722,
    "L/I": 0.0016202857753955617,
    "L/V": 0.003782134015269313,
    "L/S": 0.001822910516919731,
    "L/F": 0.006035723423801192,
    "L/M": 0.0015181707869069945,
    "L/W": 0.00048031736744679593,
    "L/H": 0.0006687944364943305,
    "L/P": 0.007736825723809471,
    "L/R": 0.0017603544760661529,
    "L/Q": 0.000941539749828992,
    "I/L": 0.0010721022861314737,
    "I/V": 0.004959567976016406,
    "I/F": 0.0008389691490065758,
    "I/N": 0.0008674309537438013,
    "I/T": 0.004153406325983019,
    "I/S": 0.0005177092561525813,
    "I/M": 0.0017024461865622336,
    "I/K": 0.0002212338139199161,
    "I/R": 0.00020341416679696859,
    "M/L": 0.0027244705229028487,
    "M/V": 0.006840380142937514,
    "M/K": 0.0016125200956478385,
    "M/T": 0.009106786684693294,
    "M/R": 0.0014532236435512433,
    "M/I": 0.0078707520707651,
    "V/I": 0.014397027584425336,
    "V/L": 0.0055607388467338375,
    "V/F": 0.0017851157541491382,
    "V/D": 0.000857823557360485,
    "V/A": 0.007106237950013799,
    "V/G": 0.0019650807257208442,
    "V/E": 0.000890502528945995,
    "V/M": 0.01004801164957846,
    "S/T": 0.005261629263519819,
    "S/P": 0.008194574515494992,
    "S/A": 0.0024779494546358803,
    "S/Y": 0.0028451341280915005,
    "S/C": 0.004557662327754646,
    "S/F": 0.008857631284275849,
    "S/L": 0.015377534541362817,
    "S/W": 0.0010963632745849322,
    "S/R": 0.0067257742870263605,
    "S/G": 0.006090042256123475,
    "S/N": 0.009330735141693929,
    "S/I": 0.002093493462959474,
    "P/T": 0.01588390367326908,
    "P/A": 0.011047768208425388,
    "P/S": 0.04332342915757105,
    "P/H": 0.006210963385055975,
    "P/R": 0.0115849560060091,
    "P/L": 0.09430050835291252,
    "P/Q": 0.007250133356428497,
    "T/P": 0.0027079552969586414,
    "T/A": 0.009724189384261821,
    "T/S": 0.004734709996573586,
    "T/N": 0.003505346356964257,
    "T/I": 0.013462561347424675,
    "T/K": 0.0023727532312240863,
    "T/R": 0.002258123841555302,
    "T/M": 0.021684234163292595,
    "A/T": 0.033367715127712055,
    "A/P": 0.004811860741641368,
    "A/S": 0.006782762972048374,
    "A/D": 0.003451556938833963,
    "A/G": 0.005270673649711081,
    "A/V": 0.03906657970704185,
    "A/E": 0.003975866968488065,
    "Y/N": 0.0005700722678826231,
    "Y/H": 0.0027565637033760233,
    "Y/D": 0.0005324492843428191,
    "Y/S": 0.0006116136387739337,
    "Y/C": 0.0037918354538961515,
    "Y/F": 0.0006100788700040215,
    "H/N": 0.0028117848935406906,
    "H/D": 0.0021295942152181496,
    "H/Y": 0.008206392097971037,
    "H/P": 0.0023117141932104605,
    "H/R": 0.01068132735053911,
    "H/L": 0.002063904166779118,
    "H/Q": 0.006869021764108659,
    "Q/K": 0.016441136923248757,
    "Q/E": 0.01194584975924664,
    "Q/P": 0.009926630359631343,
    "Q/R": 0.03990779827809758,
    "Q/L": 0.0072107328966111404,
    "Q/H": 0.02478426014416471,
    "N/H": 0.0015065870344373867,
    "N/D": 0.00364966743919388,
    "N/Y": 0.0009649956351423541,
    "N/T": 0.0014931076672887982,
    "N/S": 0.006010330107302677,
    "N/I": 0.001417941278289098,
    "N/K": 0.005105356296494952,
    "K/Q": 0.00165810187919765,
    "K/E": 0.004010256916105112,
    "K/T": 0.0014763971369084197,
    "K/R": 0.004198718503086871,
    "K/I": 0.0003777092596085844,
    "K/N": 0.003929744663900029,
    "K/M": 0.0007361559813219097,
    "D/N": 0.008484694919729105,
    "D/H": 0.0016169136654074232,
    "D/Y": 0.0013533263376964918,
    "D/A": 0.0008258604836985356,
    "D/G": 0.00321204859408553,
    "D/V": 0.0011831393346796268,
    "D/E": 0.0031997200293485215,
    "E/K": 0.014601106310422803,
    "E/Q": 0.002994418648577604,
    "E/A": 0.001389227161319559,
    "E/G": 0.0040156589325487544,
    "E/V": 0.0010909343456948228,
    "E/D": 0.004034399262950305,
    "C/S": 0.00117170334470376,
    "C/R": 0.0025068754023659747,
    "C/G": 0.0005815116300979097,
    "C/Y": 0.0027449238153877493,
    "C/F": 0.0010260715100344588,
    "C/W": 0.000688051709053053,
    "W/R": 0.0008426135285199921,
    "W/G": 0.00016971060869646354,
    "W/S": 0.00015257167341865415,
    "W/L": 0.0002103656466709448,
    "W/C": 0.0005547502855196114,
    "R/S": 0.0034498468850017614,
    "R/G": 0.0059834774275250606,
    "R/C": 0.024938622657302113,
    "R/H": 0.027134539403866353,
    "R/P": 0.003806185395498971,
    "R/L": 0.004475372211003622,
    "R/Q": 0.03772507630725625,
    "R/W": 0.026447228205160538,
    "R/K": 0.002770468332790684,
    "R/T": 0.0009926396853683142,
    "R/I": 0.0004148707555973048,
    "R/M": 0.00038805015597257787,
    "G/S": 0.01962835604331116,
    "G/R": 0.020541664390778508,
    "G/C": 0.00277438069637811,
    "G/D": 0.009183728633293265,
    "G/A": 0.0045139418336441195,
    "G/V": 0.006073516967087449,
    "G/E": 0.008026128700504917,
    "G/W": 0.0013522992429277057
}